"relative_path","bytes","sha256"
"artifacts/direct_gru_h16_r0_seed0.pt","19405","54de21cd4e645527e5fa561d1a61d55c36a142833e6e096cd46608d148e89532"
"artifacts/direct_gru_h16_r0_seed1.pt","19405","981a3e942d8a2b3c287a58c71fa01af6ff35ac46eee083a6107228ed0cc1f726"
"artifacts/direct_gru_h16_r0_seed2.pt","19405","38802188ccf4208fd7f1d3b7f3e477626122a8348a99a05adc4f67cc015f3ddd"
"artifacts/direct_gru_h2_r0_seed0.pt","14188","df8e540c3d0d533d0c0fa4f273066f1d9a0370c38c0ba9121cf6e8d5cb0827d3"
"artifacts/direct_gru_h2_r0_seed1.pt","14188","53daf1e54dbf92b7ad19d712110b2f9e1516e4a528068648a42aa5f406a10a13"
"artifacts/direct_gru_h2_r0_seed2.pt","14188","51fb95ece39eca79609017349613534b2cd21ae41b3a3282682e024fe236d51f"
"artifacts/direct_gru_h32_r0_seed0.pt","29457","7f93d45a9f30c98f75a6032052343cf6cca7f870c26c4c2f2b4481d5e60291b5"
"artifacts/direct_gru_h32_r0_seed1.pt","29457","ab98e7592d5c3fc64d450dfe5be2a536dad06de3f729b9c026f906ec62287a5c"
"artifacts/direct_gru_h32_r0_seed2.pt","29457","27043aaf4fd309a688739d3c0882e02b1e08926af334745d03b69958898a8b84"
"artifacts/direct_gru_h4_r0_seed0.pt","15672","76c27005d421d22695dc977a5a5c0484ffe9b97fef5ed390f31a450b5fda79bc"
"artifacts/direct_gru_h4_r0_seed1.pt","15672","600c9e833ce71acd7a5046adbc8940be0fd493a1e5080d9b120ef13aea62e2d1"
"artifacts/direct_gru_h4_r0_seed2.pt","15672","fa4016750d3aa4c2bd36fcd53f2164f57af8cce3c0b21d94ada02bdb7fc77724"
"artifacts/direct_gru_h64_r0_seed0.pt","67987","2c840d1ed623ab500862fbccea4765d7a434970a8d71def3e19d7032d88379ed"
"artifacts/direct_gru_h64_r0_seed1.pt","67987","f0ff553b2d27dfb7cd5aef0f867d63513f7c77beced6e5a1879e7040eda558d3"
"artifacts/direct_gru_h64_r0_seed2.pt","67987","653a9343f08e73a4db2088e035d3e3fce7e0745622a4029ccb51ff092b46d4eb"
"artifacts/direct_gru_h8_r0_seed0.pt","16504","792af5b803756500726095c6326b33af5b00577a442aabcf47ff8988ea665dba"
"artifacts/direct_gru_h8_r0_seed1.pt","16504","7ecd25d6e132ec7ff7702dfee0f511bf60bbac7049396181725c1b8eaef92bcb"
"artifacts/direct_gru_h8_r0_seed2.pt","16504","327bfec2b5d82f1ce104de4cefe99b1fc1bd85cbd38c28947c7e6c2ca3650372"
"artifacts/direct_low_rank_h8_r1_seed0.pt","9851","140d06d6a6689237e3f3f36f7af167f9f64b166fd5971afe895b888d7959c3bd"
"artifacts/direct_low_rank_h8_r1_seed1.pt","9851","7f3a601f1a1bf48e25b357cbd6cc52efc8205b22a5075e80dd66f3d2e357375e"
"artifacts/direct_low_rank_h8_r1_seed2.pt","9851","23653346d3e633d28d49cf4e190c7b77ab69e621d7108e0f7b50dcc8a6966ba9"
"artifacts/direct_low_rank_h8_r2_seed0.pt","10145","42b8296725b2c59ea250d77baa578db60c8b43977384688c2dfa8e609ca9a6f4"
"artifacts/direct_low_rank_h8_r2_seed1.pt","10145","b5c9b59158e8b0b8513305af5c6e91c79c2dc1e2d703c78ef9ff7b1feda080ba"
"artifacts/direct_low_rank_h8_r2_seed2.pt","10145","f29110df96b0100f0afdc9d86e42f9be41f2d63a1db3fdbcb0ee62de3449f520"
"artifacts/direct_low_rank_h8_r4_seed0.pt","10273","8d866fe37e56266bd59bac9b34ba37ff28caa4c27480cadd763fdfd23800ce62"
"artifacts/direct_low_rank_h8_r4_seed1.pt","10273","57a36f34da629e7f97319c5b4a15233cd200fa0dade21249827d1419dca5a9fa"
"artifacts/direct_low_rank_h8_r4_seed2.pt","10273","47d254788822543b618fbc9688917a465d4adc22d92510b3bda7f09a90623bbc"
"artifacts/direct_low_rank_h8_r8_seed0.pt","10593","553c86b65e2fb6a313166eff83b6af33677204f3a216edfdf3780ff812e8c8ab"
"artifacts/direct_low_rank_h8_r8_seed1.pt","10593","fcbcb335d0a72fbe5443202cd6dfeda5934b05ddbdbc09d028a1fbd9f17dd085"
"artifacts/direct_low_rank_h8_r8_seed2.pt","10593","1714cd81177681658c03286349318b2bd3f8dd82a13833df7d4cbbc58078bd06"
"artifacts/gru_student.pt","14875","0d4238b3113353174bbb1aab09780e7ef3522d86b3aff81f6d8408c67492f6a4"
"artifacts/low_rank_student.pt","9677","31147f0328c71f3fef5fdd850ae1b0cc0961bf571a0cf63efe91fa19bd07d9e7"
"artifacts/ngspice/crosstalk_held_out/osdi_output.txt","564570","680999b03ac6092d2dc6b5fd3ef5e6fdd96d577dc51ef769eaea376cebba3ef6"
"artifacts/ngspice/crosstalk_held_out/osdi_validation.cir","30290","11cb64780861d2d4c42f64bb51d2d607f95fb0e339740ef4a9cc99c722bde5be"
"artifacts/ngspice/dc_read/osdi_output.txt","563006","0cafd2bdc4a196ce0905d7b3421615e39539de9ed3e27f8b2e33fa8f86749a8e"
"artifacts/ngspice/dc_read/osdi_validation.cir","39344","9666903afb4ce60773ba38978f1dadf841d1d6321ba9f22e198cf69f1029ef4b"
"artifacts/ngspice/ood_pulse/osdi_output.txt","563822","752c27705ac9aad19e448fdabaaa9d865ab209fd798d874aa3436c39afe25053"
"artifacts/ngspice/ood_pulse/osdi_validation.cir","30290","9e0c47f23f5d2a63082768889438f6b1050de6a787d6c50d2055324a10564a6e"
"artifacts/ngspice/pulse_train/osdi_output.txt","565182","393591f53b9d7d1a5ae0672db36d2cc50e90b2338faa0e798e52630ea44243bb"
"artifacts/ngspice/pulse_train/osdi_validation.cir","30290","4ddfbe576c0bb9da719df0a9452bbf4e53293f3f30e6fbabb4a330a86ec9848c"
"artifacts/ngspice/sinusoid/osdi_output.txt","563482","a68feb940941f3aa21b6ce08727b96d857a57549ac2fe8a06e49838b0ece8100"
"artifacts/ngspice/sinusoid/osdi_validation.cir","39010","5f138c067c01c87e266c8dbc14250fedf3afd514f789b4bb6e58911c3f680a1a"
"artifacts/psi_vortex_student.exp","2330","83260ca12d108dc303c9c978f8111732b6e80e7156859f5ad0381e6ae9b78a3b"
"artifacts/psi_vortex_student.lib","3898","8281b2ca2d7b52d65cd5a55c56d48b21310617c7fe86366bb03068d668922412"
"artifacts/psi_vortex_student.osdi","52224","b1fd9c7b07385cde86b8192a267b71f00eb6860a4f55ae191e3e57810f23acca"
"artifacts/psi_vortex_student.va","13483","c5c67dc01608f82f31c6fd8c53f3caf3c61e26c58530922239b8f05edf35cae9"
"checkpoints/architecture_selected_seed0.pt","60789","199de4067e8e40e32a3a367a1aa5a447d1721da052fe2588fa54d633971efcc7"
"checkpoints/architecture_selected_seed1.pt","1240885","edd3fc6ef8eb753497341c81653c12575741f99f6636433a2ea6d202bf709f02"
"checkpoints/architecture_selected_seed2.pt","26751","e78e801bd2a74c016ffd9ec75c0311156705b432ebed3f958215e024976f4f00"
"checkpoints/architecture_selected_seed3.pt","38391","3426a2d5bfcb33cdac196c12254b61543cf910fec11e01ed358dda0d8df8f935"
"checkpoints/architecture_selected_seed4.pt","63295","86a12e029853683247b4451695f47c1a375ccafe967b0f729a155dd29e19eeed"
"checkpoints/artifact_aging_seed0.pt","8405","0c65dc81015d3d18021193561ad060ff06d2aa3e9961838387888c09761678c0"
"checkpoints/artifact_aging_seed1.pt","8405","713157f8715d79e0e02095f66e7653623e180cf66392971ace0027299dabb24f"
"checkpoints/artifact_aging_seed2.pt","8405","0bdc1cb4bd659b9fd3a88e6c8df410bda28bc172a39b20be7f70f4728bbc6447"
"checkpoints/artifact_amplitude_jitter_seed0.pt","8645","a08a2cb05434fea37ab17a37cbdd7cd8f7e19df04a7c934380a93a220db95f83"
"checkpoints/artifact_amplitude_jitter_seed1.pt","8645","fd967650fe728f284058947abd08deee2012d0605bb41e4752d2a548ed5f8aba"
"checkpoints/artifact_amplitude_jitter_seed2.pt","8581","9055c5ed29569f6cd2f0fdea4b16c1d71d2d0594c964159973411793adeb875e"
"checkpoints/artifact_baseline_drift_seed0.pt","8613","fcb935b9e51cd8b13d3ed42505ab5a510059858ca49aa75fbc27c4e5589feb90"
"checkpoints/artifact_baseline_drift_seed1.pt","8613","1e07f50f6b6c2d39157601c9c865b7479c367a077134fbde6a0064b362ce8cd9"
"checkpoints/artifact_baseline_drift_seed2.pt","8613","81c826943eafaf1cc690c3a720c57212b69c02a60a27ee342182bbaf828f2bad"
"checkpoints/artifact_contact_drift_seed0.pt","8597","0bff107950a6bd82dd030dcd8d0572df6706a802c92e04271fd43feaa8542fa4"
"checkpoints/artifact_contact_drift_seed1.pt","8597","533c9ae3df39533a263f188a314055bb1c0d971e7d4588fb49162f630cf2e715"
"checkpoints/artifact_contact_drift_seed2.pt","8597","bc65152ed1940c07cee260f62d38ec5f478a53cdadee5ea4282adeafb48e5a93"
"checkpoints/artifact_device_variation_seed0.pt","8645","fc9294654dde565965db4d2de5fd8fc7767e50571c2f389ebba347c40004b3a7"
"checkpoints/artifact_device_variation_seed1.pt","8645","9d317ebf22d943514e66446b341a57fde97d1279ff3eccb0e47ed863e9243372"
"checkpoints/artifact_device_variation_seed2.pt","8645","d39161e590749cbf1c9390da9efd2f1566eb4f265152385a4b9071d2a879a7ae"
"checkpoints/artifact_missing_samples_seed0.pt","8565","9c1216f18c6679c6bdbd0dcd43d6513c16acd887f5ab71b634b66c9583a4e073"
"checkpoints/artifact_missing_samples_seed1.pt","8565","9135295d695a6925ba32fda96b771a3a3fa44b39839984d28be0da48e76a5246"
"checkpoints/artifact_missing_samples_seed2.pt","8565","0076ccbb7e2b7ff18b6478ef71bfaf9866f477241965a5aa9a7c03f9038be210"
"checkpoints/artifact_none_seed0.pt","8389","757faec132625025e83e2278bb85c2a603bbbdf251bdf8d07ec099733f13baa2"
"checkpoints/artifact_none_seed1.pt","8389","9f99578755f2d6b5708fba33482ffb68d82381f15c089d38e835f980c4ca26c6"
"checkpoints/artifact_none_seed2.pt","8389","6b334f606c7e6f7f4656eea2c421cb29486120250707dfa26668515f5633ba4d"
"checkpoints/artifact_read_noise_seed0.pt","8549","a97d3a9dba4065de6c622fb1599efa753b3f44116aeccef63ecbb547fa8994ef"
"checkpoints/artifact_read_noise_seed1.pt","8549","31f301deeb62af4fc1f2aba2adb7e052e404d5c585d93adfadd6e51a34fb0a27"
"checkpoints/artifact_read_noise_seed2.pt","8485","059015df333e6609838b536c0923f600731b0394d328d6cf8990bed60b2a4bc7"
"checkpoints/bic_structural_fixed_k4_seed0.pt","8549","b4b250b0d0654700244f28b6d99972b4b13248d85ded91eafc7da5478c2f28e0"
"checkpoints/bic_structural_fixed_k4_seed1.pt","8549","148e9ea36ac1fdd1ce3bd28123e78746196377dcaa9bd5a2ba91d1a67d486989"
"checkpoints/bic_structural_fixed_k4_seed2.pt","8549","b225d4d4a929c09731060afd6df4fd80d76ba6bb24bdd673bf9181e34da03972"
"checkpoints/bic_structural_fixed_rank4_seed0.pt","3820","159cdce92c230fe0571d342cfd537470c698d6135a3d54fd1b814155ede4704e"
"checkpoints/bic_structural_fixed_rank4_seed1.pt","3820","1566aca920788fdd0783a31a413e2e3ac906b7fd27e3f32044f79b85c31145b8"
"checkpoints/bic_structural_fixed_rank4_seed2.pt","3820","b284adc8ff3ae89988ccd59a0cfa39689f219d306a6a15d73755f648cc97ec10"
"checkpoints/bic_structural_full_bic_seed0.pt","8613","f1a0c133a0d9cea2a076bd40af0fd4ac35c10065e0de969b40643eeddc3aa787"
"checkpoints/bic_structural_full_bic_seed1.pt","8613","d994aba733138450287a34db297d44b287528e9ad41b888f17962ed3da710c92"
"checkpoints/bic_structural_full_bic_seed2.pt","8613","a98116dbd384a3cb223f6f8929a52e7085d9d8d7c84601fe889d0194322ea672"
"checkpoints/bic_structural_l1_seed0.pt","4145","ca21e78bb7fc00a17e3423667b44d639b55ae7dd8324620aa529885831ba8e9e"
"checkpoints/bic_structural_l1_seed1.pt","4145","57cb149e20ffc1cace516a2e6fb8a6352b504f9f836a9542e0be1fe09696fe31"
"checkpoints/bic_structural_l1_seed2.pt","4145","29cb8af76cbf1bee69da7ebfbdceb79e10d0e049a2db323448705e9e8b56b1ca"
"checkpoints/bic_structural_l2_seed0.pt","4145","fb148dce663b7560ea51417e92921600268f12a7f1b1d76dbfc0e801dcdfa38e"
"checkpoints/bic_structural_l2_seed1.pt","4145","9ae995f3cf304821f63bfd5b22a9e36c495e6bdef3ca1018a9c8c65779de22a6"
"checkpoints/bic_structural_l2_seed2.pt","4145","9eafbf647bf168885741c3492c8c22a1fecbb96786927f41c65af2a502a75939"
"checkpoints/bic_structural_no_bic_seed0.pt","4181","69b3d44a6209fae2bca2f5f9de2682b0673f79ff9da7cb3b73908df2d8c2ce9d"
"checkpoints/bic_structural_no_bic_seed1.pt","4181","488dd57fd98cd25c6c4beff06194a1159a224751d958c619a7cab54150cc9011"
"checkpoints/bic_structural_no_bic_seed2.pt","4181","b1cf7280420779e7f61b41a2da015469ab911d78c93a7f86dc7a0f91ff8cdbbc"
"checkpoints/circuit_seed42.pt","8309","fc3688553691016bbb10ed641862fd4b085dfc9faa9c537da5260914d47d061e"
"checkpoints/compression_direct_gru_h16_r0_seed0.pt","17221","a32a89aa67c81fdc0cbab2b557ac7e4970fddb7a0dcc4c142f7d0a03d613cf5b"
"checkpoints/compression_direct_gru_h16_r0_seed1.pt","17221","5ddd8894dfbde4be13a27634148ff989c518b33c02ca7f3a369a8c003f234d26"
"checkpoints/compression_direct_gru_h16_r0_seed2.pt","17221","c2b40c678a95a1cafa2569295553e7416a3543a91c7e616bcbd66d6851856edb"
"checkpoints/compression_direct_gru_h2_r0_seed0.pt","5877","9bd7dd77aaab93ffc835b9cedc879d967fc11e3294f466eb9b299642c169a6eb"
"checkpoints/compression_direct_gru_h2_r0_seed1.pt","5877","a74c9dda73ed8595fd9922677193103c6940a5815228d0d5b896528441bc1df0"
"checkpoints/compression_direct_gru_h2_r0_seed2.pt","5877","bb972602bbca8cd98544682b3bd824d874d37bdd8b22339cc173b772fca48289"
"checkpoints/compression_direct_gru_h32_r0_seed0.pt","47365","844c1cda294394c69a0bc3973420e82470ee7da73f1966796fa12a986923d028"
"checkpoints/compression_direct_gru_h32_r0_seed1.pt","47365","eb19bb9e4e0155fe243dd6969985c0736520da0a8cf9d05e1f2cce69b481d404"
"checkpoints/compression_direct_gru_h32_r0_seed2.pt","47365","738bbc4e9e55b295bf00376374c34caebeb26136945d686ef1a55265c706d70a"
"checkpoints/compression_direct_gru_h4_r0_seed0.pt","6517","b67a557731a9c9aab6be4a62bd6f034a2b28a453ceca3387676e157c1f5206c0"
"checkpoints/compression_direct_gru_h4_r0_seed1.pt","6581","5a85f8d52d810f04781676ac6904bd4a40eb2a494bc35ac26a3066401f44c3e7"
"checkpoints/compression_direct_gru_h4_r0_seed2.pt","6581","6513176b03bfadcf58c7dec20950aabeed0c00c17fa3cea912f5e7329fb31a63"
"checkpoints/compression_direct_gru_h64_r0_seed0.pt","162885","de2ef552236134e69c5591a888466a1dce66b71d2ebb6d2a35fed01b8bdf4a04"
"checkpoints/compression_direct_gru_h64_r0_seed1.pt","162885","fb22dbbda893824e606c5cea077e320f97a4c3a4d5df6ece3d3e3619678ee04f"
"checkpoints/compression_direct_gru_h64_r0_seed2.pt","162885","68b81be6ab129b8e5a0e8edd90342fa9da33376c8b5b39353c0df38a81f05e05"
"checkpoints/compression_direct_gru_h8_r0_seed0.pt","9013","6eb32fa22a4f0f954ee4f15ecad284505d3da2d7809ca2016ac71beb6fab456e"
"checkpoints/compression_direct_gru_h8_r0_seed1.pt","9013","fb71c6254ed40db045f052dbc3b0702c96536f37e0571888a06762ccdf210f08"
"checkpoints/compression_direct_gru_h8_r0_seed2.pt","9013","06484f5dea4bdd5aac42a0ce8b6b40ffd19dbe3451c6d983e7b67ed6bd491ee4"
"checkpoints/compression_direct_low_rank_h8_r1_seed0.pt","5986","e799724e2d5ecc91a7bf7a0a2dd6d7590a83395f4be0d800b2f16f4c99c1ef32"
"checkpoints/compression_direct_low_rank_h8_r1_seed1.pt","5922","cfcb907eef6b63888ee072932795372138746e4c106b236ab3fefc20afc10dae"
"checkpoints/compression_direct_low_rank_h8_r1_seed2.pt","5986","42fab59e0c79093b008f97bd304a3cc147c1fce7be3ff1ccdf867a122387a075"
"checkpoints/compression_direct_low_rank_h8_r2_seed0.pt","6114","1cd1ab92608ae69936329f98934bbcbb2301e7e56ee8d69aebbf6ade9eee1608"
"checkpoints/compression_direct_low_rank_h8_r2_seed1.pt","6178","00d68ef3582345c9a56a8328285bd29af1b1a9ed8f0aa7e14b446b04b83ce7df"
"checkpoints/compression_direct_low_rank_h8_r2_seed2.pt","6114","e602f7f3006647b89a31bde69d75d8a25b2b6aa397464c6bb2dd9dd968204176"
"checkpoints/compression_direct_low_rank_h8_r4_seed0.pt","6626","6cf778ff6a136a4791218a2c781d2d76057e649919cb489c1339a4998d121a76"
"checkpoints/compression_direct_low_rank_h8_r4_seed1.pt","6626","526db1e408c16fb2df144a549a915fd156928028bf437ef64742986e9c288694"
"checkpoints/compression_direct_low_rank_h8_r4_seed2.pt","6626","bfca411be869464b0a931c7aa115b769407f1067dc14de20ce79ebe63707acc6"
"checkpoints/compression_direct_low_rank_h8_r8_seed0.pt","7586","7a607c0bf80e136e6251230d6fb6f1a2f6d70994f7f148c23b81dd597aeaa2bd"
"checkpoints/compression_direct_low_rank_h8_r8_seed1.pt","7586","a4d5b4c92be4586a2a3ced20ee35e673f162d68de7347b4bb7cb6ca9d1333f82"
"checkpoints/compression_direct_low_rank_h8_r8_seed2.pt","7586","885671cfb093838d08cb731407bd2dcfbb121b122fff674bc14426a52f77f569"
"checkpoints/compression_direct_teacher_seed0.pt","196369","c6d7513950214af7eb38d3e1660b98f47bba33232e9cab83ccaafa145a09fcf5"
"checkpoints/compression_direct_teacher_seed1.pt","196369","753c835689507fa9d81556dc370c183663788d1e155c8b894f2a8a51e0674609"
"checkpoints/compression_direct_teacher_seed2.pt","196369","f76e3124880b0976582676fd4c883cdaf4ca8543be2be59f138a978de93d780d"
"checkpoints/cross_device_GO-PDADMAC4_seed0.pt","17141","0cdcf399895f48dc3aa56fe20d752b4964301758783c557f6dba82bdeb07d7ef"
"checkpoints/cross_device_GO-PDADMAC4_seed1.pt","17141","507be8731c859bb74a5a4974f360ad10162f02d0d5c1b28839f3b9b7b03a8c38"
"checkpoints/cross_device_GO-PDADMAC4_seed2.pt","17141","9814bbddaf02143d8b59f0d866ecb0c473045ce00cba2f7b10fb68e708f9405f"
"checkpoints/cross_device_GO-PEI3_seed0.pt","17077","124c7de213afc6eb44a935aa6fed23ef25023fb3c7b9fc6f1b2da9ff9331b41f"
"checkpoints/cross_device_GO-PEI3_seed1.pt","17077","7ff479e4a4a1f452b72b4ff1256919e18ca0d177653ec3fa0407f39b2cd13a4c"
"checkpoints/cross_device_GO-PEI3_seed2.pt","17077","350219ac9edc19a3cf7e4afceaab1afea0fae829535ae170fae91f4e6d84c417"
"checkpoints/cross_device_GO-PEI4_seed0.pt","17077","dfca0c8ae1648dc5ddf137dcf17038cce29af592a550496f7994fb6af3979d25"
"checkpoints/cross_device_GO-PEI4_seed1.pt","17077","799e8354dae96d14aadf0d212160e126ceca421ffc3840b71db98e4b22cb060f"
"checkpoints/cross_device_GO-PEI4_seed2.pt","17077","c7c1d07948c724d3babf423f9261298c7de481bfbd24f290a5e1696f07230351"
"checkpoints/cross_rate_GO-PDADMAC4_seed0.pt","17109","aad71599a447d77a7240e8f5cc65d9150675b1deb43c94c5f28481cdb31a0378"
"checkpoints/cross_rate_GO-PDADMAC4_seed1.pt","17109","4d74f2f9ce778e0308cd8ea8206cd71cafc0dfa668d85e61078de647c6019c9f"
"checkpoints/cross_rate_GO-PDADMAC4_seed2.pt","17109","7bbeaa089e8aaa162757a28fd34bcea09c33029820a316fa781bb1bd6e74c8d8"
"checkpoints/cross_rate_GO-PEI3_seed0.pt","17045","f5d6d627521f74b48fa7ff192dc9d164a70a5b5426de3757a90eda38a05ee3b1"
"checkpoints/cross_rate_GO-PEI3_seed1.pt","17045","174c12376e5162c09d1424c2c9408c8a4acead9987110eeb877763eb249c6685"
"checkpoints/cross_rate_GO-PEI3_seed2.pt","17045","0f5844ecfb413ae2069c3726509dcd1ec841e6f0bfb6de302235ca1060b63776"
"checkpoints/cross_rate_GO-PEI4_seed0.pt","17045","a659627d334a3448c634598c0bd4e9d4584ccc474f349c23db0d8edec4d80dc9"
"checkpoints/cross_rate_GO-PEI4_seed1.pt","17045","db65831d532d4723632118a4aacf026e0a6e55c1818d82828690f093d6f6f1e6"
"checkpoints/cross_rate_GO-PEI4_seed2.pt","17045","52989d0909cb4412d2b22448c881817d28ae7e624c6fc4204ab98a8de7170278"
"checkpoints/detection_sources1_noise0_seed0.pt","8645","be5832fdc9a4b82011c16fb9a8df68ee8459bc0009d59127a487d23c91998c82"
"checkpoints/detection_sources1_noise0_seed1.pt","8645","4bdce209906c6ab5a923002e3387025e6ab21cdc8a83834a3a8fa9be4c7006cb"
"checkpoints/detection_sources1_noise0_seed2.pt","8645","db8e7392caa0dc75a0224f0eabb4e0562c3a304acdea40b2cba86045dd05bc23"
"checkpoints/detection_sources1_noise1_seed0.pt","8581","d0417ea73e44c42055e13ca9f6572da7b4960d73951ab8ce6bad0ed74a466d00"
"checkpoints/detection_sources1_noise1_seed1.pt","8645","9e7d5f53ff25f1bf10d9a88578f22a13cb1380f4384af9f38a37c830105c9e32"
"checkpoints/detection_sources1_noise1_seed2.pt","8581","785d341d4d1b30f7a2e22920bb1e70e675cf4e20b20ad9b861805b4420ed07c0"
"checkpoints/detection_sources1_noise10_seed0.pt","8661","1a711fed79e76ebdbd5da945009538ade15bcb2650639edf6203cf0647fba834"
"checkpoints/detection_sources1_noise10_seed1.pt","8661","a5d63c610dcc8a4ca0d4b3ece57090736b000172adf38ae52ed11f48c8d5751a"
"checkpoints/detection_sources1_noise10_seed2.pt","8661","cc7b3cd34799d67520e2b68baa1db246f13d0781f690a190ec7c2af4aa8aec0d"
"checkpoints/detection_sources1_noise3_seed0.pt","8581","0eef985013cea62e7236a3c3b324dda09e9a96cc541de14e23cfdb318586b69c"
"checkpoints/detection_sources1_noise3_seed1.pt","8581","1681d721df97ea3432b31af92a6cf4a04a8bd4182ccdf456e99b38820630ff1a"
"checkpoints/detection_sources1_noise3_seed2.pt","8645","14737d1519197aabc0f409a4af01027cae41ea2f1aaed9a9d88f6bfc3ac27746"
"checkpoints/detection_sources1_noise5_seed0.pt","8645","fdda72ebf04d7751d9c4e53e3b7cec960e327ee909f9c11708563e1ed9c6419f"
"checkpoints/detection_sources1_noise5_seed1.pt","8645","1490dcbd0a93ef6a08afe8a84cc8d3f9fcebaf5a5d7a92c12ac0126218b45e19"
"checkpoints/detection_sources1_noise5_seed2.pt","8581","6dc0278f600480f793424faed785e054d3c574952973b9277f341f5dae50bf5c"
"checkpoints/detection_sources2_noise0_seed0.pt","8645","7952d5e0dd94997f6d66613a11c7e84f978c5b532e84eac5bf82948584bef663"
"checkpoints/detection_sources2_noise0_seed1.pt","8581","cdbc448d3a447c9432f8d77ef095c465c63474ad2fab637fd7cfb6411fffd81b"
"checkpoints/detection_sources2_noise0_seed2.pt","8645","f67f93dffe106f8c874085579265f199591e70c9f149d185d81c98c638b9d7e7"
"checkpoints/detection_sources2_noise1_seed0.pt","8645","de3c65110f89e4ec9bf30e47b795b5f5297d50ce2fb8f6e3fa01f315bcbc1bd7"
"checkpoints/detection_sources2_noise1_seed1.pt","8645","ed0a976c3b0b493c4f53fd982c8df1921b124b9b8ec8a3e41dc20c4f8ec645b7"
"checkpoints/detection_sources2_noise1_seed2.pt","8581","2970e7c0f6be1e5381e0964af059b5744811c623df1a8a964289342df2493f9b"
"checkpoints/detection_sources2_noise10_seed0.pt","8661","57db2e0d23525edb4496bb6bd6baa37b7ecaa6320edf73364b7984a00a38fd68"
"checkpoints/detection_sources2_noise10_seed1.pt","8597","a2df82064a9c5f42e0a9b66672090274ea746b5790191df15329c3be980c0e5c"
"checkpoints/detection_sources2_noise10_seed2.pt","8661","24ed69d3450b451f7d89f520bac2d2de50c54ba05b75e26f5f6f1cadc085ce71"
"checkpoints/detection_sources2_noise3_seed0.pt","8581","7b35deb5a008657b61e72e11459297b776a08ea4521161408bc35b359c034067"
"checkpoints/detection_sources2_noise3_seed1.pt","8645","67ca96e57f17a1742f52961f77a95b39fc05ea178cbec14511772393d32f45b4"
"checkpoints/detection_sources2_noise3_seed2.pt","8645","c5eeb39274ea904fd5e66c70094b3882413a27300f2af54b0edb158480d0b555"
"checkpoints/detection_sources2_noise5_seed0.pt","8645","b61397fb449119a1b88e8391b22b894deea7b2bff9a11e82fa0f4101cf42b214"
"checkpoints/detection_sources2_noise5_seed1.pt","8581","ceee582165667a931f86cfa32255c0762b75becf80deaa39b15fffb4208ab315"
"checkpoints/detection_sources2_noise5_seed2.pt","8581","7315f0f1888d6287ea6192150c457f1e5d37f2cb2c1a125000f5805446562ac2"
"checkpoints/detection_sources3_noise0_seed0.pt","8581","ccd27a54b227ed1c535dd774b4e4f18e7585a439e1dff1d08e39370fa6f488f4"
"checkpoints/detection_sources3_noise0_seed1.pt","8645","233af684cdff8d3e130f23e5e7c399e89e60c44799a44e6b3d25c8ff40a3e189"
"checkpoints/detection_sources3_noise0_seed2.pt","8645","2823ec969a609ce959d490cb3db63b257e9984a7f2302fbdff362f91a6599918"
"checkpoints/detection_sources3_noise1_seed0.pt","8645","8c2086585d167c4ec59e830f0fcdab7a5be6de9e029fa7910658a55804196705"
"checkpoints/detection_sources3_noise1_seed1.pt","8581","4bc8a27b42ac072bcbaeffff29dffc51da5d2a734e710af9de305dd419652f40"
"checkpoints/detection_sources3_noise1_seed2.pt","8645","c0aa337097b716d4b0d53fd09be3a967ee58e216f45f6b40e539dc29700f3619"
"checkpoints/detection_sources3_noise10_seed0.pt","8597","c92756c117656af00c797ab69cd1cfc7c5140fe772493aa7ba48a53eb5e3d722"
"checkpoints/detection_sources3_noise10_seed1.pt","8661","556927c4a7b0e9d2371751d1645da28eab87548b5fedc1761e7aaf95c29c4721"
"checkpoints/detection_sources3_noise10_seed2.pt","8661","4a803ba3aaaf45cb95bd715705d5e03ed0c0bae743f535e48a29ee8eac74e551"
"checkpoints/detection_sources3_noise3_seed0.pt","8645","f0d35ddef212c354bc2039db3d0162cd9510cae6c037a7f996d4033570869523"
"checkpoints/detection_sources3_noise3_seed1.pt","8581","e72c4fc937cda6daade47824eb6c9244444131a153aa568439e9ee6b5e3af52e"
"checkpoints/detection_sources3_noise3_seed2.pt","8645","44945e67f9cb005a494ab81442ac61b38a8d9a83f22e8df0cdc1cf656dbec219"
"checkpoints/detection_sources3_noise5_seed0.pt","8645","3c9218b9de4dbe95f368089c8c55b9a3e28b3ed18b87cdc39a0528abb9a64505"
"checkpoints/detection_sources3_noise5_seed1.pt","8581","ba91dba3644080dcd97fe5a1edc5d5b6e864dffcd1b7dd97b1e1680a72ac6b71"
"checkpoints/detection_sources3_noise5_seed2.pt","8645","34519062c347ecf64e7d56f459365654909e3b097849b4a2b034fd9687d19d40"
"checkpoints/detection_sources5_noise0_seed0.pt","8645","ae766ce2134d3cd809907d46d07cad47583e6dbd5f9fc503a02dd823b3358ea6"
"checkpoints/detection_sources5_noise0_seed1.pt","8645","219ecde41e262fdce40c2aa86627ab8e0cd61161854d8df96bd4a739415abbcd"
"checkpoints/detection_sources5_noise0_seed2.pt","8645","a5cea957f368fc75bb262cdf4a7fccbe3add73c86c70b99a6eac26cc1b23ab5b"
"checkpoints/detection_sources5_noise1_seed0.pt","8645","9e433dfc51ee7d52e25e70267da5c020cd7e4b6ea913193a0fd4f1051a0bfbb6"
"checkpoints/detection_sources5_noise1_seed1.pt","8581","af12a3041b2973175e50b295ae4a482f8b74d4fa1bbb2b0238d0e85a473d73c9"
"checkpoints/detection_sources5_noise1_seed2.pt","8581","4a1307f196892c14c2e0d2325bb1622b11026c3e4b6cc7300b881559e0d4e4cd"
"checkpoints/detection_sources5_noise10_seed0.pt","8661","7fbd4a6156bcf26f1c80fed9adc07be6eccb5c40324cd39cf128fbf773b29c52"
"checkpoints/detection_sources5_noise10_seed1.pt","8661","b38bb995e80d1e5ca1b9b581305f961c6f45364de6dd317717c89c8f90c1d9b3"
"checkpoints/detection_sources5_noise10_seed2.pt","8661","320f4432b6314431b734375921dbe9a9dd148f6b53e875f6fa7386c3f139aad0"
"checkpoints/detection_sources5_noise3_seed0.pt","8645","5a2d1024294279f618a12aa58c2dae9f5ae3a78cd3f3c7bf31a55a6bf621b3c7"
"checkpoints/detection_sources5_noise3_seed1.pt","8581","605335fd8c387191935eed27ce27fcc54a8318f898465a231df8481ba67e8474"
"checkpoints/detection_sources5_noise3_seed2.pt","8581","7869265a827e868ed6107fdd43aeec3fbf90512654cdb2aa55a65f99da75d1e5"
"checkpoints/detection_sources5_noise5_seed0.pt","8645","7510dd6a21f6c369d79734d56712c1500d383fcd21db8e20b00ace1cf81bf4f6"
"checkpoints/detection_sources5_noise5_seed1.pt","8581","3f21820a06b2a9145b2da851182935dc9993b9a7637b1224dd9fb392361d6699"
"checkpoints/detection_sources5_noise5_seed2.pt","8581","faf02d304a784bc87288ac1139736edd5ae348abc1b80439edb5cc336ec673e2"
"checkpoints/export_gru_seed42.pt","8357","e6704f16118503315af89d56d6810e9b11d253b9ff3a76a21de973dc57c613c9"
"checkpoints/export_low_rank_seed42.pt","6081","4355ea1b4469a0b9bcae8bf034e9de51020601f278f096461d5b726b5d6d168a"
"checkpoints/frequency_width10_seed0.pt","8453","c916d5305c1d6083b6a7ba3389a6f3f65fb6aac4a2a869e9e990aa748d96ae31"
"checkpoints/frequency_width10_seed1.pt","8453","98f72e13d9c7461af4d099b713d01635601a1471259e647d158ac908daf2bb56"
"checkpoints/frequency_width10_seed2.pt","8517","bb43729fcdeca45e01fa11fd874906b2c6f481048a559d3804606d755b6c2e8f"
"checkpoints/frequency_width120_seed0.pt","8533","a1b62534962374141e875d71ac2be2d0d2085c93eb7df7e2fc8a59a2f188e604"
"checkpoints/frequency_width120_seed1.pt","8533","8b165edc528721828b188fb2e7f53a584eccf39d3bfb4a620c35f44632b7875c"
"checkpoints/frequency_width120_seed2.pt","8533","8f4ba9f6a694a86cc8244bba198efc364221fa407348d404b4cca19feb9cdc5a"
"checkpoints/frequency_width30_seed0.pt","8517","6bd62fa68930c1193b02628a14547ad71657a6b779c65a7e0f4742203a7647e5"
"checkpoints/frequency_width30_seed1.pt","8517","90e88b1c07bd4649078ee21e19166dddeb0fa05e21c00ceb4aa5a97aaf4f6fa6"
"checkpoints/frequency_width30_seed2.pt","8453","61f39ea805bc62640fd7ceb683b6cc2f1ca5dcf5f589c1a1c08f4ab608dfd908"
"checkpoints/frequency_width60_seed0.pt","8517","528a785d476611536125d599f456e671dd276ad005e14bd79b3d1ded2d7ca416"
"checkpoints/frequency_width60_seed1.pt","8517","8e9888c319b2962253dda45ce9f0a809ac40aac45db2a2a1b56f7a1e57f8cc0b"
"checkpoints/frequency_width60_seed2.pt","8517","d1cdce3eb53cc70fd226e2c64649c766f10d7a138b696636de1c5ed9cae70731"
"checkpoints/geometry_spacing_100um_seed0.pt","8597","76b64932fb68cad9fef651434a92cc13d110daff807b2971e606ac7d6c0b70b5"
"checkpoints/geometry_spacing_100um_seed1.pt","8597","f577fc37c574afa5628b7a7596a4e66f4c7103122c0cd5d319fe4d9887dea8f8"
"checkpoints/geometry_spacing_100um_seed2.pt","8597","710f829b441b9b57876c16d0f528e9ca36ae42f00ffe5aee68af6db883175ea8"
"checkpoints/geometry_spacing_200um_seed0.pt","8597","631309ce51234f35fa9dc42bccb950531b109d8177882008d8c12a5e7235f2a2"
"checkpoints/geometry_spacing_200um_seed1.pt","8597","9661aa963756c9f4d75f87d4b72831d5576597fb148353d9e7181f3fc64b6fb4"
"checkpoints/geometry_spacing_200um_seed2.pt","8533","26d65d4ff897758b3fd3d9597093a20e753f5033ec851c8d9a75a3d1c9f5e839"
"checkpoints/geometry_spacing_50um_seed0.pt","8581","f276637cf3d7684eadad666e4c0440525817244272b16f08b32d61e5196353fb"
"checkpoints/geometry_spacing_50um_seed1.pt","8581","4b2c8a41d23dc38a0f8cac1b588783b4c6b1c0f5018cfff702d57bbfbf3461e2"
"checkpoints/geometry_spacing_50um_seed2.pt","8581","781bd5366fbfb56dcfa277549c91ba86a6957d76945ce9575290585e0693a24d"
"checkpoints/geometry_tau_fast_seed0.pt","8453","35be480161b5b624f06498568ba5582fc502abff889c90b9cc24228e6380296d"
"checkpoints/geometry_tau_fast_seed1.pt","8517","c58c8f03f72236729994d933f74106ea2c35c88e965933acb6f0e4486dea1428"
"checkpoints/geometry_tau_fast_seed2.pt","8453","6a13261d12ed9264052051677a4f897fb795250ad4e4d9116ab0660b8d158b10"
"checkpoints/geometry_tau_slow_seed0.pt","8453","b86bc17204bfe25e4a16757a001998e7ae220a26f1eb22c07e5de2198eb35cb9"
"checkpoints/geometry_tau_slow_seed1.pt","8453","863f93bf9f1763afd36181542bb6c218ab11f8e8706eaecf9903c02fa2373118"
"checkpoints/geometry_tau_slow_seed2.pt","8453","9916bf61d122112087e5e5e001e33e5ef0e51c1fa281ec97ebfd73f47e1ab794"
"checkpoints/geometry_vertical_R_x2_seed0.pt","8597","eb167ce4227b6ccee3ab5fea5af96a6bb67a581948d666667b63d8fefcdca252"
"checkpoints/geometry_vertical_R_x2_seed1.pt","8533","c2a334cb1162c632c3e9b3d9580c3e14268d71abf47068e35e17e22538a72ed7"
"checkpoints/geometry_vertical_R_x2_seed2.pt","8533","81879e0c7863117386f1738676c48c47ae0e404727afb5ae75aacd606815af64"
"checkpoints/geometry_vertical_R_x5_seed0.pt","8597","cf2473513c2a14cd408fbb5cf3406b78241996e104b30f3e035e0c59dc7d6b44"
"checkpoints/geometry_vertical_R_x5_seed1.pt","8597","6e4d2b4323c3d690f823839bfce30397ef7870da8f2d77885188bc2defff9432"
"checkpoints/geometry_vertical_R_x5_seed2.pt","8597","fc08b49d5b96feed04429902af9a2343ce6e1ad1da82e4d8107b48eed48b9bd7"
"checkpoints/initialization_printed_baseline_random_seed123.pt","196957","5741f3e1a8c5ca6a1d0fa346e674994185032e676a37316d0910b2ab75ab12f0"
"checkpoints/initialization_printed_baseline_random_seed42.pt","196915","dda720ed85cd0831214e458c510db58cd7af553e1aa429595a773855035fe5cb"
"checkpoints/initialization_printed_baseline_random_seed456.pt","196957","2c5dd0fbd0203a7d3a36e8aed2d4bbade2bdfaeaaee383661d644be8c4d1b42f"
"checkpoints/initialization_printed_baseline_random_seed7.pt","196873","3e378f1a3d5999e3a28862aff31239c298c1016aabdac34f7fc7d24b4f5b865d"
"checkpoints/initialization_printed_baseline_random_seed99.pt","196915","85d31b3221528c8c1c8db26eae9addd42cf0ce3ec1915d30e3bed8c571341c23"
"checkpoints/initialization_printed_physics_odd_corrected_seed123.pt","197209","970fb1fe2ac761862bc981f322d19d1594bf665ec9c3860ef5c5a224de45f88c"
"checkpoints/initialization_printed_physics_odd_corrected_seed42.pt","197167","093664d32589d11e4a20042d13308e4eabbc154a319772cb3da969f05ac2fc57"
"checkpoints/initialization_printed_physics_odd_corrected_seed456.pt","197209","4c9ddaca3abc49f0a69f8c0fe37067d8588fdc58e140ba55cc3b709c4f7245ff"
"checkpoints/initialization_printed_physics_odd_corrected_seed7.pt","197125","b48e0b0193c4bf36bf2b1bb70e56f809dab8d82b4ef7644ca9659fe808aafbf5"
"checkpoints/initialization_printed_physics_odd_corrected_seed99.pt","197167","e57c45dec7e3e3583155b59e0217427a0cfced67c52dd19a7da701f6c43164c1"
"checkpoints/initialization_thermal_physical_retention_seed0.pt","9029","bfc44ea7eb108b337601f9357b4caefde087fc1b2f392b368ac7b27f878d0f81"
"checkpoints/initialization_thermal_physical_retention_seed1.pt","9029","3570025a4a42e082790054e148782ee024c87611734b4a050a0fea5ff42f7667"
"checkpoints/initialization_thermal_physical_retention_seed2.pt","9029","5f6f899214f792f8b752539b342f68cb295e7ead364ebd29843e99e826dcfbeb"
"checkpoints/initialization_thermal_random_seed0.pt","8709","1ae5125990bd564d70b9b5ae8ef6bd2b0fea37e6d484b2a1723388b388a8e2c4"
"checkpoints/initialization_thermal_random_seed1.pt","8709","96f92df1388244221082c348b5d49c102820255bf267ebaf8718851d84494f46"
"checkpoints/initialization_thermal_random_seed2.pt","8709","46650dbe09922303acb42e217885aca11604cd2b62b6379b3eec9719fe34ccce"
"checkpoints/latent_alpha0.05_seed0.pt","8501","f3e3b42df15c4b095751db7b6e72e87428bd49023428afa04dd5f9fdc0b484be"
"checkpoints/latent_alpha0.05_seed1.pt","8501","d9a2ce888b8dff4a252c3e5783c337ff1986162f1038d4ba312fc2bbdf0556f6"
"checkpoints/latent_alpha0.05_seed2.pt","8501","2133231365b84c7a4dfff2b54bb4e3602ab40bfcf8f34474fc75a8448c413f08"
"checkpoints/latent_alpha0.08_seed0.pt","8501","38fb886ff725e4b64b3727b5eed3a9bb52cb34af1ed431fd80abe77f00ba9bde"
"checkpoints/latent_alpha0.08_seed1.pt","8501","23630eb108db0c36634fca4988df89bc5627aaa4f24e38eac40cf11f9ea0bac0"
"checkpoints/latent_alpha0.08_seed2.pt","8501","b010ced59788643a4e8f66e88bdbcfee5616ebd95e93157ad92752c49a48409e"
"checkpoints/latent_alpha0.1_seed0.pt","8357","b024d4d2f962b7bec4d80dd24acc7f908eca8014eb4f18e5d26ca3ae939920f2"
"checkpoints/latent_alpha0.1_seed1.pt","8421","260f19b8f5b9e42a1d857c499d38164996413626816098398ea014975f1c092b"
"checkpoints/latent_alpha0.1_seed2.pt","8421","f7049774e99a82c08c9d846b30088cf12d57c50045b3859ee391751ec1b40c5f"
"checkpoints/latent_alpha0.15_seed0.pt","8437","64365c1bbec71543a5d7359a79ddd92e1c65b65f7a2146f609f7ba64d225c51f"
"checkpoints/latent_alpha0.15_seed1.pt","8501","aa9727917e0721d4f01df2254a4644c54d53acda950f299cb682d00a510a8c8a"
"checkpoints/latent_alpha0.15_seed2.pt","8437","8d419aa1514449af6ebf31c0584441bc8fe691111f1072978841b2949564d610"
"checkpoints/latent_alpha0.2_seed0.pt","8357","8159e3c56c8888dd81077b01e69901abe6f59ab2d7ef5ff2682685fee1339bff"
"checkpoints/latent_alpha0.2_seed1.pt","8357","8f22160275ab44c437e5e80b3290c0ac044e8e36451ec833379931a30c12999f"
"checkpoints/latent_alpha0.2_seed2.pt","8357","f5288619d1f47bc7f845bca335134956fddd8f46a22d775ae963ee39867900c7"
"checkpoints/learning_rate_0.0001_seed0.pt","8501","6c89c471e89b239ac0e64ee4bb4fa6b087a89464e152ab814eb65b4e0fe437be"
"checkpoints/learning_rate_0.0001_seed1.pt","8501","c2de91c081ee65d08a6c97162903f568ab2cea29d0822bdbd379fc893588a4ab"
"checkpoints/learning_rate_0.0001_seed2.pt","8501","cd8cd945526bd0e0886bbe5666b47853b7f2148992dc62fdf26d6e77a02decd1"
"checkpoints/learning_rate_0.001_seed0.pt","8549","9d0744fb8fd6313eb4af8b80512bd06ca67b28b71e8c2b11583585d2768acbf1"
"checkpoints/learning_rate_0.001_seed1.pt","8485","17ceb8a7505ac3ccf9e70cd17a85c734f72f9709381840c83c133324894c21cb"
"checkpoints/learning_rate_0.001_seed2.pt","8549","156556e9acd25ad99280a62b0de5a06321e3e3ba2eeae71fd4580b546e52b693"
"checkpoints/learning_rate_0.01_seed0.pt","8533","cd2e39b6fa4d92d0f6b2d0bc449e6a3f82b010511bf843503f32294344250e14"
"checkpoints/learning_rate_0.01_seed1.pt","8469","f29c759ee5cc358da2161ac9ead9418d43110fe89dcd7e79398a8934ecedb0ce"
"checkpoints/learning_rate_0.01_seed2.pt","8469","1f8c184911023c7f2e4d5ba1733c4cceb9abc3924f55d613c20a66c40f75c483"
"checkpoints/long_sequence_seed0.pt","8389","cb60490bcf7a6996e91ad9ac6132cec7ee79754694f313c6fe2b76b64d124cdc"
"checkpoints/measured_baseline_GO-PDADMAC4_mlp_seed0.pt","8725","93a16f0b7a5c2d0ee9a0a640c6297b5b44321cd1db43d93382f4cac468807998"
"checkpoints/measured_baseline_GO-PDADMAC4_mlp_seed1.pt","8725","cb58db985e8a506a67655177e91a54acaa2433a0feb10ee976b87f63c7b83be1"
"checkpoints/measured_baseline_GO-PDADMAC4_mlp_seed2.pt","8725","7d518cec0ac0878bf1c6095521917e3c2e2c4d6db81d6da9ef02848768483539"
"checkpoints/measured_baseline_GO-PDADMAC4_pikan_seed0.pt","3125","064954765e7f488a8bf4a9fce457180c874f2b9c99cd5d3a8c4829d5bcac8d0a"
"checkpoints/measured_baseline_GO-PDADMAC4_pikan_seed1.pt","3125","4a1168bd239090d594542be3b82d0142557f12b6a442b5737226aefa22f6ba5b"
"checkpoints/measured_baseline_GO-PDADMAC4_pikan_seed2.pt","3125","d6971a8aa4dd229670f268d4709baaa8156f41359f61db7186d1fb002c3d9ac4"
"checkpoints/measured_baseline_GO-PDADMAC4_sindy_seed0.pt","2391","3099c0b49d24016b0bb915eba0d3941db56bf00fc0734ffb25cd5bc0072770ba"
"checkpoints/measured_baseline_GO-PDADMAC4_sindy_seed1.pt","2391","4538d438467eadcfeb5581d7bc88cad930b4bce7c24064bac8fb12c9b63018c7"
"checkpoints/measured_baseline_GO-PDADMAC4_sindy_seed2.pt","2391","51523c8a8a7875402a32a4a90e907cd9764d626d024ec3e549dc5d14cd83a77d"
"checkpoints/measured_baseline_GO-PEI3_mlp_seed0.pt","8677","45d854ac7c496744c7f54f152921d5aba1a9a60117d65aa8133f3f30aab1d1f8"
"checkpoints/measured_baseline_GO-PEI3_mlp_seed1.pt","8677","43c7713d4f0fd0b18268769d32331469f33fda2f4e2e1d7c4b87dce890ea013a"
"checkpoints/measured_baseline_GO-PEI3_mlp_seed2.pt","8677","d228dff612e89c1edee966e307dd78825856a7785aa2ae3deec10f59b96c08ea"
"checkpoints/measured_baseline_GO-PEI3_pikan_seed0.pt","3093","1a95bb079f6fed279f922ce986d08d5885736fabb0745324e048986ea94b2726"
"checkpoints/measured_baseline_GO-PEI3_pikan_seed1.pt","3093","96f9ac49f93e044a9f6eb20992d0067fb7cefb9e20660a07d825bea0277d8a86"
"checkpoints/measured_baseline_GO-PEI3_pikan_seed2.pt","3093","b8628e1d35624fa0d3a6cf622717dbe4dbd49c5d73d64a109e47b45040f9a9e4"
"checkpoints/measured_baseline_GO-PEI3_sindy_seed0.pt","2363","89ca20a440f23264fabd412d4f0e64e0ec7a0a02b34b254fcc1a2bcb35a305aa"
"checkpoints/measured_baseline_GO-PEI3_sindy_seed1.pt","2363","965e5834999ec527deaeb5806d1d657023ae7d6e3d7fe016d2b92e6259a0a44a"
"checkpoints/measured_baseline_GO-PEI3_sindy_seed2.pt","2363","a599fcef6f37a4d3f658b9f6cdbcadb8213457803949845b6fee3d7f43475412"
"checkpoints/measured_baseline_GO-PEI4_mlp_seed0.pt","8677","77d8e85530f567c9f2b54e05fb30a65e0677966073ca838ebf978e886b84ca94"
"checkpoints/measured_baseline_GO-PEI4_mlp_seed1.pt","8677","9a9deb2e57c377caf0c14665a2297706e0c8d0ecea12589ed66d44af13105e7d"
"checkpoints/measured_baseline_GO-PEI4_mlp_seed2.pt","8677","f86897fec122bbbef049d7a4ab0eb483ca7880c80ce9a86b91e325334a8f9839"
"checkpoints/measured_baseline_GO-PEI4_pikan_seed0.pt","3093","936e494995fb36902df78b4476e5f56a3950efa6a9f8f1adb6d2dab3731223f3"
"checkpoints/measured_baseline_GO-PEI4_pikan_seed1.pt","3093","bfab9ad239a5dce05e7c8de538f018fbe2d8a3559b7ab3a11f14b02d753c2b15"
"checkpoints/measured_baseline_GO-PEI4_pikan_seed2.pt","3093","affca7818522aa925c4937894b9c2bdf1778776f55191d56d4b75adb53e05ea3"
"checkpoints/measured_baseline_GO-PEI4_sindy_seed0.pt","2363","a1fa2c69af9c3ee4a7983922730445fb89727e4ff2399adbb0135f01d420ce09"
"checkpoints/measured_baseline_GO-PEI4_sindy_seed1.pt","2363","84cfeb582f2168e1ad871565fa029ca893d80d157e676efb07d5d534d40f040e"
"checkpoints/measured_baseline_GO-PEI4_sindy_seed2.pt","2363","b8a94c96ab0410afbf77262f9fb558bbc81743ef529f7d581f5bfbf68b31fa27"
"checkpoints/measured_GO-PDADMAC4_seed0.pt","17077","ea3a508e1b531834bb6f00a03c690bba5ffc2334931fdd70e0a998a8360571fc"
"checkpoints/measured_GO-PDADMAC4_seed1.pt","17077","a979626adc6d1882358766d146bd4d1dad078ba29f723f6d9b1f402d7f49d8f8"
"checkpoints/measured_GO-PDADMAC4_seed2.pt","17077","a56f07823578e09acf720572507f34ecaf10e4bac66a5e4a5987e39ed66b3d8c"
"checkpoints/measured_GO-PEI3_seed0.pt","17013","c3570b03464032c33978902b1fc77a82cf8ac2230084f0d724d1232f3a4ca384"
"checkpoints/measured_GO-PEI3_seed1.pt","17013","2b7a653b76314c19e034e19853c1b332b6cf4f8f9fd11a8d26bba8fd9d53f809"
"checkpoints/measured_GO-PEI3_seed2.pt","17013","23cc3b25f308ce9d17c625ad800e14873a9baaaaa148e3502142f1efd56d1fb3"
"checkpoints/measured_GO-PEI4_seed0.pt","17013","3b951e5b69ed882e1236f2b8598399bd153c53e4c2740730f20daa1587641eeb"
"checkpoints/measured_GO-PEI4_seed1.pt","17013","c564eb2fa2fe713dfddbdfd26423dba099103cfc125047ce59591914792f8520"
"checkpoints/measured_GO-PEI4_seed2.pt","17013","0794586faacce8ef82932c0cc887ef9b0679ccb3a1c3c310265baf433d109036"
"checkpoints/multilayer_seed0.pt","8469","490c916d2bf057a0e0fd77be0ee85d99251cd1c02486a4a701ab54395e98c12d"
"checkpoints/multilayer_seed1.pt","8533","e29f5fde77c503a3b0d45f1d0fbb5a663789434cddb85c3cde1861d48bdeb6bf"
"checkpoints/multilayer_seed2.pt","8469","4e145fae3960d8f827758ca9ee6cc2e3095f8f24fd53003e026150b65691344e"
"checkpoints/negative_genuine_seed0.pt","8501","02e7a0f0571a51671152e7bf6f5f114bcb17328356e8ef4f1d82f9f74b3473fa"
"checkpoints/negative_genuine_seed1.pt","8501","626b9dae0f0d7124407cad84a67e7b4d65644fb629789411734e867885b058be"
"checkpoints/negative_genuine_seed2.pt","8501","8a423cb91ea083a7b6460fa49408fefc82a4361637eb91c5ad0e1f3c0866fd89"
"checkpoints/negative_shuffled_driver_seed0.pt","8629","ab4451b074b34a5e96ebd96e343b3aecb9038fe0683f998f754788de31001b01"
"checkpoints/negative_shuffled_driver_seed1.pt","8629","56ddeea88506e5dcbd336129c37198ce62d6f8be7c443f7c37f5ef331992086a"
"checkpoints/negative_shuffled_driver_seed2.pt","8629","01867ae03d6de96043c09ed20e3e463e89c29d1a37d09146b5fc84f1a77804d3"
"checkpoints/negative_unrelated_slow_drift_seed0.pt","8709","af4e3237cd1a273f598765168fd5eb9dbd2038f3cd01f2cfb7fc16e827290574"
"checkpoints/negative_unrelated_slow_drift_seed1.pt","8709","a94700e99c95fcad7aaf1f0dafc08eec3f57223361a33e022d02dd23356169d0"
"checkpoints/negative_unrelated_slow_drift_seed2.pt","8709","a5147b77c655bdceb40afd5f8d92fc5d8b5cf4e9b1fc0e243d58f81a4bbf2d96"
"checkpoints/negative_victim_only_no_driver_seed0.pt","8661","6cc09bde0b69a6b7d5b56caca73cf14c275c2dca301b14a98a8f93947c618e72"
"checkpoints/negative_victim_only_no_driver_seed1.pt","8661","c472224e1911b2af51bdd1546cd9f2a2bb8c26880884435aceca5a799f7a6af0"
"checkpoints/negative_victim_only_no_driver_seed2.pt","8661","8c05bd2d9931ac40005f4eafc1d632cb096ea0eb0aa5c727b62e683e6356f475"
"checkpoints/negative_zero_coupling_seed0.pt","8533","4bc16b05440dc9d38824416dbe76937a87a9054bfabdfd76e2ca4bd71bfb6540"
"checkpoints/negative_zero_coupling_seed1.pt","8597","65cb3cbcd015422d2653c0ef6709f254013c1581f68c142344790e95e4889878"
"checkpoints/negative_zero_coupling_seed2.pt","8597","c53ce62c94565027436f9a5071cb360dd1c6a616edb1d3c481f75efedc4c2ca0"
"checkpoints/recurrence_controls_pointwise_seed0.pt","5221","8ca9db1f487d9eddfbe466d71c8adc071d4c7791a4e735e5050784c668cde38d"
"checkpoints/recurrence_controls_pointwise_seed1.pt","5221","208594699fa2af9fb36fb632203670016397a6de74aab33fe6d132162a105159"
"checkpoints/recurrence_controls_pointwise_seed2.pt","5221","e415367e4204e2f950d21f634f6a903b55ae0245a346c36efdaa9e0050c66b2e"
"checkpoints/recurrence_controls_recurrent_seed0.pt","8709","2c117db33597bf26c4db5ebc922db187815d5594b7ed3840e51e39121c6abd9d"
"checkpoints/recurrence_controls_recurrent_seed1.pt","8709","fe42a3eb5556602df936475b5bc67c59ffb1e314329684f5a3e3eed743874b9e"
"checkpoints/recurrence_controls_recurrent_seed2.pt","8709","db7369e17180c42c265c40e96348d6a6b3532939fa81f006d69b81145737a96a"
"checkpoints/rrad_full_seed0.pt","8325","db03849da3d29c84a2437a1c9903dc9347356b42cab891e2ee17d56f07ec3824"
"checkpoints/rrad_full_seed1.pt","8325","33be634e4caa9f860b7a331ecd4c328851197abe1dae30928b8c1c8b1649ded1"
"checkpoints/rrad_full_seed2.pt","8325","916cbf855197189fdf661d4dfc89257642561af4097340376510a8710c727512"
"checkpoints/rrad_no_bic_seed0.pt","4027","9dbf9d7db0a99a7b601f5bd9e28762525f4092e203a097b7b536c077227ae318"
"checkpoints/rrad_no_bic_seed1.pt","4027","cae6e40da69ff096ae3f9dfc37234796d1b6c8951f0d24ab4aeabf34b7490208"
"checkpoints/rrad_no_bic_seed2.pt","4027","b4e72f37a3d3b0ba833b49f5b2d13409dd2487b6db653f6e6549114e38d67e1d"
"checkpoints/rrad_no_hidden_seed0.pt","8341","a9a808e515f33e4b84456f7282c7c5f454f7e2c0ef5170eef3a0cf864efbea74"
"checkpoints/rrad_no_hidden_seed1.pt","8341","cf70646d344302e4378f35c8620d41a8d9386c2a61fae1454a0e2192d4f62147"
"checkpoints/rrad_no_hidden_seed2.pt","8405","70033cb6adbdc5c2fa474e715fc9578985976d1ce1e4a81945bd0f5ab4c92bba"
"checkpoints/rrad_no_temporal_seed0.pt","8501","97a40bcf62b290852c4a3e438cd2e1f8a25fe6180e0ccefad11742052a9f2295"
"checkpoints/rrad_no_temporal_seed1.pt","8437","2cae41cf3f3bed1f5068901cd325202addda28c53cdd8a7830c0c516ede75bcd"
"checkpoints/rrad_no_temporal_seed2.pt","8501","f8e81c5fd8a0c58d11a6bd10413ef123a5781e7d0b7246f4309a45130e209c7f"
"checkpoints/rrad_output_only_seed0.pt","8501","63409c97df039641bb1507ba9c0300f971cccf136447dbeb71b7d799f1112e5a"
"checkpoints/rrad_output_only_seed1.pt","8501","881478ad0476277dfcf35b68dc0aef8cfcaceccf20e48825a828669264e5295a"
"checkpoints/rrad_output_only_seed2.pt","8501","9d5138cd4712e09dd9eaaaf17ec2bcf9f6cbe7502186114ae7816d007890f09d"
"checkpoints/runtime_pipeline_seed0.pt","8501","e091e1a66d2924813a9755d6d9ec9ab0cbd0727f412c8c4dda80cce90ace3239"
"checkpoints/runtime_schedule_full_bic_seed0.pt","4217","9a7cd80d468bc703acf1994ec06312ddee71470a894f82e17fdc34eac233c685"
"checkpoints/runtime_schedule_late_bic_seed0.pt","4217","3c9ae095ced3fe2776be779b82ea2fd57f57c94b7a8317313bdbc9286c482c51"
"checkpoints/runtime_schedule_no_bic_seed0.pt","4199","eb16c0f106d272e6f8104fce6f154d68866da217213b70269c0c30d28d09157a"
"checkpoints/symmetry_automatic_seed1000.pt","196159","8084192eac7000aad076126055392a5a76a298e8d74a288e6e9a98d1f312b4ed"
"checkpoints/symmetry_automatic_seed123.pt","196117","d37cfdc346bfe50989be18cafb9cd5780b8f985b9d0edf766f85417c337bebbd"
"checkpoints/symmetry_automatic_seed42.pt","196075","3633e397a457c1a3c5fc9ee4bdd6815d483fc18fa2e54a06f8dc55f192d6dafa"
"checkpoints/symmetry_automatic_seed456.pt","196117","7768785fc63c87275d07cbc0c3ce8aa9ea9ab431e6e28149d4487e0bef47222f"
"checkpoints/symmetry_automatic_seed789.pt","196117","cacbb3ea0ddb92721804dcd6069d3c75c12fcdc08b2b7e5741eae41460e745fa"
"checkpoints/symmetry_baseline_random_seed1000.pt","196411","6418eba4bff5eccdccc16928018f9d14d54932e1042ba1bde876f556c58a862c"
"checkpoints/symmetry_baseline_random_seed123.pt","196369","ff781533ebd3bd5f814961c281765d1ebdf3177f0f190225c508305d0ddea793"
"checkpoints/symmetry_baseline_random_seed42.pt","196327","b95ab80629e6d5c5cd69ef7ee23f49f5b3d658b8b9cfedd4290615542e7b0d05"
"checkpoints/symmetry_baseline_random_seed456.pt","196369","afd8fe75727238c251ef8c634eefa8e227582fb9eb894a37854963dd20857b00"
"checkpoints/symmetry_baseline_random_seed789.pt","196369","18e985e34fcd88e3dedcb712910561a737f691e85317f3e9d69ac444dfb53f9e"
"checkpoints/symmetry_expert_odd_seed1000.pt","196201","843c1537f29d8136a32b5515d3e0e6abc860a29005701f7c477a1318cdc732d3"
"checkpoints/symmetry_expert_odd_seed123.pt","196159","5ac3481830d53a91f76c0f3c926e2fa679721d6c5281732fbf7023599d9ec491"
"checkpoints/symmetry_expert_odd_seed42.pt","196117","1afec73b7db45cb62cc252df007df3ca34a0672f3b9501e43cb9ce88bb7776a9"
"checkpoints/symmetry_expert_odd_seed456.pt","196159","d5d56e8f2e583a25a43f6e82f00872f137cdb0f40dbaf67ced45186696cac2be"
"checkpoints/symmetry_expert_odd_seed789.pt","196159","afbad9d0808c45905286a07383226ba81427208e9f091bd7c9fa5ef1d63392ad"
"checkpoints/symmetry_identity_seed1000.pt","196117","bb321eca650630f0ec1ec7e738d42613ac56bd79b99521b173736574f90c26e1"
"checkpoints/symmetry_identity_seed123.pt","196075","3d75a4ee751ebfdd70624cde7b5699e80f38109b668bab3ccf84423b9689bc6b"
"checkpoints/symmetry_identity_seed42.pt","196033","8e335006dc9a2c4076b56e3190a2123dfd2083ff8a1951dbb08312ee1def008a"
"checkpoints/symmetry_identity_seed456.pt","196075","014f7e4f859c146d21e7437dbb06b81e0f7887a962f2d35ccbc33ebf848abec9"
"checkpoints/symmetry_identity_seed789.pt","196075","58f9d3281a42db5eecbb5d0aef7cda823a294ec39a7c512f96961b2afa9732a4"
"checkpoints/synthetic_baseline_mlp_alpha0.05_seed0.pt","8585","66b1d866762d9e81708ca544f7b899aa054e0543a89d8eb2ff1c5939a741c0ab"
"checkpoints/synthetic_baseline_mlp_alpha0.05_seed1.pt","8585","8f87146d980322267937395d45e520a0c53f05b5b82eb9e6ca6b37367cc5ba51"
"checkpoints/synthetic_baseline_mlp_alpha0.05_seed2.pt","8585","f58d98d92e005db9e927f51a9ee60bb974f27fdcb81b86d4eed38b8f78851b47"
"checkpoints/synthetic_baseline_mlp_alpha0.08_seed0.pt","8585","f8bc15da90d2724a7c4e94f786c2954c71c8aca35ed06ff940218213b247dbcd"
"checkpoints/synthetic_baseline_mlp_alpha0.08_seed1.pt","8585","922b7b11009a77d8c13ad45aaf21b87053ce66f8e6b2dfdd4aa000641ae3b17c"
"checkpoints/synthetic_baseline_mlp_alpha0.08_seed2.pt","8585","c8c4e7b7f15ca4b9a693d7f4051ee8d3ba34ab96b288e9b98e3ee0ee9e23a533"
"checkpoints/synthetic_baseline_mlp_alpha0.1_seed0.pt","8573","13cf741f4db49c893bace663d7a1077b455c27e0636b7adcc86f1438a8024b1a"
"checkpoints/synthetic_baseline_mlp_alpha0.1_seed1.pt","8573","1c91abf8017de4d025997e23d558f80d910fbb7886be04bd627fd9454317567b"
"checkpoints/synthetic_baseline_mlp_alpha0.1_seed2.pt","8573","8459e5ee42805c99e5479a18a8243e04b5ac33f02997d1730ac024bee45e5127"
"checkpoints/synthetic_baseline_mlp_alpha0.15_seed0.pt","8585","2d6c2879bd8e155ed80ea8cec762fef76c110ba9c9e6aa10014811cca0efd6fc"
"checkpoints/synthetic_baseline_mlp_alpha0.15_seed1.pt","8585","484f562f23e31b8850e48c507957824a809c8e88ed13dae5408044fa6e1da3f5"
"checkpoints/synthetic_baseline_mlp_alpha0.15_seed2.pt","8585","82ffeee10d12cb3b21b49c2a9023e322100b299dd7ff4e10880639f52fe55817"
"checkpoints/synthetic_baseline_mlp_alpha0.2_seed0.pt","8573","5a627b5b2fdd1ed991fb3fcce46d966c40e1a77f43dbb6f51e1c2294b38ddf3c"
"checkpoints/synthetic_baseline_mlp_alpha0.2_seed1.pt","8573","e5a226917bcbc4a715358284de1c08e153cc97950ddd9c7e0a095ba242b73003"
"checkpoints/synthetic_baseline_mlp_alpha0.2_seed2.pt","8573","276949569b3f0f1e2c66347242160f9b6ce71cf2dcd2947853a9c376fca66b5d"
"checkpoints/synthetic_baseline_pikan_alpha0.05_seed0.pt","2989","43977ca4455578facc3e6f5c90fdb0f24f2c8c03e47770dbad88fb0fd39c1762"
"checkpoints/synthetic_baseline_pikan_alpha0.05_seed1.pt","2989","119c83651f8fd16d0be50b56b8a2f91c63ce3569473ac64c583f82a34f8a88bd"
"checkpoints/synthetic_baseline_pikan_alpha0.05_seed2.pt","2989","1244c69bf9b0d2c584f396d5fc36db58a506bbd05bbf49289c2989127d6192b7"
"checkpoints/synthetic_baseline_pikan_alpha0.08_seed0.pt","2989","d79d73207f1114888e120066a5f5da79b26af5327188c632f227b5a23dcbb99f"
"checkpoints/synthetic_baseline_pikan_alpha0.08_seed1.pt","2989","deafc3124b1130616d9004f1ec446316047ac613c59ca8207a12573f40326f33"
"checkpoints/synthetic_baseline_pikan_alpha0.08_seed2.pt","2989","2be0d33481a8ca81e6e5add7a722e265dbea6fadcbf4bf30d0381cfc2661a10f"
"checkpoints/synthetic_baseline_pikan_alpha0.1_seed0.pt","2981","2a5e37868f6eae590f3ca582d19290aaebbd2eb1141ce71f63b4e3c8928850da"
"checkpoints/synthetic_baseline_pikan_alpha0.1_seed1.pt","2981","0f05fee79c53fc43159f19f7b5b6b743e7b7968b846afd904952d16da3607a3d"
"checkpoints/synthetic_baseline_pikan_alpha0.1_seed2.pt","2981","ec406e9811d0501fe3f5266cb1017ac3226d643f7867244e4a2a7aed20510e3d"
"checkpoints/synthetic_baseline_pikan_alpha0.15_seed0.pt","2989","36f70257b3b0add23083ed8ac77a0ed22aaca4b7ad8df41ab00d4b923a5fd90a"
"checkpoints/synthetic_baseline_pikan_alpha0.15_seed1.pt","2989","084f2616bc129ebe0aadf63dd96be217c4fe68a91ff475245f135df99ca87c91"
"checkpoints/synthetic_baseline_pikan_alpha0.15_seed2.pt","2989","88e72b1fc8d128bcfa051780346ab722392ebe9e047edc9aa9f33114c37f2359"
"checkpoints/synthetic_baseline_pikan_alpha0.2_seed0.pt","2981","ecdc108f165b58643e888e9c8151cfeb9701e040edc93d4fb1ae213504005045"
"checkpoints/synthetic_baseline_pikan_alpha0.2_seed1.pt","2981","5558f3bc786c8a0b959015e14e9fd0104790d36da2bb1c59994b99f4390eef07"
"checkpoints/synthetic_baseline_pikan_alpha0.2_seed2.pt","2981","a4c550129ed92653e4d099a20c50231ca5ce53d92fcc48ee119bc9bff54484f9"
"checkpoints/synthetic_baseline_sindy_alpha0.05_seed0.pt","2320","edc9acaa9d63c169a1575d47f3726c9ec0fd8fe6b1017c93c2817c3362e3208b"
"checkpoints/synthetic_baseline_sindy_alpha0.05_seed1.pt","2320","1e060c7fcacc5255bc19015123659746132bcbf9d220c1b7e4dd840ca5a2bbba"
"checkpoints/synthetic_baseline_sindy_alpha0.05_seed2.pt","2320","4df83c3b2f4c2b1516cace6971f667c8a2c01bb38412866d676f180b72b2f3cd"
"checkpoints/synthetic_baseline_sindy_alpha0.08_seed0.pt","2320","644b46687844dce6749bc339dbeb708b45413670b518b65ee8dbd767ea92a144"
"checkpoints/synthetic_baseline_sindy_alpha0.08_seed1.pt","2320","e67f60b02dd18aeea8d88d746f5fd220217c41d6406ef7e335a13458660ff375"
"checkpoints/synthetic_baseline_sindy_alpha0.08_seed2.pt","2320","5fd52e506137293aee4ae6b775ac05240935caf34020b80404b6f2b5d7d451e7"
"checkpoints/synthetic_baseline_sindy_alpha0.1_seed0.pt","2313","04f5d4b54d8da0a9fa8995d9725f75b4b71686afed514752e9938f5ad91c4e8f"
"checkpoints/synthetic_baseline_sindy_alpha0.1_seed1.pt","2313","a4262905b9780ba0b67e976c5813febc211dbf8651df9f9d364328400ece4976"
"checkpoints/synthetic_baseline_sindy_alpha0.1_seed2.pt","2313","6cbf0add8ee725fe30a30c847abccf9e17ff01e0066b6b2f335ef16e98594a90"
"checkpoints/synthetic_baseline_sindy_alpha0.15_seed0.pt","2320","35160193bc007337c4e2bd48c36bfe81080363aca00be02e0920326f8ab1d561"
"checkpoints/synthetic_baseline_sindy_alpha0.15_seed1.pt","2320","6a3c1bdaa5274c67bb32fbede34604fd3a630c7adb01c1dec73043ae34b5fd1e"
"checkpoints/synthetic_baseline_sindy_alpha0.15_seed2.pt","2320","dd40340de3f55e31968b9c2f719d619736c150354f0d5ad68e7cd645e7cf7566"
"checkpoints/synthetic_baseline_sindy_alpha0.2_seed0.pt","2313","741945f88fbe317fa3a883f9420db48ba357ccbe53711e7f686490e38df7f74d"
"checkpoints/synthetic_baseline_sindy_alpha0.2_seed1.pt","2313","a7d3e71b6c608a76d7600c45c6b926fea7b020bfe282491fa05acc26f52da122"
"checkpoints/synthetic_baseline_sindy_alpha0.2_seed2.pt","2313","08c882b390bde09c82a0c2cd550c82fcc0a118b5d7867974ced3586ac3b13ed8"
"checkpoints/synthetic_baseline_vanilla_lstm_alpha0.05_seed0.pt","4809","cb850617ec4a8126730f9c9c5deadb1b11b6840d751479c0da0426fc7a21873f"
"checkpoints/synthetic_baseline_vanilla_lstm_alpha0.05_seed1.pt","4809","f846cf2afa5baba644f6d097b7b56bcca8a538fdcdc9a178dbef2191da1c3320"
"checkpoints/synthetic_baseline_vanilla_lstm_alpha0.05_seed2.pt","4809","7459842436c0ad97b102c98690e9c11d0198d6321d8fd839e887425e90c03f12"
"checkpoints/synthetic_baseline_vanilla_lstm_alpha0.08_seed0.pt","4809","b7200b4a95af7cb2d6738818ccfe168f7866801d56c21aebb3853b8b3d3a0171"
"checkpoints/synthetic_baseline_vanilla_lstm_alpha0.08_seed1.pt","4809","d59f67f5d88fc895c1112ce95554c8ba2ab065504c0c1d13ff0d0a74f9eb1525"
"checkpoints/synthetic_baseline_vanilla_lstm_alpha0.08_seed2.pt","4809","2032ffc78e2f78941d19decbfa2376a03c359341e3b35f8efeed758520c5704a"
"checkpoints/synthetic_baseline_vanilla_lstm_alpha0.1_seed0.pt","4800","2f00810698315c946f90da40d7e3edd2c9c4c7e16fbcfa33f9d0e47380f6b2ba"
"checkpoints/synthetic_baseline_vanilla_lstm_alpha0.1_seed1.pt","4800","c858af79f2b9c945f604f6fd43282c686e53d28ab3fd8bdce55f7fd0f41a5185"
"checkpoints/synthetic_baseline_vanilla_lstm_alpha0.1_seed2.pt","4800","4eb7df6a7cbaf34f1cd0826f60a165aadb9b98f36757f1ad66b5a9afc32c382c"
"checkpoints/synthetic_baseline_vanilla_lstm_alpha0.15_seed0.pt","4809","b370910bf90bc1fb07c33c2de2f74b4889c2adc0b5b1afdd616f0fe00f7c648c"
"checkpoints/synthetic_baseline_vanilla_lstm_alpha0.15_seed1.pt","4809","38482b810596c2a65b2ab03b2cfc14a5889eb3c9f4cd265bd36d73b38da58fc0"
"checkpoints/synthetic_baseline_vanilla_lstm_alpha0.15_seed2.pt","4809","7cbd92ba3b169e9a2b0e72d37f97f1acb3f3ead43196f68eb52c48d7c8d6c594"
"checkpoints/synthetic_baseline_vanilla_lstm_alpha0.2_seed0.pt","4800","36853034aeef0fe1d9d0c9b6c34185fda2438e6d3978c7e7103ca08c7b03431a"
"checkpoints/synthetic_baseline_vanilla_lstm_alpha0.2_seed1.pt","4800","3cd8b91aae119d4a7798496c843838099af8234fc5e4b8daf59cb14e579a7248"
"checkpoints/synthetic_baseline_vanilla_lstm_alpha0.2_seed2.pt","4800","f28f451221eb6c140092318d7b226fbd9a7f0cecb014b05b00045619e5815a1b"
"configs/final.json","3110","b98670024d74de95d343fa1dbdab887441bb1f128546681996347c81ba5874fc"
"environment/reference_environment.json","331","edbc941118b077e75d0f817c2218d2b721d18a3de364e86d5182ec0480267761"
"figures/architecture_search.png","71982","b727350b70d810a9f107edbdfd7add454661d136cdf49c6e1ecb255c669fd1e0"
"figures/artifact_stress.png","57363","1829c4ef8688e46d728518b2859a96a3d3f62386985fbb9963d8cf43efd3846d"
"figures/automatic_symmetry.png","38182","aa49354c0dfb05265c2b925327b37e4698544e73745eef6216a2ad95a8ce0fa5"
"figures/bic_structural_ablation.png","37079","9b45c0b3f1154199721a7362a48e49e81dbbd4aad22418590ac36d0c9b2b5a93"
"figures/compression_fidelity.png","44203","57c7feb5be3113cfbd15bf3ea23f0e694ba5d0198b22c26f860bb913c03bf199"
"figures/cross_device.png","89314","2d8499cefe60581e3786d36e8df6e8dd70566926c579643cc2451438cfcb2b73"
"figures/cross_rate.png","58377","8db34d651d9ae7353b156d3bf995da486ac6dcd05ede360920f16fb9f29af6bf"
"figures/detection_regime.png","84625","a4c805070078ca7c637ba86bf91988d562af54498cc39d43bfec2df886470b5e"
"figures/frequency_response.png","30127","6093f978a2c6c45b5ee2eb936ef5835f8a25c4d4cdbc28029c479aba64ff4d29"
"figures/geometry_transfer.png","54106","aaf71171ce5804db5aa859006dd92f2a09a5a74ef61ba206368a779f39775213"
"figures/initialization_ablation.png","56880","06126d5713c4e41255619d52a1b5fcd174980fea5b732719779c34b193c5a863"
"figures/latent_recovery.png","49845","741bb562f19ffaf31ea635bc5e2486a28d36a0b6c85e4c39a45bbfb3efa2d369"
"figures/learning_rate_sensitivity.png","26373","df2f25dcebccda96ec8e27ab99e6f8630e5a69bcf3ea7ac76fe9e274369ee27b"
"figures/long_sequence.png","42717","7bf592ae40483e418bf0857d94d4e11da80eced0f9762c158624f7cc2e8f3712"
"figures/measured_baselines.png","57995","189786017304c5441ba4a1d0c1449555fe82e5001af3e57c66a8c7282d4b9ad7"
"figures/measured_fidelity.png","30348","6cc247607961c69dfd8e573e1bcbcd9fb2dfdbcafe44d0cb57b460803b1a9bc5"
"figures/multilayer.png","27237","e76a1cded9264bb6b61afe6ecb70e0d8bd993140dfcc7611edc0f45d1a9b8143"
"figures/negative_controls.png","43864","fb042f43328d8ede8e2745f7c17e9a8d3bb4e5f9c849f2a5fb73fad76408dcef"
"figures/recurrence_controls.png","40123","4a56455f4159136c8eeab2b80b48c13e7076d6828d4e62e380334f034e15a576"
"figures/rrad_ablation.png","35919","50d8d790523ad3159bb89dd33efe9e8e7b2bcba1ea56c094ad174cbecc6f8111"
"figures/runtime_benchmark.png","47327","34d6f002674d87be92218e0faafad196279be570b4712dec828dfd1aba8d7fdc"
"figures/scalable_bic.png","45274","0732d77a404e63a56710037305659b8ab398a724ac6271186d4edc3d1bf8ea0f"
"figures/synthetic_baselines.png","37738","b8d84c4748db878ca778acadbb1ac118a2f1e1917e00419a4aa206cbcc813280"
"manifests/record_summary.json","544","c0cf7b3322e2d62905aa44d88e562793322db0d3ba7468646348f97b214b32cc"
"raw_results/architecture_search.csv","28228","07b4468db2ccd1846b9abd9f0ddb89a22484931e8bfe36f2ba3467936bd8a16c"
"raw_results/artifact_stress.csv","23069","8dba01a27da9635685d75f2b03bc34dd491d05664c16fbfd915b9cf14846a10c"
"raw_results/automatic_symmetry.csv","12118","208f8f6aafb950cc98fa2448994906fc03b84bfa98ad40962754a051a1bcb7ae"
"raw_results/bic_structural_ablation.csv","15002","edb85dd6464e4e9655f90a78ff676946d43dababb6f44e701dd65512d21d5662"
"raw_results/circuit_validation.csv","9188","9dfcf927f3a7d8bd9a705f1bbc5166a6a5c511e3db8d62cc92c64008b7fc49da"
"raw_results/compression_fidelity.csv","29586","6b3290a3157c970afe616648e09755be9ca4832f347ed3760076f0a0faa20b49"
"raw_results/cross_device.csv","20938","c57304464220664a2073a21e560c425effb0db2c777f9da58c109476ee35631e"
"raw_results/cross_rate.csv","33939","f819cb56f3c79221bef61c72a993aebc04003b46c55069c8e0ec4dc6aa4e8d34"
"raw_results/dataset_integrity.csv","191","d8d560d2fcf2d3b953139d494f7ba69907cce924dfbf1818391ade8fedaee9d6"
"raw_results/detection_regime.csv","44567","fbbcde0acb389306374deb538242949d799e04e7c5c6d07262c3c0b80b6e4da8"
"raw_results/export_validation.csv","2014","5ad8fceca5f19d24f8c76769d88eda66d8003df60e1d4c2d573ef9ce66bc3652"
"raw_results/figures_and_tables.csv","2367","2e87364c57386aedff62f686bf9695659d752ba803a8268520930baaf5da3f0a"
"raw_results/frequency_response.csv","9766","e04ca0170f009c9ffe864a63bd994f54ed045e858d78ca7897697ac746de9467"
"raw_results/geometry_transfer.csv","17862","e7a8b8e91b1ace4acfdff0b7412dac85901f80a87c5b167ddf6adc01d6311ddc"
"raw_results/initialization_ablation.csv","12075","c7ffff9dae06498f58432adf4d3e4758d8412c6871c63a5bdd135cceb300a4cd"
"raw_results/latent_recovery.csv","13485","953d676a8dbb6d52acba6deed7cd1205ec4713429dc629a261917d12a3f49b00"
"raw_results/learning_rate_sensitivity.csv","7797","7ac3c47e616a4c1a8d5cd72863cb63ad4567ddb9e4e5ce774b750006c46e8763"
"raw_results/long_sequence.csv","2494","dab6062126ac7b32ea711923d9007a6bcc5662747d639222475423a85b1e010f"
"raw_results/measured_baselines.csv","17708","6e671df86bbbc27d847b7fe26b951dbe49767f5000227ac274c5eceba848740c"
"raw_results/measured_fidelity.csv","7653","4d9444cbc6833a66fa5989904fed78f73a34ebfb781378fddf9bcfa923c3cc37"
"raw_results/multilayer.csv","7541","a7ba73b926b42af47d0e81d70cc7514638bf9d4a115a6c9fa5b6e2f31fd908e1"
"raw_results/negative_controls.csv","13743","f1851e2999b9fd3ab158e0f7f4052d4e94f6bc1f9e0323b2053b91946b19aefe"
"raw_results/recurrence_controls.csv","10109","2aa92664c4ad304c6f9115d53c6ee80865ccabfcd5fe4812530bd81398b89e20"
"raw_results/rrad_ablation.csv","12328","c1da1fef7ff3879a41ed26fe183595780afb8398dcf2fd5d6b95ca88b0f0dd41"
"raw_results/runtime_benchmark.csv","13584","6a41e7b5581dcadbe8ccd06da22177c36e56895a00c4ddce454236ab94ed3b0e"
"raw_results/scalable_bic.csv","1551","fc355ddf66c80233d0e01385f237c5b048860a2cc1e0e81ad8929d9c25ce671a"
"raw_results/statistical_summary.csv","21680","b12e4d7653adaf426d94bdcab21a610ca02093e40228e6820d3855a398b5ba83"
"raw_results/synthetic_baselines.csv","43118","964cb049072706ce3d9b6f73e3867737fe4d323c44ccb7e32de762738f041188"
"README.md","1035","38c789ef1572b69ebbc8f4905530b1db59b0e723c69326866c6a468036f0bcf6"
"tables/architecture_search.tex","812","2419b15ffc4b6b042705d3d594c903ce1fa0e9915f45cd6dc91105c7219fb05a"
"tables/artifact_stress.tex","991","b4a1acb2e923bc8f147dd2db33b7d6dcba6d53f82b40308b1dd820f59f3d327e"
"tables/automatic_symmetry.tex","721","e741db498470cb3da65a58f3f97cfc99988703b6675d7a4830852577b159c66c"
"tables/bic_structural_ablation.tex","691","f721d301461581e67d9f1e125906864d979c3dd1bd8a7c6160fd701028fc300d"
"tables/canonical_compression_accounting.csv","186","da378073efed8e3696ece1c6dafd4c35c0d693d35a64c3b24f9027a32bf34028"
"tables/canonical_compression_accounting.tex","309","3626088c6142af84d4ebf195f9eebd466d3102213d89aabaa7bf39477b2e21ff"
"tables/circuit_validation.tex","506","776ecc5cb3832b16367ee557f582968f08c385e12dcd15f9ecbe490b8113149a"
"tables/compression_fidelity.tex","1452","33fc3396e078ebd2cf7962cd1d7e8acf4713b43a71d4dcc9b329d6602aa553b9"
"tables/cross_device.tex","726","133c88bc58499c00ccb767088f9e31e3361646ed9a5b8c30a8a8bdb75fe43889"
"tables/cross_rate.tex","925","4e81302f2bb0c143e547b0fb81996edb8ac77cc34f9b9c9bc446f92b4ba35315"
"tables/dataset_integrity.tex","312","d06d15ef65ec0e918315ed3e3551889a2b85903cd865cd6c3dfc3ca7eb9dfa9c"
"tables/detection_regime.tex","1546","e90f5487050f3583aabbf6c0734869ca4667321c1e2e9008931049e24001dc22"
"tables/export_validation.tex","2209","d300fea91310f730e5a0c0123579e25f46d34a5e1fcede2135cbffd98b7b86f2"
"tables/frequency_response.tex","351","db2fc3c56b1401ed5c3d544e0bbf213e4f359671dbc35a8c78d1be9497a9f76d"
"tables/geometry_transfer.tex","795","16f7303cf72349f80c64977640aec44ce0ccfd55eaf0122a81aecc457f2ee80f"
"tables/initialization_ablation.tex","886","acd66d7d58abe0cf2dec1f369196de526834c05331c4cc10d190f0888e6ada8b"
"tables/latent_recovery.tex","736","5b9bd1aa382f688a3fb39954df5d49d690b1c470cab0b37cb2b8e87c682aed32"
"tables/learning_rate_sensitivity.tex","409","82aa4b09d2bef2f722e7226ac3e2345a629a805233fafad4017bc833e794ff0f"
"tables/long_sequence.tex","426","fa90d8289e609e147980e54adf20f2de25a827b51d3a62850db25b6689006833"
"tables/measured_baselines.tex","675","daaa67a6bef263ba433a6dda24c0dfcb9f720e31c52fd7a94d71c4ca0d68946f"
"tables/measured_fidelity.tex","439","ce9c8e43cb15564efa85af9002e4fd3caa533dfb8358af2783fcbcbb6ed35e2b"
"tables/multilayer.tex","355","9fe170606a7ae6f9dc418fe11bdfad68ac88167afd3fda7d6b058723dbbc8286"
"tables/negative_controls.tex","579","a628576bed31e7bbd0e151e254c55abdd139a222434771f21dff0fb43b7b4fe4"
"tables/recurrence_controls.tex","492","655acf7f1f04584c81dfea0c153a1b3a9e2df4792af2b29fad1111834b24dd20"
"tables/rrad_ablation.tex","475","bbf02fea55233051cc37f54948e5108e99f3769086ce873b6dc3900ca0baf9e1"
"tables/runtime_benchmark.tex","1593","795b4c76d30754d58476c69485217e4b6bffda78493c47bc0e3558d654f6a44f"
"tables/scalable_bic.tex","1141","48d51933fae2b3c24018ff920eb2c9fbdc67aa7ab462ed5e5fd19b377ac2931b"
"tables/synthetic_baselines.tex","1298","d17e4c4e3d48258bea703ba100e3338a407bf0dd3e218b8f662799b24406509f"
