artifact,alpha_rec,r2,accepted,alpha_error,alpha_error_pct,latent_slope,cluster_count,checkpoint_path,checkpoint_hash,checkpoint_file_sha256,model_class,model_architecture,model_parameter_count,profile,seed,device,train_source_ids,validation_source_ids,test_source_ids,degradation_pp,execution_device
none,0.08156627951105495,0.9716467723750329,True,0.0195784938881869,1.95784938881869,0.08156627951105495,16,checkpoints/artifact_none_seed0.pt,4637b2a3182a39523acab3a6e97919014760b7a1fc6530ad1e417833b10a3516,757faec132625025e83e2278bb85c2a603bbbdf251bdf8d07ec099733f13baa2,GloballyClusteredModel,"{""class"": ""RecurrentStudent"", ""hidden_size"": 8, ""input_size"": 1, ""materialized_cluster_count"": 16, ""num_layers"": 1, ""output_size"": 1, ""parameters"": 289}",289,final,0,cuda,driver-42-tau0.05-heat800-artifactnone;driver-123-tau0.05-heat800-artifactnone;driver-456-tau0.05-heat800-artifactnone;driver-7-tau0.05-heat800-artifactnone;driver-99-tau0.05-heat800-artifactnone,driver-999-tau0.05-heat800-artifactnone,driver-777-tau0.05-heat800-artifactnone;driver-888-tau0.05-heat800-artifactnone;driver-555-tau0.05-heat800-artifactnone,0.0,cuda
none,0.08282205675579268,0.9852839048660714,True,0.03527570944740852,3.527570944740852,0.08282205675579268,16,checkpoints/artifact_none_seed1.pt,939ecf32e8156e779e1368bc4aa4fb564b221445b038afb7b1c40679c55e911b,9f99578755f2d6b5708fba33482ffb68d82381f15c089d38e835f980c4ca26c6,GloballyClusteredModel,"{""class"": ""RecurrentStudent"", ""hidden_size"": 8, ""input_size"": 1, ""materialized_cluster_count"": 16, ""num_layers"": 1, ""output_size"": 1, ""parameters"": 289}",289,final,1,cuda,driver-42-tau0.05-heat800-artifactnone;driver-123-tau0.05-heat800-artifactnone;driver-456-tau0.05-heat800-artifactnone;driver-7-tau0.05-heat800-artifactnone;driver-99-tau0.05-heat800-artifactnone,driver-999-tau0.05-heat800-artifactnone,driver-777-tau0.05-heat800-artifactnone;driver-888-tau0.05-heat800-artifactnone;driver-555-tau0.05-heat800-artifactnone,0.0,cuda
none,0.09773685045508777,0.9866873693539118,True,0.22171063068859714,22.171063068859713,0.09773685045508777,16,checkpoints/artifact_none_seed2.pt,3b902c52c42f3831b20a76fa38b0710efe617a761ec7480f7b13cff8028e8bfa,6b334f606c7e6f7f4656eea2c421cb29486120250707dfa26668515f5633ba4d,GloballyClusteredModel,"{""class"": ""RecurrentStudent"", ""hidden_size"": 8, ""input_size"": 1, ""materialized_cluster_count"": 16, ""num_layers"": 1, ""output_size"": 1, ""parameters"": 289}",289,final,2,cuda,driver-42-tau0.05-heat800-artifactnone;driver-123-tau0.05-heat800-artifactnone;driver-456-tau0.05-heat800-artifactnone;driver-7-tau0.05-heat800-artifactnone;driver-99-tau0.05-heat800-artifactnone,driver-999-tau0.05-heat800-artifactnone,driver-777-tau0.05-heat800-artifactnone;driver-888-tau0.05-heat800-artifactnone;driver-555-tau0.05-heat800-artifactnone,0.0,cuda
contact_drift,0.08260641823467933,0.9783463394981018,True,0.032580227933491634,3.2580227933491637,0.08260641823467933,16,checkpoints/artifact_contact_drift_seed0.pt,a455d5e240d4a3dbd1b29d32ae5e5bbaa660f5a7de5ea02e3ee9df570ad4d3f3,0bff107950a6bd82dd030dcd8d0572df6706a802c92e04271fd43feaa8542fa4,GloballyClusteredModel,"{""class"": ""RecurrentStudent"", ""hidden_size"": 8, ""input_size"": 1, ""materialized_cluster_count"": 16, ""num_layers"": 1, ""output_size"": 1, ""parameters"": 289}",289,final,0,cuda,driver-42-tau0.05-heat800-artifactcontact_drift;driver-123-tau0.05-heat800-artifactcontact_drift;driver-456-tau0.05-heat800-artifactcontact_drift;driver-7-tau0.05-heat800-artifactcontact_drift;driver-99-tau0.05-heat800-artifactcontact_drift,driver-999-tau0.05-heat800-artifactcontact_drift,driver-777-tau0.05-heat800-artifactcontact_drift;driver-888-tau0.05-heat800-artifactcontact_drift;driver-555-tau0.05-heat800-artifactcontact_drift,1.3001734045304736,cuda
contact_drift,0.06490646453763155,0.9473868317518908,True,0.18866919327960568,18.86691932796057,0.06490646453763155,16,checkpoints/artifact_contact_drift_seed1.pt,c0f8469636ffd8285b34f2a9b099d707182fe33bd551ff09267e1b81b21762ef,533c9ae3df39533a263f188a314055bb1c0d971e7d4588fb49162f630cf2e715,GloballyClusteredModel,"{""class"": ""RecurrentStudent"", ""hidden_size"": 8, ""input_size"": 1, ""materialized_cluster_count"": 16, ""num_layers"": 1, ""output_size"": 1, ""parameters"": 289}",289,final,1,cuda,driver-42-tau0.05-heat800-artifactcontact_drift;driver-123-tau0.05-heat800-artifactcontact_drift;driver-456-tau0.05-heat800-artifactcontact_drift;driver-7-tau0.05-heat800-artifactcontact_drift;driver-99-tau0.05-heat800-artifactcontact_drift,driver-999-tau0.05-heat800-artifactcontact_drift,driver-777-tau0.05-heat800-artifactcontact_drift;driver-888-tau0.05-heat800-artifactcontact_drift;driver-555-tau0.05-heat800-artifactcontact_drift,15.339348383219718,cuda
contact_drift,0.06684929481038078,0.9477915275702853,True,0.16438381487024026,16.438381487024024,0.06684929481038078,16,checkpoints/artifact_contact_drift_seed2.pt,9c2961a693dc492a6ffc0f980edb37e08dbe4d0b4709128c220c73bb2d6b2e60,bc65152ed1940c07cee260f62d38ec5f478a53cdadee5ea4282adeafb48e5a93,GloballyClusteredModel,"{""class"": ""RecurrentStudent"", ""hidden_size"": 8, ""input_size"": 1, ""materialized_cluster_count"": 16, ""num_layers"": 1, ""output_size"": 1, ""parameters"": 289}",289,final,2,cuda,driver-42-tau0.05-heat800-artifactcontact_drift;driver-123-tau0.05-heat800-artifactcontact_drift;driver-456-tau0.05-heat800-artifactcontact_drift;driver-7-tau0.05-heat800-artifactcontact_drift;driver-99-tau0.05-heat800-artifactcontact_drift,driver-999-tau0.05-heat800-artifactcontact_drift,driver-777-tau0.05-heat800-artifactcontact_drift;driver-888-tau0.05-heat800-artifactcontact_drift;driver-555-tau0.05-heat800-artifactcontact_drift,-5.732681581835688,cuda
read_noise,0.0842348852195199,0.9898966212730788,True,0.0529360652439987,5.29360652439987,0.0842348852195199,16,checkpoints/artifact_read_noise_seed0.pt,56efbc452a2bef71d3a030210bbda4f1b115bc2090b9060c0bbe429899640b5c,a97d3a9dba4065de6c622fb1599efa753b3f44116aeccef63ecbb547fa8994ef,GloballyClusteredModel,"{""class"": ""RecurrentStudent"", ""hidden_size"": 8, ""input_size"": 1, ""materialized_cluster_count"": 16, ""num_layers"": 1, ""output_size"": 1, ""parameters"": 289}",289,final,0,cuda,driver-42-tau0.05-heat800-artifactread_noise;driver-123-tau0.05-heat800-artifactread_noise;driver-456-tau0.05-heat800-artifactread_noise;driver-7-tau0.05-heat800-artifactread_noise;driver-99-tau0.05-heat800-artifactread_noise,driver-999-tau0.05-heat800-artifactread_noise,driver-777-tau0.05-heat800-artifactread_noise;driver-888-tau0.05-heat800-artifactread_noise;driver-555-tau0.05-heat800-artifactread_noise,3.3357571355811797,cuda
read_noise,0.08187981338822327,0.9775003504089038,True,0.023497667352790838,2.3497667352790836,0.08187981338822327,16,checkpoints/artifact_read_noise_seed1.pt,94a7a85dc21dd31b8b0fce0cefe27aa9a3da1fda4cac5f19f91016b732312856,31f301deeb62af4fc1f2aba2adb7e052e404d5c585d93adfadd6e51a34fb0a27,GloballyClusteredModel,"{""class"": ""RecurrentStudent"", ""hidden_size"": 8, ""input_size"": 1, ""materialized_cluster_count"": 16, ""num_layers"": 1, ""output_size"": 1, ""parameters"": 289}",289,final,1,cuda,driver-42-tau0.05-heat800-artifactread_noise;driver-123-tau0.05-heat800-artifactread_noise;driver-456-tau0.05-heat800-artifactread_noise;driver-7-tau0.05-heat800-artifactread_noise;driver-99-tau0.05-heat800-artifactread_noise,driver-999-tau0.05-heat800-artifactread_noise,driver-777-tau0.05-heat800-artifactread_noise;driver-888-tau0.05-heat800-artifactread_noise;driver-555-tau0.05-heat800-artifactread_noise,-1.1778042094617684,cuda
read_noise,0.0867482737594051,0.9349341359775822,True,0.08435342199256367,8.435342199256366,0.0867482737594051,8,checkpoints/artifact_read_noise_seed2.pt,6b0b40a65becda28248e8202eae7ca1c698ff0df671d2e680fed1bfc8c7d1448,059015df333e6609838b536c0923f600731b0394d328d6cf8990bed60b2a4bc7,GloballyClusteredModel,"{""class"": ""RecurrentStudent"", ""hidden_size"": 8, ""input_size"": 1, ""materialized_cluster_count"": 8, ""num_layers"": 1, ""output_size"": 1, ""parameters"": 281}",281,final,2,cuda,driver-42-tau0.05-heat800-artifactread_noise;driver-123-tau0.05-heat800-artifactread_noise;driver-456-tau0.05-heat800-artifactread_noise;driver-7-tau0.05-heat800-artifactread_noise;driver-99-tau0.05-heat800-artifactread_noise,driver-999-tau0.05-heat800-artifactread_noise,driver-777-tau0.05-heat800-artifactread_noise;driver-888-tau0.05-heat800-artifactread_noise;driver-555-tau0.05-heat800-artifactread_noise,-13.735720869603346,cuda
amplitude_jitter,0.0653306278109089,0.8427360140807219,False,0.1833671523636388,18.33671523636388,0.0653306278109089,16,checkpoints/artifact_amplitude_jitter_seed0.pt,8130cd96c48b623d494165f15478899824fe626aa6dc0ae7c091a874ba624caa,a08a2cb05434fea37ab17a37cbdd7cd8f7e19df04a7c934380a93a220db95f83,GloballyClusteredModel,"{""class"": ""RecurrentStudent"", ""hidden_size"": 8, ""input_size"": 1, ""materialized_cluster_count"": 16, ""num_layers"": 1, ""output_size"": 1, ""parameters"": 289}",289,final,0,cuda,driver-42-tau0.05-heat800-artifactamplitude_jitter;driver-123-tau0.05-heat800-artifactamplitude_jitter;driver-456-tau0.05-heat800-artifactamplitude_jitter;driver-7-tau0.05-heat800-artifactamplitude_jitter;driver-99-tau0.05-heat800-artifactamplitude_jitter,driver-999-tau0.05-heat800-artifactamplitude_jitter,driver-777-tau0.05-heat800-artifactamplitude_jitter;driver-888-tau0.05-heat800-artifactamplitude_jitter;driver-555-tau0.05-heat800-artifactamplitude_jitter,16.37886584754519,cuda
amplitude_jitter,0.09276621341512835,0.9916516379526397,True,0.15957766768910434,15.957766768910433,0.09276621341512835,16,checkpoints/artifact_amplitude_jitter_seed1.pt,66ece23b2c4007c5b952f1d0cb488e7925748af088242d838474e65a319d508d,fd967650fe728f284058947abd08deee2012d0605bb41e4752d2a548ed5f8aba,GloballyClusteredModel,"{""class"": ""RecurrentStudent"", ""hidden_size"": 8, ""input_size"": 1, ""materialized_cluster_count"": 16, ""num_layers"": 1, ""output_size"": 1, ""parameters"": 289}",289,final,1,cuda,driver-42-tau0.05-heat800-artifactamplitude_jitter;driver-123-tau0.05-heat800-artifactamplitude_jitter;driver-456-tau0.05-heat800-artifactamplitude_jitter;driver-7-tau0.05-heat800-artifactamplitude_jitter;driver-99-tau0.05-heat800-artifactamplitude_jitter,driver-999-tau0.05-heat800-artifactamplitude_jitter,driver-777-tau0.05-heat800-artifactamplitude_jitter;driver-888-tau0.05-heat800-artifactamplitude_jitter;driver-555-tau0.05-heat800-artifactamplitude_jitter,12.430195824169582,cuda
amplitude_jitter,0.06768530116982331,0.9021168057140461,True,0.1539337353772086,15.393373537720862,0.06768530116982331,8,checkpoints/artifact_amplitude_jitter_seed2.pt,821fbe7ddc5defbb9f9c2345e744d51607c4385c67bc21d74c9392ce7791a4f1,9055c5ed29569f6cd2f0fdea4b16c1d71d2d0594c964159973411793adeb875e,GloballyClusteredModel,"{""class"": ""RecurrentStudent"", ""hidden_size"": 8, ""input_size"": 1, ""materialized_cluster_count"": 8, ""num_layers"": 1, ""output_size"": 1, ""parameters"": 281}",281,final,2,cuda,driver-42-tau0.05-heat800-artifactamplitude_jitter;driver-123-tau0.05-heat800-artifactamplitude_jitter;driver-456-tau0.05-heat800-artifactamplitude_jitter;driver-7-tau0.05-heat800-artifactamplitude_jitter;driver-99-tau0.05-heat800-artifactamplitude_jitter,driver-999-tau0.05-heat800-artifactamplitude_jitter,driver-777-tau0.05-heat800-artifactamplitude_jitter;driver-888-tau0.05-heat800-artifactamplitude_jitter;driver-555-tau0.05-heat800-artifactamplitude_jitter,-6.777689531138851,cuda
baseline_drift,0.07551813372082905,0.9265704152553061,True,0.05602332848963689,5.602332848963689,0.07551813372082905,16,checkpoints/artifact_baseline_drift_seed0.pt,c40dd03e4fce65f8434ce6ed3f2c4f1da20ea04e9331a78483610638ac7f86a0,fcb935b9e51cd8b13d3ed42505ab5a510059858ca49aa75fbc27c4e5589feb90,GloballyClusteredModel,"{""class"": ""RecurrentStudent"", ""hidden_size"": 8, ""input_size"": 1, ""materialized_cluster_count"": 16, ""num_layers"": 1, ""output_size"": 1, ""parameters"": 289}",289,final,0,cuda,driver-42-tau0.05-heat800-artifactbaseline_drift;driver-123-tau0.05-heat800-artifactbaseline_drift;driver-456-tau0.05-heat800-artifactbaseline_drift;driver-7-tau0.05-heat800-artifactbaseline_drift;driver-99-tau0.05-heat800-artifactbaseline_drift,driver-999-tau0.05-heat800-artifactbaseline_drift,driver-777-tau0.05-heat800-artifactbaseline_drift;driver-888-tau0.05-heat800-artifactbaseline_drift;driver-555-tau0.05-heat800-artifactbaseline_drift,3.644483460144999,cuda
baseline_drift,0.08158874730232604,0.9826251067585595,True,0.01985934127907551,1.9859341279075509,0.08158874730232604,16,checkpoints/artifact_baseline_drift_seed1.pt,ee41b0bd210d8ee685c731086a5d7af8308f3206902dbc34c64ce01de61390e8,1e07f50f6b6c2d39157601c9c865b7479c367a077134fbde6a0064b362ce8cd9,GloballyClusteredModel,"{""class"": ""RecurrentStudent"", ""hidden_size"": 8, ""input_size"": 1, ""materialized_cluster_count"": 16, ""num_layers"": 1, ""output_size"": 1, ""parameters"": 289}",289,final,1,cuda,driver-42-tau0.05-heat800-artifactbaseline_drift;driver-123-tau0.05-heat800-artifactbaseline_drift;driver-456-tau0.05-heat800-artifactbaseline_drift;driver-7-tau0.05-heat800-artifactbaseline_drift;driver-99-tau0.05-heat800-artifactbaseline_drift,driver-999-tau0.05-heat800-artifactbaseline_drift,driver-777-tau0.05-heat800-artifactbaseline_drift;driver-888-tau0.05-heat800-artifactbaseline_drift;driver-555-tau0.05-heat800-artifactbaseline_drift,-1.5416368168333012,cuda
baseline_drift,0.07388696883088879,0.9401542143336803,True,0.0764128896138902,7.64128896138902,0.07388696883088879,16,checkpoints/artifact_baseline_drift_seed2.pt,8bc38eb72c42b7dba66b7997917a9ec4405c344d28783e61e6f61f463c5e94b4,81c826943eafaf1cc690c3a720c57212b69c02a60a27ee342182bbaf828f2bad,GloballyClusteredModel,"{""class"": ""RecurrentStudent"", ""hidden_size"": 8, ""input_size"": 1, ""materialized_cluster_count"": 16, ""num_layers"": 1, ""output_size"": 1, ""parameters"": 289}",289,final,2,cuda,driver-42-tau0.05-heat800-artifactbaseline_drift;driver-123-tau0.05-heat800-artifactbaseline_drift;driver-456-tau0.05-heat800-artifactbaseline_drift;driver-7-tau0.05-heat800-artifactbaseline_drift;driver-99-tau0.05-heat800-artifactbaseline_drift,driver-999-tau0.05-heat800-artifactbaseline_drift,driver-777-tau0.05-heat800-artifactbaseline_drift;driver-888-tau0.05-heat800-artifactbaseline_drift;driver-555-tau0.05-heat800-artifactbaseline_drift,-14.529774107470693,cuda
device_variation,0.07353102792928051,0.9640016834257512,True,0.08086215088399361,8.08621508839936,0.07353102792928051,16,checkpoints/artifact_device_variation_seed0.pt,d70d1de142fc7def233fd7ae2b7b247f31478905740013ecc864c1571b570ed2,fc9294654dde565965db4d2de5fd8fc7767e50571c2f389ebba347c40004b3a7,GloballyClusteredModel,"{""class"": ""RecurrentStudent"", ""hidden_size"": 8, ""input_size"": 1, ""materialized_cluster_count"": 16, ""num_layers"": 1, ""output_size"": 1, ""parameters"": 289}",289,final,0,cuda,driver-42-tau0.05-heat800-artifactdevice_variation;driver-123-tau0.05-heat800-artifactdevice_variation;driver-456-tau0.05-heat800-artifactdevice_variation;driver-7-tau0.05-heat800-artifactdevice_variation;driver-99-tau0.05-heat800-artifactdevice_variation,driver-999-tau0.05-heat800-artifactdevice_variation,driver-777-tau0.05-heat800-artifactdevice_variation;driver-888-tau0.05-heat800-artifactdevice_variation;driver-555-tau0.05-heat800-artifactdevice_variation,6.1283656995806695,cuda
device_variation,0.07536240776950688,0.9901023530925093,True,0.05796990288116401,5.796990288116401,0.07536240776950688,16,checkpoints/artifact_device_variation_seed1.pt,e18709a2265f19306dc39eb3309edc64036abdf04add56c815b34c59638bc89a,9d317ebf22d943514e66446b341a57fde97d1279ff3eccb0e47ed863e9243372,GloballyClusteredModel,"{""class"": ""RecurrentStudent"", ""hidden_size"": 8, ""input_size"": 1, ""materialized_cluster_count"": 16, ""num_layers"": 1, ""output_size"": 1, ""parameters"": 289}",289,final,1,cuda,driver-42-tau0.05-heat800-artifactdevice_variation;driver-123-tau0.05-heat800-artifactdevice_variation;driver-456-tau0.05-heat800-artifactdevice_variation;driver-7-tau0.05-heat800-artifactdevice_variation;driver-99-tau0.05-heat800-artifactdevice_variation,driver-999-tau0.05-heat800-artifactdevice_variation,driver-777-tau0.05-heat800-artifactdevice_variation;driver-888-tau0.05-heat800-artifactdevice_variation;driver-555-tau0.05-heat800-artifactdevice_variation,2.269419343375549,cuda
device_variation,0.07196325806461197,0.9590236365914956,True,0.10045927419235039,10.045927419235039,0.07196325806461197,16,checkpoints/artifact_device_variation_seed2.pt,d2990243f9736210f8e9e8f79408d1d465eae1ea3c844b989bc7da7f97bab879,d39161e590749cbf1c9390da9efd2f1566eb4f265152385a4b9071d2a879a7ae,GloballyClusteredModel,"{""class"": ""RecurrentStudent"", ""hidden_size"": 8, ""input_size"": 1, ""materialized_cluster_count"": 16, ""num_layers"": 1, ""output_size"": 1, ""parameters"": 289}",289,final,2,cuda,driver-42-tau0.05-heat800-artifactdevice_variation;driver-123-tau0.05-heat800-artifactdevice_variation;driver-456-tau0.05-heat800-artifactdevice_variation;driver-7-tau0.05-heat800-artifactdevice_variation;driver-99-tau0.05-heat800-artifactdevice_variation,driver-999-tau0.05-heat800-artifactdevice_variation,driver-777-tau0.05-heat800-artifactdevice_variation;driver-888-tau0.05-heat800-artifactdevice_variation;driver-555-tau0.05-heat800-artifactdevice_variation,-12.125135649624674,cuda
aging,0.07181901516182439,0.8914094716978225,True,0.10226231047719518,10.226231047719518,0.07181901516182439,16,checkpoints/artifact_aging_seed0.pt,86255626a80cf489466781350f2bdbf45ae53b90a664d26908bfdc051d73ec58,0c65dc81015d3d18021193561ad060ff06d2aa3e9961838387888c09761678c0,GloballyClusteredModel,"{""class"": ""RecurrentStudent"", ""hidden_size"": 8, ""input_size"": 1, ""materialized_cluster_count"": 16, ""num_layers"": 1, ""output_size"": 1, ""parameters"": 289}",289,final,0,cuda,driver-42-tau0.05-heat800-artifactaging;driver-123-tau0.05-heat800-artifactaging;driver-456-tau0.05-heat800-artifactaging;driver-7-tau0.05-heat800-artifactaging;driver-99-tau0.05-heat800-artifactaging,driver-999-tau0.05-heat800-artifactaging,driver-777-tau0.05-heat800-artifactaging;driver-888-tau0.05-heat800-artifactaging;driver-555-tau0.05-heat800-artifactaging,8.268381658900827,cuda
aging,0.07304126918260208,0.9719732497733137,True,0.08698413521747404,8.698413521747405,0.07304126918260208,16,checkpoints/artifact_aging_seed1.pt,090f6d1849b751b8fab3b38ff81b6dcaff2e83f9322ee7c6ccc1bd1fd10d96a6,713157f8715d79e0e02095f66e7653623e180cf66392971ace0027299dabb24f,GloballyClusteredModel,"{""class"": ""RecurrentStudent"", ""hidden_size"": 8, ""input_size"": 1, ""materialized_cluster_count"": 16, ""num_layers"": 1, ""output_size"": 1, ""parameters"": 289}",289,final,1,cuda,driver-42-tau0.05-heat800-artifactaging;driver-123-tau0.05-heat800-artifactaging;driver-456-tau0.05-heat800-artifactaging;driver-7-tau0.05-heat800-artifactaging;driver-99-tau0.05-heat800-artifactaging,driver-999-tau0.05-heat800-artifactaging,driver-777-tau0.05-heat800-artifactaging;driver-888-tau0.05-heat800-artifactaging;driver-555-tau0.05-heat800-artifactaging,5.170842577006553,cuda
aging,0.08752247638920758,0.9595532705426247,True,0.09403095486509479,9.403095486509478,0.08752247638920758,16,checkpoints/artifact_aging_seed2.pt,42942faeddc2f71d69bd43de49348149acc39c83a22e70bffa1bb3f189134f4c,0bdc1cb4bd659b9fd3a88e6c8df410bda28bc172a39b20be7f70f4728bbc6447,GloballyClusteredModel,"{""class"": ""RecurrentStudent"", ""hidden_size"": 8, ""input_size"": 1, ""materialized_cluster_count"": 16, ""num_layers"": 1, ""output_size"": 1, ""parameters"": 289}",289,final,2,cuda,driver-42-tau0.05-heat800-artifactaging;driver-123-tau0.05-heat800-artifactaging;driver-456-tau0.05-heat800-artifactaging;driver-7-tau0.05-heat800-artifactaging;driver-99-tau0.05-heat800-artifactaging,driver-999-tau0.05-heat800-artifactaging,driver-777-tau0.05-heat800-artifactaging;driver-888-tau0.05-heat800-artifactaging;driver-555-tau0.05-heat800-artifactaging,-12.767967582350234,cuda
missing_samples,0.08930693716770453,0.9674744689715672,True,0.11633671459630665,11.633671459630666,0.08930693716770453,8,checkpoints/artifact_missing_samples_seed0.pt,223a97d41c9f5f2aa07110a762bcf2e2ca31e623b07e681503dc665248bc443b,9c1216f18c6679c6bdbd0dcd43d6513c16acd887f5ab71b634b66c9583a4e073,GloballyClusteredModel,"{""class"": ""RecurrentStudent"", ""hidden_size"": 8, ""input_size"": 1, ""materialized_cluster_count"": 8, ""num_layers"": 1, ""output_size"": 1, ""parameters"": 281}",281,final,0,cuda,driver-42-tau0.05-heat800-artifactmissing_samples;driver-123-tau0.05-heat800-artifactmissing_samples;driver-456-tau0.05-heat800-artifactmissing_samples;driver-7-tau0.05-heat800-artifactmissing_samples;driver-99-tau0.05-heat800-artifactmissing_samples,driver-999-tau0.05-heat800-artifactmissing_samples,driver-777-tau0.05-heat800-artifactmissing_samples;driver-888-tau0.05-heat800-artifactmissing_samples;driver-555-tau0.05-heat800-artifactmissing_samples,9.675822070811975,cuda
missing_samples,0.057198811217470204,0.9539795013653137,True,0.28501485978162244,28.501485978162243,0.057198811217470204,8,checkpoints/artifact_missing_samples_seed1.pt,58f0b7b877ed9721027bd40eba79219ea4d477ee9ce59c83cba2b1d4066fb98a,9135295d695a6925ba32fda96b771a3a3fa44b39839984d28be0da48e76a5246,GloballyClusteredModel,"{""class"": ""RecurrentStudent"", ""hidden_size"": 8, ""input_size"": 1, ""materialized_cluster_count"": 8, ""num_layers"": 1, ""output_size"": 1, ""parameters"": 281}",281,final,1,cuda,driver-42-tau0.05-heat800-artifactmissing_samples;driver-123-tau0.05-heat800-artifactmissing_samples;driver-456-tau0.05-heat800-artifactmissing_samples;driver-7-tau0.05-heat800-artifactmissing_samples;driver-99-tau0.05-heat800-artifactmissing_samples,driver-999-tau0.05-heat800-artifactmissing_samples,driver-777-tau0.05-heat800-artifactmissing_samples;driver-888-tau0.05-heat800-artifactmissing_samples;driver-555-tau0.05-heat800-artifactmissing_samples,24.97391503342139,cuda
missing_samples,0.015740465967935394,0.6263777019710758,False,0.8032441754008076,80.32441754008076,0.015740465967935394,4,checkpoints/artifact_missing_samples_seed2.pt,4a3ff19b41f33eee4676fdeee4ccf0d253a1fd4f8c0ea2ee302c02fa2ca853e9,0076ccbb7e2b7ff18b6478ef71bfaf9866f477241965a5aa9a7c03f9038be210,GloballyClusteredModel,"{""class"": ""RecurrentStudent"", ""hidden_size"": 8, ""input_size"": 1, ""materialized_cluster_count"": 4, ""num_layers"": 1, ""output_size"": 1, ""parameters"": 277}",277,final,2,cuda,driver-42-tau0.05-heat800-artifactmissing_samples;driver-123-tau0.05-heat800-artifactmissing_samples;driver-456-tau0.05-heat800-artifactmissing_samples;driver-7-tau0.05-heat800-artifactmissing_samples;driver-99-tau0.05-heat800-artifactmissing_samples,driver-999-tau0.05-heat800-artifactmissing_samples,driver-777-tau0.05-heat800-artifactmissing_samples;driver-888-tau0.05-heat800-artifactmissing_samples;driver-555-tau0.05-heat800-artifactmissing_samples,58.15335447122105,cuda
