dataset,mode,seed,detected_symmetry,encoded_symmetry,confidence,odd_score,even_score,matched_pairs,final_train_loss,validation_mse,test_mse,symmetry_encoded_in_weights,checkpoint_path,checkpoint_hash,checkpoint_file_sha256,model_class,model_architecture,model_parameter_count,train_source_ids,validation_source_ids,test_source_ids,profile,execution_device,device
printed_memristor_training_data.csv,baseline_random,42,none,none,0.0,0.0,0.0,5568,1.0434458545350935,1.074287353515625,1.0811375732421875,False,checkpoints/symmetry_baseline_random_seed42.pt,8b83c0f02746464b27b9210c1b542ff5b7ebf9fbb63fd493978adb8c9a190c8b,b95ab80629e6d5c5cd69ef7ee23f49f5b3d658b8b9cfedd4290615542e7b0d05,PsiXLSTMTeacher,"{""block_widths"": [32, 64], ""class"": ""PsiXLSTMTeacher"", ""hidden_size"": 64, ""input_size"": 2, ""output_size"": 1, ""parameters"": 45585}",45585,printed-device-0;printed-device-1;printed-device-2,printed-device-3,printed-device-4,final,cuda,cuda
printed_memristor_training_data.csv,baseline_random,123,none,none,0.0,0.0,0.0,5568,1.0416752631426789,1.0728316040039063,1.0796427001953126,False,checkpoints/symmetry_baseline_random_seed123.pt,bb40760cbaf17af56c2a0daf2778de1def4178fd68bced113b18a6bc8c1656eb,ff781533ebd3bd5f814961c281765d1ebdf3177f0f190225c508305d0ddea793,PsiXLSTMTeacher,"{""block_widths"": [32, 64], ""class"": ""PsiXLSTMTeacher"", ""hidden_size"": 64, ""input_size"": 2, ""output_size"": 1, ""parameters"": 45585}",45585,printed-device-0;printed-device-1;printed-device-2,printed-device-3,printed-device-4,final,cuda,cuda
printed_memristor_training_data.csv,baseline_random,456,none,none,0.0,0.0,0.0,5568,1.0482769451773493,1.07052978515625,1.0772783813476563,False,checkpoints/symmetry_baseline_random_seed456.pt,72c77d4f219f755195a7538f7505ef80d31d29e74f84eb5e588dc06e01dee2f4,afd8fe75727238c251ef8c634eefa8e227582fb9eb894a37854963dd20857b00,PsiXLSTMTeacher,"{""block_widths"": [32, 64], ""class"": ""PsiXLSTMTeacher"", ""hidden_size"": 64, ""input_size"": 2, ""output_size"": 1, ""parameters"": 45585}",45585,printed-device-0;printed-device-1;printed-device-2,printed-device-3,printed-device-4,final,cuda,cuda
printed_memristor_training_data.csv,baseline_random,789,none,none,0.0,0.0,0.0,5568,1.0499227761320071,1.0713228759765625,1.0780930786132812,False,checkpoints/symmetry_baseline_random_seed789.pt,1754a914604eac8d2646e6de3fa97e10f6a76698f1a7f37ca069e702e493755e,18e985e34fcd88e3dedcb712910561a737f691e85317f3e9d69ac444dfb53f9e,PsiXLSTMTeacher,"{""block_widths"": [32, 64], ""class"": ""PsiXLSTMTeacher"", ""hidden_size"": 64, ""input_size"": 2, ""output_size"": 1, ""parameters"": 45585}",45585,printed-device-0;printed-device-1;printed-device-2,printed-device-3,printed-device-4,final,cuda,cuda
printed_memristor_training_data.csv,baseline_random,1000,none,none,0.0,0.0,0.0,5568,1.038753849294153,1.0711260375976563,1.0778909301757813,False,checkpoints/symmetry_baseline_random_seed1000.pt,7d57fbc2dd5bd84412e8e51c0905b0a7b3f5d3a4ee84e361ea56acedb3b8931c,6418eba4bff5eccdccc16928018f9d14d54932e1042ba1bde876f556c58a862c,PsiXLSTMTeacher,"{""block_widths"": [32, 64], ""class"": ""PsiXLSTMTeacher"", ""hidden_size"": 64, ""input_size"": 2, ""output_size"": 1, ""parameters"": 45585}",45585,printed-device-0;printed-device-1;printed-device-2,printed-device-3,printed-device-4,final,cuda,cuda
printed_memristor_training_data.csv,identity,42,none,none,0.0,0.0,0.0,5568,0.014086720867908298,0.021020586967468263,0.02356064510345459,False,checkpoints/symmetry_identity_seed42.pt,186ad067e270f2abd53642bc2c52085d20ca50b9c21fb547f5207b79ecfb6370,8e335006dc9a2c4076b56e3190a2123dfd2083ff8a1951dbb08312ee1def008a,PsiXLSTMTeacher,"{""block_widths"": [32, 64], ""class"": ""PsiXLSTMTeacher"", ""hidden_size"": 64, ""input_size"": 2, ""output_size"": 1, ""parameters"": 45585}",45585,printed-device-0;printed-device-1;printed-device-2,printed-device-3,printed-device-4,final,cuda,cuda
printed_memristor_training_data.csv,identity,123,none,none,0.0,0.0,0.0,5568,0.015819629976590477,0.021537103652954102,0.024788207054138183,False,checkpoints/symmetry_identity_seed123.pt,90f0ac8b7739953daf738233d4f8e45245bd41d1999989f09e144d9ffd328c37,3d75a4ee751ebfdd70624cde7b5699e80f38109b668bab3ccf84423b9689bc6b,PsiXLSTMTeacher,"{""block_widths"": [32, 64], ""class"": ""PsiXLSTMTeacher"", ""hidden_size"": 64, ""input_size"": 2, ""output_size"": 1, ""parameters"": 45585}",45585,printed-device-0;printed-device-1;printed-device-2,printed-device-3,printed-device-4,final,cuda,cuda
printed_memristor_training_data.csv,identity,456,none,none,0.0,0.0,0.0,5568,0.018600278391261327,0.023109333992004395,0.02659708786010742,False,checkpoints/symmetry_identity_seed456.pt,b1a069cf6433ba061afeb4ed9de4fa3e9fdfd3242c1dfedbf373f2d0e201ce5d,014f7e4f859c146d21e7437dbb06b81e0f7887a962f2d35ccbc33ebf848abec9,PsiXLSTMTeacher,"{""block_widths"": [32, 64], ""class"": ""PsiXLSTMTeacher"", ""hidden_size"": 64, ""input_size"": 2, ""output_size"": 1, ""parameters"": 45585}",45585,printed-device-0;printed-device-1;printed-device-2,printed-device-3,printed-device-4,final,cuda,cuda
printed_memristor_training_data.csv,identity,789,none,none,0.0,0.0,0.0,5568,0.023145781430571333,0.0250867977142334,0.028391419410705568,False,checkpoints/symmetry_identity_seed789.pt,bf70fdff3999d5efcd7b2bcd11daa920d0203c45d78710cd65247deb243d4baf,58f9d3281a42db5eecbb5d0aef7cda823a294ec39a7c512f96961b2afa9732a4,PsiXLSTMTeacher,"{""block_widths"": [32, 64], ""class"": ""PsiXLSTMTeacher"", ""hidden_size"": 64, ""input_size"": 2, ""output_size"": 1, ""parameters"": 45585}",45585,printed-device-0;printed-device-1;printed-device-2,printed-device-3,printed-device-4,final,cuda,cuda
printed_memristor_training_data.csv,identity,1000,none,none,0.0,0.0,0.0,5568,0.023142480026137946,0.034894216537475584,0.03741614532470703,False,checkpoints/symmetry_identity_seed1000.pt,f42d3245c073ed94fafb6184313f260cfd8c301a7db5de3030a77d0d823e0de3,bb321eca650630f0ec1ec7e738d42613ac56bd79b99521b173736574f90c26e1,PsiXLSTMTeacher,"{""block_widths"": [32, 64], ""class"": ""PsiXLSTMTeacher"", ""hidden_size"": 64, ""input_size"": 2, ""output_size"": 1, ""parameters"": 45585}",45585,printed-device-0;printed-device-1;printed-device-2,printed-device-3,printed-device-4,final,cuda,cuda
printed_memristor_training_data.csv,expert_odd,42,none,odd,0.0,0.0,0.0,5568,0.01672286660236466,0.02186236572265625,0.023835283279418945,True,checkpoints/symmetry_expert_odd_seed42.pt,653f2e06daea569deea5eef2aa6d827fa1ecdf09084bb289324d2c810ce88e28,1afec73b7db45cb62cc252df007df3ca34a0672f3b9501e43cb9ce88bb7776a9,PsiXLSTMTeacher,"{""block_widths"": [32, 64], ""class"": ""PsiXLSTMTeacher"", ""hidden_size"": 64, ""input_size"": 2, ""output_size"": 1, ""parameters"": 45585}",45585,printed-device-0;printed-device-1;printed-device-2,printed-device-3,printed-device-4,final,cuda,cuda
printed_memristor_training_data.csv,expert_odd,123,none,odd,0.0,0.0,0.0,5568,0.014945895585604774,0.019896252632141113,0.02461667060852051,True,checkpoints/symmetry_expert_odd_seed123.pt,f7af61ca981984ac8b628c378d34433549d6799272e8a3314a388b7e6d1953d4,5ac3481830d53a91f76c0f3c926e2fa679721d6c5281732fbf7023599d9ec491,PsiXLSTMTeacher,"{""block_widths"": [32, 64], ""class"": ""PsiXLSTMTeacher"", ""hidden_size"": 64, ""input_size"": 2, ""output_size"": 1, ""parameters"": 45585}",45585,printed-device-0;printed-device-1;printed-device-2,printed-device-3,printed-device-4,final,cuda,cuda
printed_memristor_training_data.csv,expert_odd,456,none,odd,0.0,0.0,0.0,5568,0.0460458152629144,0.0958658676147461,0.0925216293334961,True,checkpoints/symmetry_expert_odd_seed456.pt,56b1b7123c75f28760c279bdaad90068bc5b19506f352d0ebd28b975b7b1bf08,d5d56e8f2e583a25a43f6e82f00872f137cdb0f40dbaf67ced45186696cac2be,PsiXLSTMTeacher,"{""block_widths"": [32, 64], ""class"": ""PsiXLSTMTeacher"", ""hidden_size"": 64, ""input_size"": 2, ""output_size"": 1, ""parameters"": 45585}",45585,printed-device-0;printed-device-1;printed-device-2,printed-device-3,printed-device-4,final,cuda,cuda
printed_memristor_training_data.csv,expert_odd,789,none,odd,0.0,0.0,0.0,5568,0.02000993701983589,0.017948402404785156,0.02176485252380371,True,checkpoints/symmetry_expert_odd_seed789.pt,700c36841bd8b4f0d46d063914e718598a00872310b70f236893791bc45df6d8,afbad9d0808c45905286a07383226ba81427208e9f091bd7c9fa5ef1d63392ad,PsiXLSTMTeacher,"{""block_widths"": [32, 64], ""class"": ""PsiXLSTMTeacher"", ""hidden_size"": 64, ""input_size"": 2, ""output_size"": 1, ""parameters"": 45585}",45585,printed-device-0;printed-device-1;printed-device-2,printed-device-3,printed-device-4,final,cuda,cuda
printed_memristor_training_data.csv,expert_odd,1000,none,odd,0.0,0.0,0.0,5568,0.018561286448701253,0.02163066005706787,0.021631168365478515,True,checkpoints/symmetry_expert_odd_seed1000.pt,945c47b676d53b8ec93522b1368c22a352d561c587951fde5ce84f5657a685bd,843c1537f29d8136a32b5515d3e0e6abc860a29005701f7c477a1318cdc732d3,PsiXLSTMTeacher,"{""block_widths"": [32, 64], ""class"": ""PsiXLSTMTeacher"", ""hidden_size"": 64, ""input_size"": 2, ""output_size"": 1, ""parameters"": 45585}",45585,printed-device-0;printed-device-1;printed-device-2,printed-device-3,printed-device-4,final,cuda,cuda
printed_memristor_training_data.csv,automatic,42,none,none,0.0,0.0,0.0,5568,0.014086720867908298,0.021020586967468263,0.02356064510345459,False,checkpoints/symmetry_automatic_seed42.pt,186ad067e270f2abd53642bc2c52085d20ca50b9c21fb547f5207b79ecfb6370,3633e397a457c1a3c5fc9ee4bdd6815d483fc18fa2e54a06f8dc55f192d6dafa,PsiXLSTMTeacher,"{""block_widths"": [32, 64], ""class"": ""PsiXLSTMTeacher"", ""hidden_size"": 64, ""input_size"": 2, ""output_size"": 1, ""parameters"": 45585}",45585,printed-device-0;printed-device-1;printed-device-2,printed-device-3,printed-device-4,final,cuda,cuda
printed_memristor_training_data.csv,automatic,123,none,none,0.0,0.0,0.0,5568,0.015819629976590477,0.021537103652954102,0.024788207054138183,False,checkpoints/symmetry_automatic_seed123.pt,90f0ac8b7739953daf738233d4f8e45245bd41d1999989f09e144d9ffd328c37,d37cfdc346bfe50989be18cafb9cd5780b8f985b9d0edf766f85417c337bebbd,PsiXLSTMTeacher,"{""block_widths"": [32, 64], ""class"": ""PsiXLSTMTeacher"", ""hidden_size"": 64, ""input_size"": 2, ""output_size"": 1, ""parameters"": 45585}",45585,printed-device-0;printed-device-1;printed-device-2,printed-device-3,printed-device-4,final,cuda,cuda
printed_memristor_training_data.csv,automatic,456,none,none,0.0,0.0,0.0,5568,0.018600278391261327,0.023109333992004395,0.02659708786010742,False,checkpoints/symmetry_automatic_seed456.pt,b1a069cf6433ba061afeb4ed9de4fa3e9fdfd3242c1dfedbf373f2d0e201ce5d,7768785fc63c87275d07cbc0c3ce8aa9ea9ab431e6e28149d4487e0bef47222f,PsiXLSTMTeacher,"{""block_widths"": [32, 64], ""class"": ""PsiXLSTMTeacher"", ""hidden_size"": 64, ""input_size"": 2, ""output_size"": 1, ""parameters"": 45585}",45585,printed-device-0;printed-device-1;printed-device-2,printed-device-3,printed-device-4,final,cuda,cuda
printed_memristor_training_data.csv,automatic,789,none,none,0.0,0.0,0.0,5568,0.023145781430571333,0.0250867977142334,0.028391419410705568,False,checkpoints/symmetry_automatic_seed789.pt,bf70fdff3999d5efcd7b2bcd11daa920d0203c45d78710cd65247deb243d4baf,cacbb3ea0ddb92721804dcd6069d3c75c12fcdc08b2b7e5741eae41460e745fa,PsiXLSTMTeacher,"{""block_widths"": [32, 64], ""class"": ""PsiXLSTMTeacher"", ""hidden_size"": 64, ""input_size"": 2, ""output_size"": 1, ""parameters"": 45585}",45585,printed-device-0;printed-device-1;printed-device-2,printed-device-3,printed-device-4,final,cuda,cuda
printed_memristor_training_data.csv,automatic,1000,none,none,0.0,0.0,0.0,5568,0.023142480026137946,0.034894216537475584,0.03741614532470703,False,checkpoints/symmetry_automatic_seed1000.pt,f42d3245c073ed94fafb6184313f260cfd8c301a7db5de3030a77d0d823e0de3,8084192eac7000aad076126055392a5a76a298e8d74a288e6e9a98d1f312b4ed,PsiXLSTMTeacher,"{""block_widths"": [32, 64], ""class"": ""PsiXLSTMTeacher"", ""hidden_size"": 64, ""input_size"": 2, ""output_size"": 1, ""parameters"": 45585}",45585,printed-device-0;printed-device-1;printed-device-2,printed-device-3,printed-device-4,final,cuda,cuda
