student_type,hidden_size,rank,seed,measured_device,sheet,training_mode,correlation,nrmse,validation_mse,test_mse,cluster_count,effective_trainable_values,expanded_parameters,expanded_parameter_bytes,serialized_artifact_bytes,checkpoint_path,checkpoint_hash,checkpoint_file_sha256,model_class,model_architecture,model_parameter_count,runtime_s,train_source_ids,validation_source_ids,test_source_ids,profile,execution_device,bic_requested_cluster_count,bic_score,device
teacher,64,,0,GO-PEI4,1p0_400mvs,direct_supervised_reference,0.9994071864617774,0.015550355702929978,0.0004368387990527683,0.000666288600768894,,45585,45585,182340,,checkpoints/compression_direct_teacher_seed0.pt,ceb971086e6539ed6569e710d4e182ac585db6886bbdf93635ef0576bd07827e,c6d7513950214af7eb38d3e1660b98f47bba33232e9cab83ccaafa145a09fcf5,PsiXLSTMTeacher,"{""block_widths"": [32, 64], ""class"": ""PsiXLSTMTeacher"", ""hidden_size"": 64, ""input_size"": 2, ""output_size"": 1, ""parameters"": 45585}",45585,380.4893489999231,GO-PEI4-1p0_400mvs-cycle-1;GO-PEI4-1p0_400mvs-cycle-2;GO-PEI4-1p0_400mvs-cycle-3;GO-PEI4-1p0_400mvs-cycle-4;GO-PEI4-1p0_400mvs-cycle-5;GO-PEI4-1p0_400mvs-cycle-6,GO-PEI4-1p0_400mvs-cycle-7;GO-PEI4-1p0_400mvs-cycle-8,GO-PEI4-1p0_400mvs-cycle-9;GO-PEI4-1p0_400mvs-cycle-10;GO-PEI4-1p0_400mvs-cycle-11,final,cuda,,,cuda
gru,2,,0,GO-PEI4,1p0_400mvs,direct_supervised,0.9939601674046336,0.04496466095041957,0.006581096909940243,0.005570888053625822,16,16,39,156,14188,checkpoints/compression_direct_gru_h2_r0_seed0.pt,eea65ad49d1061392ffa2173c38397a034ff771bcdd7611f044e0e93860856ca,9bd7dd77aaab93ffc835b9cedc879d967fc11e3294f466eb9b299642c169a6eb,GloballyClusteredModel,"{""class"": ""RecurrentStudent"", ""hidden_size"": 2, ""input_size"": 2, ""materialized_cluster_count"": 16, ""num_layers"": 1, ""output_size"": 1, ""parameters"": 55}",55,8.168743300018832,GO-PEI4-1p0_400mvs-cycle-1;GO-PEI4-1p0_400mvs-cycle-2;GO-PEI4-1p0_400mvs-cycle-3;GO-PEI4-1p0_400mvs-cycle-4;GO-PEI4-1p0_400mvs-cycle-5;GO-PEI4-1p0_400mvs-cycle-6,GO-PEI4-1p0_400mvs-cycle-7;GO-PEI4-1p0_400mvs-cycle-8,GO-PEI4-1p0_400mvs-cycle-9;GO-PEI4-1p0_400mvs-cycle-10;GO-PEI4-1p0_400mvs-cycle-11,final,cuda,16,-1271.6689453125,cuda
gru,4,,0,GO-PEI4,1p0_400mvs,direct_supervised,0.9829175069855023,0.16580355465297572,0.07357241213321686,0.07574769854545593,4,4,101,404,15672,checkpoints/compression_direct_gru_h4_r0_seed0.pt,804c47e9a23a3172cd9405d14d12b504baab7815dbbda6c7ab65a26579ca7dfb,b67a557731a9c9aab6be4a62bd6f034a2b28a453ceca3387676e157c1f5206c0,GloballyClusteredModel,"{""class"": ""RecurrentStudent"", ""hidden_size"": 4, ""input_size"": 2, ""materialized_cluster_count"": 4, ""num_layers"": 1, ""output_size"": 1, ""parameters"": 105}",105,8.169220099924132,GO-PEI4-1p0_400mvs-cycle-1;GO-PEI4-1p0_400mvs-cycle-2;GO-PEI4-1p0_400mvs-cycle-3;GO-PEI4-1p0_400mvs-cycle-4;GO-PEI4-1p0_400mvs-cycle-5;GO-PEI4-1p0_400mvs-cycle-6,GO-PEI4-1p0_400mvs-cycle-7;GO-PEI4-1p0_400mvs-cycle-8,GO-PEI4-1p0_400mvs-cycle-9;GO-PEI4-1p0_400mvs-cycle-10;GO-PEI4-1p0_400mvs-cycle-11,final,cuda,4,-682.1672973632812,cuda
gru,8,,0,GO-PEI4,1p0_400mvs,direct_supervised,0.9939271452289405,0.08167410640479403,0.017341595143079758,0.018380213528871536,16,16,297,1188,16504,checkpoints/compression_direct_gru_h8_r0_seed0.pt,bdeb7ccef2bd01bd3430a7a450919962913cd740d84704993f836b43e6908067,6eb32fa22a4f0f954ee4f15ecad284505d3da2d7809ca2016ac71beb6fab456e,GloballyClusteredModel,"{""class"": ""RecurrentStudent"", ""hidden_size"": 8, ""input_size"": 2, ""materialized_cluster_count"": 16, ""num_layers"": 1, ""output_size"": 1, ""parameters"": 313}",313,8.434117599856108,GO-PEI4-1p0_400mvs-cycle-1;GO-PEI4-1p0_400mvs-cycle-2;GO-PEI4-1p0_400mvs-cycle-3;GO-PEI4-1p0_400mvs-cycle-4;GO-PEI4-1p0_400mvs-cycle-5;GO-PEI4-1p0_400mvs-cycle-6,GO-PEI4-1p0_400mvs-cycle-7;GO-PEI4-1p0_400mvs-cycle-8,GO-PEI4-1p0_400mvs-cycle-9;GO-PEI4-1p0_400mvs-cycle-10;GO-PEI4-1p0_400mvs-cycle-11,final,cuda,16,-1006.3709106445312,cuda
gru,16,,0,GO-PEI4,1p0_400mvs,direct_supervised,0.9963045151035024,0.060385535307576836,0.012159605510532856,0.01004725880920887,16,16,977,3908,19405,checkpoints/compression_direct_gru_h16_r0_seed0.pt,5865e5b7e75d4db661f6f2e38f9dc1f28b7e5b08ed5a94c2c9ce57544300958e,a32a89aa67c81fdc0cbab2b557ac7e4970fddb7a0dcc4c142f7d0a03d613cf5b,GloballyClusteredModel,"{""class"": ""RecurrentStudent"", ""hidden_size"": 16, ""input_size"": 2, ""materialized_cluster_count"": 16, ""num_layers"": 1, ""output_size"": 1, ""parameters"": 993}",993,8.200369300087914,GO-PEI4-1p0_400mvs-cycle-1;GO-PEI4-1p0_400mvs-cycle-2;GO-PEI4-1p0_400mvs-cycle-3;GO-PEI4-1p0_400mvs-cycle-4;GO-PEI4-1p0_400mvs-cycle-5;GO-PEI4-1p0_400mvs-cycle-6,GO-PEI4-1p0_400mvs-cycle-7;GO-PEI4-1p0_400mvs-cycle-8,GO-PEI4-1p0_400mvs-cycle-9;GO-PEI4-1p0_400mvs-cycle-10;GO-PEI4-1p0_400mvs-cycle-11,final,cuda,16,-1118.91064453125,cuda
gru,32,,0,GO-PEI4,1p0_400mvs,direct_supervised,0.9983523468261224,0.024730660883768373,0.0015390112530440092,0.0016852067783474922,16,16,3489,13956,29457,checkpoints/compression_direct_gru_h32_r0_seed0.pt,57869f9af00c4638ab793d453d8f97e4d269301bd5ebec10a4e78d5a235f1f02,844c1cda294394c69a0bc3973420e82470ee7da73f1966796fa12a986923d028,GloballyClusteredModel,"{""class"": ""RecurrentStudent"", ""hidden_size"": 32, ""input_size"": 2, ""materialized_cluster_count"": 16, ""num_layers"": 1, ""output_size"": 1, ""parameters"": 3505}",3505,7.88745340006426,GO-PEI4-1p0_400mvs-cycle-1;GO-PEI4-1p0_400mvs-cycle-2;GO-PEI4-1p0_400mvs-cycle-3;GO-PEI4-1p0_400mvs-cycle-4;GO-PEI4-1p0_400mvs-cycle-5;GO-PEI4-1p0_400mvs-cycle-6,GO-PEI4-1p0_400mvs-cycle-7;GO-PEI4-1p0_400mvs-cycle-8,GO-PEI4-1p0_400mvs-cycle-9;GO-PEI4-1p0_400mvs-cycle-10;GO-PEI4-1p0_400mvs-cycle-11,final,cuda,16,-1692.7982177734375,cuda
gru,64,,0,GO-PEI4,1p0_400mvs,direct_supervised,0.996055286962929,0.038268317897343244,0.003347742138430476,0.0040351576171815395,8,8,13121,52484,67987,checkpoints/compression_direct_gru_h64_r0_seed0.pt,d5b943e2a9eb1ef6b537cdf6b58cdc0a7788caa699e10a9d9ea3de8c11996394,de2ef552236134e69c5591a888466a1dce66b71d2ebb6d2a35fed01b8bdf4a04,GloballyClusteredModel,"{""class"": ""RecurrentStudent"", ""hidden_size"": 64, ""input_size"": 2, ""materialized_cluster_count"": 8, ""num_layers"": 1, ""output_size"": 1, ""parameters"": 13129}",13129,8.076357800047845,GO-PEI4-1p0_400mvs-cycle-1;GO-PEI4-1p0_400mvs-cycle-2;GO-PEI4-1p0_400mvs-cycle-3;GO-PEI4-1p0_400mvs-cycle-4;GO-PEI4-1p0_400mvs-cycle-5;GO-PEI4-1p0_400mvs-cycle-6,GO-PEI4-1p0_400mvs-cycle-7;GO-PEI4-1p0_400mvs-cycle-8,GO-PEI4-1p0_400mvs-cycle-9;GO-PEI4-1p0_400mvs-cycle-10;GO-PEI4-1p0_400mvs-cycle-11,final,cuda,8,-1504.3126220703125,cuda
low_rank,8,1,0,GO-PEI4,1p0_400mvs,direct_supervised,0.9939457227975527,0.038734323988609695,0.0037536125164479017,0.004134030546993017,16,16,28,112,9851,checkpoints/compression_direct_low_rank_h8_r1_seed0.pt,eadbf7e86836055c43934d5bd0dc1bbd45379ecd694b4926a9480678429a175b,e799724e2d5ecc91a7bf7a0a2dd6d7590a83395f4be0d800b2f16f4c99c1ef32,GloballyClusteredModel,"{""class"": ""LowRankRecurrentStudent"", ""hidden_size"": 8, ""input_size"": 2, ""materialized_cluster_count"": 16, ""output_size"": 1, ""parameters"": 44, ""rank"": 1}",44,38.636100800009444,GO-PEI4-1p0_400mvs-cycle-1;GO-PEI4-1p0_400mvs-cycle-2;GO-PEI4-1p0_400mvs-cycle-3;GO-PEI4-1p0_400mvs-cycle-4;GO-PEI4-1p0_400mvs-cycle-5;GO-PEI4-1p0_400mvs-cycle-6,GO-PEI4-1p0_400mvs-cycle-7;GO-PEI4-1p0_400mvs-cycle-8,GO-PEI4-1p0_400mvs-cycle-9;GO-PEI4-1p0_400mvs-cycle-10;GO-PEI4-1p0_400mvs-cycle-11,final,cuda,16,-1464.82568359375,cuda
low_rank,8,2,0,GO-PEI4,1p0_400mvs,direct_supervised,0.9924615731628982,0.0498518204961387,0.008448050357401371,0.0068476852029562,4,4,47,188,10145,checkpoints/compression_direct_low_rank_h8_r2_seed0.pt,a239c2653e5e82713723dd31db8050baafbd3768544ed58599f98ce04b960515,1cd1ab92608ae69936329f98934bbcbb2301e7e56ee8d69aebbf6ade9eee1608,GloballyClusteredModel,"{""class"": ""LowRankRecurrentStudent"", ""hidden_size"": 8, ""input_size"": 2, ""materialized_cluster_count"": 4, ""output_size"": 1, ""parameters"": 51, ""rank"": 2}",51,37.85233729984611,GO-PEI4-1p0_400mvs-cycle-1;GO-PEI4-1p0_400mvs-cycle-2;GO-PEI4-1p0_400mvs-cycle-3;GO-PEI4-1p0_400mvs-cycle-4;GO-PEI4-1p0_400mvs-cycle-5;GO-PEI4-1p0_400mvs-cycle-6,GO-PEI4-1p0_400mvs-cycle-7;GO-PEI4-1p0_400mvs-cycle-8,GO-PEI4-1p0_400mvs-cycle-9;GO-PEI4-1p0_400mvs-cycle-10;GO-PEI4-1p0_400mvs-cycle-11,final,cuda,4,-1266.5384521484375,cuda
low_rank,8,4,0,GO-PEI4,1p0_400mvs,direct_supervised,0.9943410658197678,0.061901638878668654,0.008505627512931824,0.010558106936514378,16,16,85,340,10273,checkpoints/compression_direct_low_rank_h8_r4_seed0.pt,c7159ddd5f335bf9bd581a7fe2bd815ad43566176c4c3279fd5083b3c15fe5d1,6cf778ff6a136a4791218a2c781d2d76057e649919cb489c1339a4998d121a76,GloballyClusteredModel,"{""class"": ""LowRankRecurrentStudent"", ""hidden_size"": 8, ""input_size"": 2, ""materialized_cluster_count"": 16, ""output_size"": 1, ""parameters"": 101, ""rank"": 4}",101,37.673453900031745,GO-PEI4-1p0_400mvs-cycle-1;GO-PEI4-1p0_400mvs-cycle-2;GO-PEI4-1p0_400mvs-cycle-3;GO-PEI4-1p0_400mvs-cycle-4;GO-PEI4-1p0_400mvs-cycle-5;GO-PEI4-1p0_400mvs-cycle-6,GO-PEI4-1p0_400mvs-cycle-7;GO-PEI4-1p0_400mvs-cycle-8,GO-PEI4-1p0_400mvs-cycle-9;GO-PEI4-1p0_400mvs-cycle-10;GO-PEI4-1p0_400mvs-cycle-11,final,cuda,16,-1245.104736328125,cuda
low_rank,8,8,0,GO-PEI4,1p0_400mvs,direct_supervised,0.995495434913972,0.03808054849526078,0.003141452558338642,0.003995656501501799,16,16,161,644,10593,checkpoints/compression_direct_low_rank_h8_r8_seed0.pt,9ee1dccb1743a451151dfd0f53b29011009ccb484bd7012743e5af148ac41a0a,7a607c0bf80e136e6251230d6fb6f1a2f6d70994f7f148c23b81dd597aeaa2bd,GloballyClusteredModel,"{""class"": ""LowRankRecurrentStudent"", ""hidden_size"": 8, ""input_size"": 2, ""materialized_cluster_count"": 16, ""output_size"": 1, ""parameters"": 177, ""rank"": 8}",177,46.24275950016454,GO-PEI4-1p0_400mvs-cycle-1;GO-PEI4-1p0_400mvs-cycle-2;GO-PEI4-1p0_400mvs-cycle-3;GO-PEI4-1p0_400mvs-cycle-4;GO-PEI4-1p0_400mvs-cycle-5;GO-PEI4-1p0_400mvs-cycle-6,GO-PEI4-1p0_400mvs-cycle-7;GO-PEI4-1p0_400mvs-cycle-8,GO-PEI4-1p0_400mvs-cycle-9;GO-PEI4-1p0_400mvs-cycle-10;GO-PEI4-1p0_400mvs-cycle-11,final,cuda,16,-1518.2415771484375,cuda
teacher,64,,1,GO-PEI4,1p0_400mvs,direct_supervised_reference,0.9987756944715123,0.01553424818754283,0.0002812547954144301,0.0006649090209975839,,45585,45585,182340,,checkpoints/compression_direct_teacher_seed1.pt,5f51d0275e1a199275bf860c24927e0b5bafa095a24be05653f9fbe104cc3f9b,753c835689507fa9d81556dc370c183663788d1e155c8b894f2a8a51e0674609,PsiXLSTMTeacher,"{""block_widths"": [32, 64], ""class"": ""PsiXLSTMTeacher"", ""hidden_size"": 64, ""input_size"": 2, ""output_size"": 1, ""parameters"": 45585}",45585,446.06725959992036,GO-PEI4-1p0_400mvs-cycle-1;GO-PEI4-1p0_400mvs-cycle-2;GO-PEI4-1p0_400mvs-cycle-3;GO-PEI4-1p0_400mvs-cycle-4;GO-PEI4-1p0_400mvs-cycle-5;GO-PEI4-1p0_400mvs-cycle-6,GO-PEI4-1p0_400mvs-cycle-7;GO-PEI4-1p0_400mvs-cycle-8,GO-PEI4-1p0_400mvs-cycle-9;GO-PEI4-1p0_400mvs-cycle-10;GO-PEI4-1p0_400mvs-cycle-11,final,cuda,,,cuda
gru,2,,1,GO-PEI4,1p0_400mvs,direct_supervised,0.9953406144072806,0.03645691740921056,0.003226209431886673,0.0036621964536607265,16,16,39,156,14188,checkpoints/compression_direct_gru_h2_r0_seed1.pt,96ddc2b99975019afa4148ecab30c9fd32b71c1568f18d292b4ee3baea56090f,a74c9dda73ed8595fd9922677193103c6940a5815228d0d5b896528441bc1df0,GloballyClusteredModel,"{""class"": ""RecurrentStudent"", ""hidden_size"": 2, ""input_size"": 2, ""materialized_cluster_count"": 16, ""num_layers"": 1, ""output_size"": 1, ""parameters"": 55}",55,18.117704400094226,GO-PEI4-1p0_400mvs-cycle-1;GO-PEI4-1p0_400mvs-cycle-2;GO-PEI4-1p0_400mvs-cycle-3;GO-PEI4-1p0_400mvs-cycle-4;GO-PEI4-1p0_400mvs-cycle-5;GO-PEI4-1p0_400mvs-cycle-6,GO-PEI4-1p0_400mvs-cycle-7;GO-PEI4-1p0_400mvs-cycle-8,GO-PEI4-1p0_400mvs-cycle-9;GO-PEI4-1p0_400mvs-cycle-10;GO-PEI4-1p0_400mvs-cycle-11,final,cuda,16,-1480.095458984375,cuda
gru,4,,1,GO-PEI4,1p0_400mvs,direct_supervised,0.9935505088341353,0.05756119108630205,0.011022855527698994,0.009129379875957966,16,16,101,404,15672,checkpoints/compression_direct_gru_h4_r0_seed1.pt,f7373e5d0520facdec0bc585a72295e4c1a454c3e6258443fbabaf99c1bfdcd6,5a85f8d52d810f04781676ac6904bd4a40eb2a494bc35ac26a3066401f44c3e7,GloballyClusteredModel,"{""class"": ""RecurrentStudent"", ""hidden_size"": 4, ""input_size"": 2, ""materialized_cluster_count"": 16, ""num_layers"": 1, ""output_size"": 1, ""parameters"": 117}",117,18.395527800079435,GO-PEI4-1p0_400mvs-cycle-1;GO-PEI4-1p0_400mvs-cycle-2;GO-PEI4-1p0_400mvs-cycle-3;GO-PEI4-1p0_400mvs-cycle-4;GO-PEI4-1p0_400mvs-cycle-5;GO-PEI4-1p0_400mvs-cycle-6,GO-PEI4-1p0_400mvs-cycle-7;GO-PEI4-1p0_400mvs-cycle-8,GO-PEI4-1p0_400mvs-cycle-9;GO-PEI4-1p0_400mvs-cycle-10;GO-PEI4-1p0_400mvs-cycle-11,final,cuda,16,-1128.3829345703125,cuda
gru,8,,1,GO-PEI4,1p0_400mvs,direct_supervised,0.995711418082486,0.028987556078615216,0.0019272309727966785,0.00231528771109879,16,16,297,1188,16504,checkpoints/compression_direct_gru_h8_r0_seed1.pt,36dceb62d5131e99e491aa5ffb77cb6f59af5e1e0ec9b0452d4bfe886ecba97e,fb71c6254ed40db045f052dbc3b0702c96536f37e0571888a06762ccdf210f08,GloballyClusteredModel,"{""class"": ""RecurrentStudent"", ""hidden_size"": 8, ""input_size"": 2, ""materialized_cluster_count"": 16, ""num_layers"": 1, ""output_size"": 1, ""parameters"": 313}",313,17.79727049986832,GO-PEI4-1p0_400mvs-cycle-1;GO-PEI4-1p0_400mvs-cycle-2;GO-PEI4-1p0_400mvs-cycle-3;GO-PEI4-1p0_400mvs-cycle-4;GO-PEI4-1p0_400mvs-cycle-5;GO-PEI4-1p0_400mvs-cycle-6,GO-PEI4-1p0_400mvs-cycle-7;GO-PEI4-1p0_400mvs-cycle-8,GO-PEI4-1p0_400mvs-cycle-9;GO-PEI4-1p0_400mvs-cycle-10;GO-PEI4-1p0_400mvs-cycle-11,final,cuda,16,-1606.83740234375,cuda
gru,16,,1,GO-PEI4,1p0_400mvs,direct_supervised,0.9945197501970768,0.031571636595068286,0.0026332864072173834,0.002746477024629712,16,16,977,3908,19405,checkpoints/compression_direct_gru_h16_r0_seed1.pt,462024ba52d26e77b20efbbb6685f69a92e18ffe5dee8b7ba2f27eb210e5e84a,5ddd8894dfbde4be13a27634148ff989c518b33c02ca7f3a369a8c003f234d26,GloballyClusteredModel,"{""class"": ""RecurrentStudent"", ""hidden_size"": 16, ""input_size"": 2, ""materialized_cluster_count"": 16, ""num_layers"": 1, ""output_size"": 1, ""parameters"": 993}",993,15.10082389996387,GO-PEI4-1p0_400mvs-cycle-1;GO-PEI4-1p0_400mvs-cycle-2;GO-PEI4-1p0_400mvs-cycle-3;GO-PEI4-1p0_400mvs-cycle-4;GO-PEI4-1p0_400mvs-cycle-5;GO-PEI4-1p0_400mvs-cycle-6,GO-PEI4-1p0_400mvs-cycle-7;GO-PEI4-1p0_400mvs-cycle-8,GO-PEI4-1p0_400mvs-cycle-9;GO-PEI4-1p0_400mvs-cycle-10;GO-PEI4-1p0_400mvs-cycle-11,final,cuda,16,-1524.6904296875,cuda
gru,32,,1,GO-PEI4,1p0_400mvs,direct_supervised,0.9979123281915943,0.03907560064603768,0.0034636796917766333,0.004207199439406395,16,16,3489,13956,29457,checkpoints/compression_direct_gru_h32_r0_seed1.pt,854ff38d41c2ee693fea54c8f2616add263f635d03f021227ab3a4a0e081dd71,eb19bb9e4e0155fe243dd6969985c0736520da0a8cf9d05e1f2cce69b481d404,GloballyClusteredModel,"{""class"": ""RecurrentStudent"", ""hidden_size"": 32, ""input_size"": 2, ""materialized_cluster_count"": 16, ""num_layers"": 1, ""output_size"": 1, ""parameters"": 3505}",3505,15.405221899971366,GO-PEI4-1p0_400mvs-cycle-1;GO-PEI4-1p0_400mvs-cycle-2;GO-PEI4-1p0_400mvs-cycle-3;GO-PEI4-1p0_400mvs-cycle-4;GO-PEI4-1p0_400mvs-cycle-5;GO-PEI4-1p0_400mvs-cycle-6,GO-PEI4-1p0_400mvs-cycle-7;GO-PEI4-1p0_400mvs-cycle-8,GO-PEI4-1p0_400mvs-cycle-9;GO-PEI4-1p0_400mvs-cycle-10;GO-PEI4-1p0_400mvs-cycle-11,final,cuda,16,-1463.63525390625,cuda
gru,64,,1,GO-PEI4,1p0_400mvs,direct_supervised,0.9978893611526971,0.04384914330218636,0.004770263098180294,0.005297902971506119,8,8,13121,52484,67987,checkpoints/compression_direct_gru_h64_r0_seed1.pt,ef0e6bd58e15539055ad75b3cd7170d354e6b94d542718dac55c58d3480afd68,fb22dbbda893824e606c5cea077e320f97a4c3a4d5df6ece3d3e3619678ee04f,GloballyClusteredModel,"{""class"": ""RecurrentStudent"", ""hidden_size"": 64, ""input_size"": 2, ""materialized_cluster_count"": 8, ""num_layers"": 1, ""output_size"": 1, ""parameters"": 13129}",13129,15.843568200012669,GO-PEI4-1p0_400mvs-cycle-1;GO-PEI4-1p0_400mvs-cycle-2;GO-PEI4-1p0_400mvs-cycle-3;GO-PEI4-1p0_400mvs-cycle-4;GO-PEI4-1p0_400mvs-cycle-5;GO-PEI4-1p0_400mvs-cycle-6,GO-PEI4-1p0_400mvs-cycle-7;GO-PEI4-1p0_400mvs-cycle-8,GO-PEI4-1p0_400mvs-cycle-9;GO-PEI4-1p0_400mvs-cycle-10;GO-PEI4-1p0_400mvs-cycle-11,final,cuda,8,-1407.5523681640625,cuda
low_rank,8,1,1,GO-PEI4,1p0_400mvs,direct_supervised,0.9927302194793873,0.07994681523871165,0.016913553699851036,0.017611004412174225,4,4,28,112,9851,checkpoints/compression_direct_low_rank_h8_r1_seed1.pt,73fd76399a1fc0a7d46196572753fb748f1b50c0670f01c50ea732c56312cc65,cfcb907eef6b63888ee072932795372138746e4c106b236ab3fefc20afc10dae,GloballyClusteredModel,"{""class"": ""LowRankRecurrentStudent"", ""hidden_size"": 8, ""input_size"": 2, ""materialized_cluster_count"": 4, ""output_size"": 1, ""parameters"": 32, ""rank"": 1}",32,92.48332910006866,GO-PEI4-1p0_400mvs-cycle-1;GO-PEI4-1p0_400mvs-cycle-2;GO-PEI4-1p0_400mvs-cycle-3;GO-PEI4-1p0_400mvs-cycle-4;GO-PEI4-1p0_400mvs-cycle-5;GO-PEI4-1p0_400mvs-cycle-6,GO-PEI4-1p0_400mvs-cycle-7;GO-PEI4-1p0_400mvs-cycle-8,GO-PEI4-1p0_400mvs-cycle-9;GO-PEI4-1p0_400mvs-cycle-10;GO-PEI4-1p0_400mvs-cycle-11,final,cuda,4,-1079.109130859375,cuda
low_rank,8,2,1,GO-PEI4,1p0_400mvs,direct_supervised,0.9956455596645146,0.06224802809987806,0.009247817099094391,0.01067660003900528,16,16,47,188,10145,checkpoints/compression_direct_low_rank_h8_r2_seed1.pt,a7a43c7bff7960be5ec661d192f1f497592a061de8b5e4e260d12bddef3eefa4,00d68ef3582345c9a56a8328285bd29af1b1a9ed8f0aa7e14b446b04b83ce7df,GloballyClusteredModel,"{""class"": ""LowRankRecurrentStudent"", ""hidden_size"": 8, ""input_size"": 2, ""materialized_cluster_count"": 16, ""output_size"": 1, ""parameters"": 63, ""rank"": 2}",63,93.00970499985851,GO-PEI4-1p0_400mvs-cycle-1;GO-PEI4-1p0_400mvs-cycle-2;GO-PEI4-1p0_400mvs-cycle-3;GO-PEI4-1p0_400mvs-cycle-4;GO-PEI4-1p0_400mvs-cycle-5;GO-PEI4-1p0_400mvs-cycle-6,GO-PEI4-1p0_400mvs-cycle-7;GO-PEI4-1p0_400mvs-cycle-8,GO-PEI4-1p0_400mvs-cycle-9;GO-PEI4-1p0_400mvs-cycle-10;GO-PEI4-1p0_400mvs-cycle-11,final,cuda,16,-1214.66650390625,cuda
low_rank,8,4,1,GO-PEI4,1p0_400mvs,direct_supervised,0.9937555328046153,0.07625623833026715,0.013495760969817638,0.016022581607103348,16,16,85,340,10273,checkpoints/compression_direct_low_rank_h8_r4_seed1.pt,107bbcd05507e700940f7f8db410e1c652b7105c29e5fa80a9345e1776e1f8fb,526db1e408c16fb2df144a549a915fd156928028bf437ef64742986e9c288694,GloballyClusteredModel,"{""class"": ""LowRankRecurrentStudent"", ""hidden_size"": 8, ""input_size"": 2, ""materialized_cluster_count"": 16, ""output_size"": 1, ""parameters"": 101, ""rank"": 4}",101,77.40841510007158,GO-PEI4-1p0_400mvs-cycle-1;GO-PEI4-1p0_400mvs-cycle-2;GO-PEI4-1p0_400mvs-cycle-3;GO-PEI4-1p0_400mvs-cycle-4;GO-PEI4-1p0_400mvs-cycle-5;GO-PEI4-1p0_400mvs-cycle-6,GO-PEI4-1p0_400mvs-cycle-7;GO-PEI4-1p0_400mvs-cycle-8,GO-PEI4-1p0_400mvs-cycle-9;GO-PEI4-1p0_400mvs-cycle-10;GO-PEI4-1p0_400mvs-cycle-11,final,cuda,16,-1126.8817138671875,cuda
low_rank,8,8,1,GO-PEI4,1p0_400mvs,direct_supervised,0.9948850915769052,0.05370684364188964,0.006721579935401678,0.007947692647576332,16,16,161,644,10593,checkpoints/compression_direct_low_rank_h8_r8_seed1.pt,1fcaf4096932c4342010509ee0739fa58a6cdc4be46c2dcca44f49abbe8d284e,a4d5b4c92be4586a2a3ced20ee35e673f162d68de7347b4bb7cb6ca9d1333f82,GloballyClusteredModel,"{""class"": ""LowRankRecurrentStudent"", ""hidden_size"": 8, ""input_size"": 2, ""materialized_cluster_count"": 16, ""output_size"": 1, ""parameters"": 177, ""rank"": 8}",177,87.76338869985193,GO-PEI4-1p0_400mvs-cycle-1;GO-PEI4-1p0_400mvs-cycle-2;GO-PEI4-1p0_400mvs-cycle-3;GO-PEI4-1p0_400mvs-cycle-4;GO-PEI4-1p0_400mvs-cycle-5;GO-PEI4-1p0_400mvs-cycle-6,GO-PEI4-1p0_400mvs-cycle-7;GO-PEI4-1p0_400mvs-cycle-8,GO-PEI4-1p0_400mvs-cycle-9;GO-PEI4-1p0_400mvs-cycle-10;GO-PEI4-1p0_400mvs-cycle-11,final,cuda,16,-1316.519775390625,cuda
teacher,64,,2,GO-PEI4,1p0_400mvs,direct_supervised_reference,0.999320012643546,0.015691317898080995,0.0005838192447468086,0.0006784230936318636,,45585,45585,182340,,checkpoints/compression_direct_teacher_seed2.pt,f12f874cdb8748dc17c1c95859d2cbe2295b03a2cb59e09b240c987d9151df6d,f76e3124880b0976582676fd4c883cdaf4ca8543be2be59f138a978de93d780d,PsiXLSTMTeacher,"{""block_widths"": [32, 64], ""class"": ""PsiXLSTMTeacher"", ""hidden_size"": 64, ""input_size"": 2, ""output_size"": 1, ""parameters"": 45585}",45585,723.7802304001525,GO-PEI4-1p0_400mvs-cycle-1;GO-PEI4-1p0_400mvs-cycle-2;GO-PEI4-1p0_400mvs-cycle-3;GO-PEI4-1p0_400mvs-cycle-4;GO-PEI4-1p0_400mvs-cycle-5;GO-PEI4-1p0_400mvs-cycle-6,GO-PEI4-1p0_400mvs-cycle-7;GO-PEI4-1p0_400mvs-cycle-8,GO-PEI4-1p0_400mvs-cycle-9;GO-PEI4-1p0_400mvs-cycle-10;GO-PEI4-1p0_400mvs-cycle-11,final,cuda,,,cuda
gru,2,,2,GO-PEI4,1p0_400mvs,direct_supervised,0.988450182321509,0.051081748125887456,0.006774612702429295,0.007189740892499685,16,16,39,156,14188,checkpoints/compression_direct_gru_h2_r0_seed2.pt,8ee8e0ef03b02f4190a4437434a7eb8a8a4d9ae94151260c389e0e9c69814003,bb972602bbca8cd98544682b3bd824d874d37bdd8b22339cc173b772fca48289,GloballyClusteredModel,"{""class"": ""RecurrentStudent"", ""hidden_size"": 2, ""input_size"": 2, ""materialized_cluster_count"": 16, ""num_layers"": 1, ""output_size"": 1, ""parameters"": 55}",55,15.32704499992542,GO-PEI4-1p0_400mvs-cycle-1;GO-PEI4-1p0_400mvs-cycle-2;GO-PEI4-1p0_400mvs-cycle-3;GO-PEI4-1p0_400mvs-cycle-4;GO-PEI4-1p0_400mvs-cycle-5;GO-PEI4-1p0_400mvs-cycle-6,GO-PEI4-1p0_400mvs-cycle-7;GO-PEI4-1p0_400mvs-cycle-8,GO-PEI4-1p0_400mvs-cycle-9;GO-PEI4-1p0_400mvs-cycle-10;GO-PEI4-1p0_400mvs-cycle-11,final,cuda,16,-1259.701171875,cuda
gru,4,,2,GO-PEI4,1p0_400mvs,direct_supervised,0.9940678834246084,0.15290567976208552,0.059563685208559036,0.06442122161388397,16,16,101,404,15672,checkpoints/compression_direct_gru_h4_r0_seed2.pt,ba7f32f2f1aa50e570d1594ab0004ac5a19c4e857b28383d9d3fb916e99022e7,6513176b03bfadcf58c7dec20950aabeed0c00c17fa3cea912f5e7329fb31a63,GloballyClusteredModel,"{""class"": ""RecurrentStudent"", ""hidden_size"": 4, ""input_size"": 2, ""materialized_cluster_count"": 16, ""num_layers"": 1, ""output_size"": 1, ""parameters"": 117}",117,16.06893979990855,GO-PEI4-1p0_400mvs-cycle-1;GO-PEI4-1p0_400mvs-cycle-2;GO-PEI4-1p0_400mvs-cycle-3;GO-PEI4-1p0_400mvs-cycle-4;GO-PEI4-1p0_400mvs-cycle-5;GO-PEI4-1p0_400mvs-cycle-6,GO-PEI4-1p0_400mvs-cycle-7;GO-PEI4-1p0_400mvs-cycle-8,GO-PEI4-1p0_400mvs-cycle-9;GO-PEI4-1p0_400mvs-cycle-10;GO-PEI4-1p0_400mvs-cycle-11,final,cuda,16,-672.1334228515625,cuda
gru,8,,2,GO-PEI4,1p0_400mvs,direct_supervised,0.9953957476740987,0.031010749059523807,0.002855609403923154,0.0026497584767639637,16,16,297,1188,16504,checkpoints/compression_direct_gru_h8_r0_seed2.pt,e2d1209f72c2099ee6052705257e7916bc3a177fae5a9ead7b74e7031b2288d7,06484f5dea4bdd5aac42a0ce8b6b40ffd19dbe3451c6d983e7b67ed6bd491ee4,GloballyClusteredModel,"{""class"": ""RecurrentStudent"", ""hidden_size"": 8, ""input_size"": 2, ""materialized_cluster_count"": 16, ""num_layers"": 1, ""output_size"": 1, ""parameters"": 313}",313,16.18775840010494,GO-PEI4-1p0_400mvs-cycle-1;GO-PEI4-1p0_400mvs-cycle-2;GO-PEI4-1p0_400mvs-cycle-3;GO-PEI4-1p0_400mvs-cycle-4;GO-PEI4-1p0_400mvs-cycle-5;GO-PEI4-1p0_400mvs-cycle-6,GO-PEI4-1p0_400mvs-cycle-7;GO-PEI4-1p0_400mvs-cycle-8,GO-PEI4-1p0_400mvs-cycle-9;GO-PEI4-1p0_400mvs-cycle-10;GO-PEI4-1p0_400mvs-cycle-11,final,cuda,16,-1500.2724609375,cuda
gru,16,,2,GO-PEI4,1p0_400mvs,direct_supervised,0.9909013584352286,0.08918509599968512,0.02265583723783493,0.021916253492236137,16,16,977,3908,19405,checkpoints/compression_direct_gru_h16_r0_seed2.pt,fd04456afd6f77a4bd00d22fe4221161cc3fa1d30b0dd59adb53652235d59321,c2b40c678a95a1cafa2569295553e7416a3543a91c7e616bcbd66d6851856edb,GloballyClusteredModel,"{""class"": ""RecurrentStudent"", ""hidden_size"": 16, ""input_size"": 2, ""materialized_cluster_count"": 16, ""num_layers"": 1, ""output_size"": 1, ""parameters"": 993}",993,15.049805199960247,GO-PEI4-1p0_400mvs-cycle-1;GO-PEI4-1p0_400mvs-cycle-2;GO-PEI4-1p0_400mvs-cycle-3;GO-PEI4-1p0_400mvs-cycle-4;GO-PEI4-1p0_400mvs-cycle-5;GO-PEI4-1p0_400mvs-cycle-6,GO-PEI4-1p0_400mvs-cycle-7;GO-PEI4-1p0_400mvs-cycle-8,GO-PEI4-1p0_400mvs-cycle-9;GO-PEI4-1p0_400mvs-cycle-10;GO-PEI4-1p0_400mvs-cycle-11,final,cuda,16,-944.812255859375,cuda
gru,32,,2,GO-PEI4,1p0_400mvs,direct_supervised,0.9990078214807916,0.031779597300207,0.0031762775033712387,0.0027827781159430742,16,16,3489,13956,29457,checkpoints/compression_direct_gru_h32_r0_seed2.pt,2020a343e7c28e14086872b0c2b6a317145470db727480d25c30ebea7b07a2fe,738bbc4e9e55b295bf00376374c34caebeb26136945d686ef1a55265c706d70a,GloballyClusteredModel,"{""class"": ""RecurrentStudent"", ""hidden_size"": 32, ""input_size"": 2, ""materialized_cluster_count"": 16, ""num_layers"": 1, ""output_size"": 1, ""parameters"": 3505}",3505,16.049077899893746,GO-PEI4-1p0_400mvs-cycle-1;GO-PEI4-1p0_400mvs-cycle-2;GO-PEI4-1p0_400mvs-cycle-3;GO-PEI4-1p0_400mvs-cycle-4;GO-PEI4-1p0_400mvs-cycle-5;GO-PEI4-1p0_400mvs-cycle-6,GO-PEI4-1p0_400mvs-cycle-7;GO-PEI4-1p0_400mvs-cycle-8,GO-PEI4-1p0_400mvs-cycle-9;GO-PEI4-1p0_400mvs-cycle-10;GO-PEI4-1p0_400mvs-cycle-11,final,cuda,16,-1486.03125,cuda
gru,64,,2,GO-PEI4,1p0_400mvs,direct_supervised,0.999092888006112,0.04284497056077478,0.004162554629147053,0.005058031063526869,8,8,13121,52484,67987,checkpoints/compression_direct_gru_h64_r0_seed2.pt,0d88e1d9818c63215fd84051496219b57cd4591f74eccdb0ab48e68c4f54e23a,68b81be6ab129b8e5a0e8edd90342fa9da33376c8b5b39353c0df38a81f05e05,GloballyClusteredModel,"{""class"": ""RecurrentStudent"", ""hidden_size"": 64, ""input_size"": 2, ""materialized_cluster_count"": 8, ""num_layers"": 1, ""output_size"": 1, ""parameters"": 13129}",13129,15.647200900129974,GO-PEI4-1p0_400mvs-cycle-1;GO-PEI4-1p0_400mvs-cycle-2;GO-PEI4-1p0_400mvs-cycle-3;GO-PEI4-1p0_400mvs-cycle-4;GO-PEI4-1p0_400mvs-cycle-5;GO-PEI4-1p0_400mvs-cycle-6,GO-PEI4-1p0_400mvs-cycle-7;GO-PEI4-1p0_400mvs-cycle-8,GO-PEI4-1p0_400mvs-cycle-9;GO-PEI4-1p0_400mvs-cycle-10;GO-PEI4-1p0_400mvs-cycle-11,final,cuda,8,-1445.99755859375,cuda
low_rank,8,1,2,GO-PEI4,1p0_400mvs,direct_supervised,0.9938999317486461,0.07932262828120491,0.019485801458358765,0.017337078228592873,16,16,28,112,9851,checkpoints/compression_direct_low_rank_h8_r1_seed2.pt,a1d7ce93333c37ec4d2280fc888e5a8800008a500bfb8fcc0d045ac77544e7c7,42fab59e0c79093b008f97bd304a3cc147c1fce7be3ff1ccdf867a122387a075,GloballyClusteredModel,"{""class"": ""LowRankRecurrentStudent"", ""hidden_size"": 8, ""input_size"": 2, ""materialized_cluster_count"": 16, ""output_size"": 1, ""parameters"": 44, ""rank"": 1}",44,87.41036719991826,GO-PEI4-1p0_400mvs-cycle-1;GO-PEI4-1p0_400mvs-cycle-2;GO-PEI4-1p0_400mvs-cycle-3;GO-PEI4-1p0_400mvs-cycle-4;GO-PEI4-1p0_400mvs-cycle-5;GO-PEI4-1p0_400mvs-cycle-6,GO-PEI4-1p0_400mvs-cycle-7;GO-PEI4-1p0_400mvs-cycle-8,GO-PEI4-1p0_400mvs-cycle-9;GO-PEI4-1p0_400mvs-cycle-10;GO-PEI4-1p0_400mvs-cycle-11,final,cuda,16,-1007.7476806640625,cuda
low_rank,8,2,2,GO-PEI4,1p0_400mvs,direct_supervised,0.9923605262916199,0.07944113861346076,0.01594647951424122,0.017388921231031418,8,8,47,188,10145,checkpoints/compression_direct_low_rank_h8_r2_seed2.pt,617cbad2063c9ced9687d3c77b5dbbe6175f94b150c9d006abf57f1e58747fbf,e602f7f3006647b89a31bde69d75d8a25b2b6aa397464c6bb2dd9dd968204176,GloballyClusteredModel,"{""class"": ""LowRankRecurrentStudent"", ""hidden_size"": 8, ""input_size"": 2, ""materialized_cluster_count"": 8, ""output_size"": 1, ""parameters"": 55, ""rank"": 2}",55,86.29294750001281,GO-PEI4-1p0_400mvs-cycle-1;GO-PEI4-1p0_400mvs-cycle-2;GO-PEI4-1p0_400mvs-cycle-3;GO-PEI4-1p0_400mvs-cycle-4;GO-PEI4-1p0_400mvs-cycle-5;GO-PEI4-1p0_400mvs-cycle-6,GO-PEI4-1p0_400mvs-cycle-7;GO-PEI4-1p0_400mvs-cycle-8,GO-PEI4-1p0_400mvs-cycle-9;GO-PEI4-1p0_400mvs-cycle-10;GO-PEI4-1p0_400mvs-cycle-11,final,cuda,8,-1077.2889404296875,cuda
low_rank,8,4,2,GO-PEI4,1p0_400mvs,direct_supervised,0.9913145071451943,0.07873337765190688,0.014995060861110687,0.017080457881093025,16,16,85,340,10273,checkpoints/compression_direct_low_rank_h8_r4_seed2.pt,b2b9bc15b2551decd40b7c98ad4829e988cbc2d7aa3dc1c1061c3c10e4607269,bfca411be869464b0a931c7aa115b769407f1067dc14de20ce79ebe63707acc6,GloballyClusteredModel,"{""class"": ""LowRankRecurrentStudent"", ""hidden_size"": 8, ""input_size"": 2, ""materialized_cluster_count"": 16, ""output_size"": 1, ""parameters"": 101, ""rank"": 4}",101,53.67167349997908,GO-PEI4-1p0_400mvs-cycle-1;GO-PEI4-1p0_400mvs-cycle-2;GO-PEI4-1p0_400mvs-cycle-3;GO-PEI4-1p0_400mvs-cycle-4;GO-PEI4-1p0_400mvs-cycle-5;GO-PEI4-1p0_400mvs-cycle-6,GO-PEI4-1p0_400mvs-cycle-7;GO-PEI4-1p0_400mvs-cycle-8,GO-PEI4-1p0_400mvs-cycle-9;GO-PEI4-1p0_400mvs-cycle-10;GO-PEI4-1p0_400mvs-cycle-11,final,cuda,16,-1093.857666015625,cuda
low_rank,8,8,2,GO-PEI4,1p0_400mvs,direct_supervised,0.9959110161976892,0.04477928224452796,0.004384747240692377,0.005525047425180674,16,16,161,644,10593,checkpoints/compression_direct_low_rank_h8_r8_seed2.pt,c3f9be7c909cc8697fdefeb64de25f21139f0d0479bcb38e20b8f3e51b9c995f,885671cfb093838d08cb731407bd2dcfbb121b122fff674bc14426a52f77f569,GloballyClusteredModel,"{""class"": ""LowRankRecurrentStudent"", ""hidden_size"": 8, ""input_size"": 2, ""materialized_cluster_count"": 16, ""output_size"": 1, ""parameters"": 177, ""rank"": 8}",177,38.882525800028816,GO-PEI4-1p0_400mvs-cycle-1;GO-PEI4-1p0_400mvs-cycle-2;GO-PEI4-1p0_400mvs-cycle-3;GO-PEI4-1p0_400mvs-cycle-4;GO-PEI4-1p0_400mvs-cycle-5;GO-PEI4-1p0_400mvs-cycle-6,GO-PEI4-1p0_400mvs-cycle-7;GO-PEI4-1p0_400mvs-cycle-8,GO-PEI4-1p0_400mvs-cycle-9;GO-PEI4-1p0_400mvs-cycle-10;GO-PEI4-1p0_400mvs-cycle-11,final,cuda,16,-1425.4375,cuda
