source_device,target_device,seed,correlation,nrmse,checkpoint_path,checkpoint_hash,checkpoint_file_sha256,model_class,model_architecture,model_parameter_count,train_source_ids,validation_source_ids,test_source_ids,profile,execution_device,device,cluster_count
GO-PDADMAC4,GO-PDADMAC4,0,0.9945551676256531,0.045526754076925725,checkpoints/cross_device_GO-PDADMAC4_seed0.pt,8da4e7569bb24b5927325785e2895dfb68af8e2de03424c46588b529745fc997,0cdcf399895f48dc3aa56fe20d752b4964301758783c557f6dba82bdeb07d7ef,GloballyClusteredModel,"{""class"": ""RecurrentStudent"", ""hidden_size"": 16, ""input_size"": 2, ""materialized_cluster_count"": 16, ""num_layers"": 1, ""output_size"": 1, ""parameters"": 993}",993,GO-PDADMAC4-1p0_400mvs-cycle-1;GO-PDADMAC4-1p0_400mvs-cycle-2;GO-PDADMAC4-1p0_400mvs-cycle-3;GO-PDADMAC4-1p0_400mvs-cycle-4;GO-PDADMAC4-1p0_400mvs-cycle-5;GO-PDADMAC4-1p0_400mvs-cycle-6,GO-PDADMAC4-1p0_400mvs-cycle-7;GO-PDADMAC4-1p0_400mvs-cycle-8,GO-PDADMAC4-1p0_400mvs-cycle-9;GO-PDADMAC4-1p0_400mvs-cycle-10;GO-PDADMAC4-1p0_400mvs-cycle-11,final,cuda,cuda,16
GO-PDADMAC4,GO-PEI3,0,0.9625214581611508,0.10431671080479729,checkpoints/cross_device_GO-PDADMAC4_seed0.pt,8da4e7569bb24b5927325785e2895dfb68af8e2de03424c46588b529745fc997,0cdcf399895f48dc3aa56fe20d752b4964301758783c557f6dba82bdeb07d7ef,GloballyClusteredModel,"{""class"": ""RecurrentStudent"", ""hidden_size"": 16, ""input_size"": 2, ""materialized_cluster_count"": 16, ""num_layers"": 1, ""output_size"": 1, ""parameters"": 993}",993,GO-PDADMAC4-1p0_400mvs-cycle-1;GO-PDADMAC4-1p0_400mvs-cycle-2;GO-PDADMAC4-1p0_400mvs-cycle-3;GO-PDADMAC4-1p0_400mvs-cycle-4;GO-PDADMAC4-1p0_400mvs-cycle-5;GO-PDADMAC4-1p0_400mvs-cycle-6,GO-PDADMAC4-1p0_400mvs-cycle-7;GO-PDADMAC4-1p0_400mvs-cycle-8,GO-PEI3-1p0_400mvs-cycle-9;GO-PEI3-1p0_400mvs-cycle-10;GO-PEI3-1p0_400mvs-cycle-11,final,cuda,cuda,16
GO-PDADMAC4,GO-PEI4,0,0.9885892236425801,0.06752475390814947,checkpoints/cross_device_GO-PDADMAC4_seed0.pt,8da4e7569bb24b5927325785e2895dfb68af8e2de03424c46588b529745fc997,0cdcf399895f48dc3aa56fe20d752b4964301758783c557f6dba82bdeb07d7ef,GloballyClusteredModel,"{""class"": ""RecurrentStudent"", ""hidden_size"": 16, ""input_size"": 2, ""materialized_cluster_count"": 16, ""num_layers"": 1, ""output_size"": 1, ""parameters"": 993}",993,GO-PDADMAC4-1p0_400mvs-cycle-1;GO-PDADMAC4-1p0_400mvs-cycle-2;GO-PDADMAC4-1p0_400mvs-cycle-3;GO-PDADMAC4-1p0_400mvs-cycle-4;GO-PDADMAC4-1p0_400mvs-cycle-5;GO-PDADMAC4-1p0_400mvs-cycle-6,GO-PDADMAC4-1p0_400mvs-cycle-7;GO-PDADMAC4-1p0_400mvs-cycle-8,GO-PEI4-1p0_400mvs-cycle-9;GO-PEI4-1p0_400mvs-cycle-10;GO-PEI4-1p0_400mvs-cycle-11,final,cuda,cuda,16
GO-PDADMAC4,GO-PDADMAC4,1,0.9982413304024448,0.018508886238148888,checkpoints/cross_device_GO-PDADMAC4_seed1.pt,80ab7220d2bc19e4e53fc90beb052064f3ac2606530eeaece4c9245ad8fc846b,507be8731c859bb74a5a4974f360ad10162f02d0d5c1b28839f3b9b7b03a8c38,GloballyClusteredModel,"{""class"": ""RecurrentStudent"", ""hidden_size"": 16, ""input_size"": 2, ""materialized_cluster_count"": 16, ""num_layers"": 1, ""output_size"": 1, ""parameters"": 993}",993,GO-PDADMAC4-1p0_400mvs-cycle-1;GO-PDADMAC4-1p0_400mvs-cycle-2;GO-PDADMAC4-1p0_400mvs-cycle-3;GO-PDADMAC4-1p0_400mvs-cycle-4;GO-PDADMAC4-1p0_400mvs-cycle-5;GO-PDADMAC4-1p0_400mvs-cycle-6,GO-PDADMAC4-1p0_400mvs-cycle-7;GO-PDADMAC4-1p0_400mvs-cycle-8,GO-PDADMAC4-1p0_400mvs-cycle-9;GO-PDADMAC4-1p0_400mvs-cycle-10;GO-PDADMAC4-1p0_400mvs-cycle-11,final,cuda,cuda,16
GO-PDADMAC4,GO-PEI3,1,0.9801242165240908,0.07744394418573033,checkpoints/cross_device_GO-PDADMAC4_seed1.pt,80ab7220d2bc19e4e53fc90beb052064f3ac2606530eeaece4c9245ad8fc846b,507be8731c859bb74a5a4974f360ad10162f02d0d5c1b28839f3b9b7b03a8c38,GloballyClusteredModel,"{""class"": ""RecurrentStudent"", ""hidden_size"": 16, ""input_size"": 2, ""materialized_cluster_count"": 16, ""num_layers"": 1, ""output_size"": 1, ""parameters"": 993}",993,GO-PDADMAC4-1p0_400mvs-cycle-1;GO-PDADMAC4-1p0_400mvs-cycle-2;GO-PDADMAC4-1p0_400mvs-cycle-3;GO-PDADMAC4-1p0_400mvs-cycle-4;GO-PDADMAC4-1p0_400mvs-cycle-5;GO-PDADMAC4-1p0_400mvs-cycle-6,GO-PDADMAC4-1p0_400mvs-cycle-7;GO-PDADMAC4-1p0_400mvs-cycle-8,GO-PEI3-1p0_400mvs-cycle-9;GO-PEI3-1p0_400mvs-cycle-10;GO-PEI3-1p0_400mvs-cycle-11,final,cuda,cuda,16
GO-PDADMAC4,GO-PEI4,1,0.9968402247998032,0.03630366086128655,checkpoints/cross_device_GO-PDADMAC4_seed1.pt,80ab7220d2bc19e4e53fc90beb052064f3ac2606530eeaece4c9245ad8fc846b,507be8731c859bb74a5a4974f360ad10162f02d0d5c1b28839f3b9b7b03a8c38,GloballyClusteredModel,"{""class"": ""RecurrentStudent"", ""hidden_size"": 16, ""input_size"": 2, ""materialized_cluster_count"": 16, ""num_layers"": 1, ""output_size"": 1, ""parameters"": 993}",993,GO-PDADMAC4-1p0_400mvs-cycle-1;GO-PDADMAC4-1p0_400mvs-cycle-2;GO-PDADMAC4-1p0_400mvs-cycle-3;GO-PDADMAC4-1p0_400mvs-cycle-4;GO-PDADMAC4-1p0_400mvs-cycle-5;GO-PDADMAC4-1p0_400mvs-cycle-6,GO-PDADMAC4-1p0_400mvs-cycle-7;GO-PDADMAC4-1p0_400mvs-cycle-8,GO-PEI4-1p0_400mvs-cycle-9;GO-PEI4-1p0_400mvs-cycle-10;GO-PEI4-1p0_400mvs-cycle-11,final,cuda,cuda,16
GO-PDADMAC4,GO-PDADMAC4,2,0.9990901390487383,0.03628000237630714,checkpoints/cross_device_GO-PDADMAC4_seed2.pt,67cb2765749ea7469a796e69be7c8261f678f53f4dbdda39050d1b3f016eb6f8,9814bbddaf02143d8b59f0d866ecb0c473045ce00cba2f7b10fb68e708f9405f,GloballyClusteredModel,"{""class"": ""RecurrentStudent"", ""hidden_size"": 16, ""input_size"": 2, ""materialized_cluster_count"": 16, ""num_layers"": 1, ""output_size"": 1, ""parameters"": 993}",993,GO-PDADMAC4-1p0_400mvs-cycle-1;GO-PDADMAC4-1p0_400mvs-cycle-2;GO-PDADMAC4-1p0_400mvs-cycle-3;GO-PDADMAC4-1p0_400mvs-cycle-4;GO-PDADMAC4-1p0_400mvs-cycle-5;GO-PDADMAC4-1p0_400mvs-cycle-6,GO-PDADMAC4-1p0_400mvs-cycle-7;GO-PDADMAC4-1p0_400mvs-cycle-8,GO-PDADMAC4-1p0_400mvs-cycle-9;GO-PDADMAC4-1p0_400mvs-cycle-10;GO-PDADMAC4-1p0_400mvs-cycle-11,final,cuda,cuda,16
GO-PDADMAC4,GO-PEI3,2,0.9801519234327972,0.08261972529000715,checkpoints/cross_device_GO-PDADMAC4_seed2.pt,67cb2765749ea7469a796e69be7c8261f678f53f4dbdda39050d1b3f016eb6f8,9814bbddaf02143d8b59f0d866ecb0c473045ce00cba2f7b10fb68e708f9405f,GloballyClusteredModel,"{""class"": ""RecurrentStudent"", ""hidden_size"": 16, ""input_size"": 2, ""materialized_cluster_count"": 16, ""num_layers"": 1, ""output_size"": 1, ""parameters"": 993}",993,GO-PDADMAC4-1p0_400mvs-cycle-1;GO-PDADMAC4-1p0_400mvs-cycle-2;GO-PDADMAC4-1p0_400mvs-cycle-3;GO-PDADMAC4-1p0_400mvs-cycle-4;GO-PDADMAC4-1p0_400mvs-cycle-5;GO-PDADMAC4-1p0_400mvs-cycle-6,GO-PDADMAC4-1p0_400mvs-cycle-7;GO-PDADMAC4-1p0_400mvs-cycle-8,GO-PEI3-1p0_400mvs-cycle-9;GO-PEI3-1p0_400mvs-cycle-10;GO-PEI3-1p0_400mvs-cycle-11,final,cuda,cuda,16
GO-PDADMAC4,GO-PEI4,2,0.9975398754190302,0.04512752757216177,checkpoints/cross_device_GO-PDADMAC4_seed2.pt,67cb2765749ea7469a796e69be7c8261f678f53f4dbdda39050d1b3f016eb6f8,9814bbddaf02143d8b59f0d866ecb0c473045ce00cba2f7b10fb68e708f9405f,GloballyClusteredModel,"{""class"": ""RecurrentStudent"", ""hidden_size"": 16, ""input_size"": 2, ""materialized_cluster_count"": 16, ""num_layers"": 1, ""output_size"": 1, ""parameters"": 993}",993,GO-PDADMAC4-1p0_400mvs-cycle-1;GO-PDADMAC4-1p0_400mvs-cycle-2;GO-PDADMAC4-1p0_400mvs-cycle-3;GO-PDADMAC4-1p0_400mvs-cycle-4;GO-PDADMAC4-1p0_400mvs-cycle-5;GO-PDADMAC4-1p0_400mvs-cycle-6,GO-PDADMAC4-1p0_400mvs-cycle-7;GO-PDADMAC4-1p0_400mvs-cycle-8,GO-PEI4-1p0_400mvs-cycle-9;GO-PEI4-1p0_400mvs-cycle-10;GO-PEI4-1p0_400mvs-cycle-11,final,cuda,cuda,16
GO-PEI3,GO-PDADMAC4,0,0.9791721621749307,0.09125854117217293,checkpoints/cross_device_GO-PEI3_seed0.pt,a3ff3ad5e17ea048ab857ab8363c3a122fad79529ce468ce3bcc46e1490e183c,124c7de213afc6eb44a935aa6fed23ef25023fb3c7b9fc6f1b2da9ff9331b41f,GloballyClusteredModel,"{""class"": ""RecurrentStudent"", ""hidden_size"": 16, ""input_size"": 2, ""materialized_cluster_count"": 16, ""num_layers"": 1, ""output_size"": 1, ""parameters"": 993}",993,GO-PEI3-1p0_400mvs-cycle-1;GO-PEI3-1p0_400mvs-cycle-2;GO-PEI3-1p0_400mvs-cycle-3;GO-PEI3-1p0_400mvs-cycle-4;GO-PEI3-1p0_400mvs-cycle-5;GO-PEI3-1p0_400mvs-cycle-6,GO-PEI3-1p0_400mvs-cycle-7;GO-PEI3-1p0_400mvs-cycle-8,GO-PDADMAC4-1p0_400mvs-cycle-9;GO-PDADMAC4-1p0_400mvs-cycle-10;GO-PDADMAC4-1p0_400mvs-cycle-11,final,cuda,cuda,16
GO-PEI3,GO-PEI3,0,0.9999051985296515,0.01015737939628657,checkpoints/cross_device_GO-PEI3_seed0.pt,a3ff3ad5e17ea048ab857ab8363c3a122fad79529ce468ce3bcc46e1490e183c,124c7de213afc6eb44a935aa6fed23ef25023fb3c7b9fc6f1b2da9ff9331b41f,GloballyClusteredModel,"{""class"": ""RecurrentStudent"", ""hidden_size"": 16, ""input_size"": 2, ""materialized_cluster_count"": 16, ""num_layers"": 1, ""output_size"": 1, ""parameters"": 993}",993,GO-PEI3-1p0_400mvs-cycle-1;GO-PEI3-1p0_400mvs-cycle-2;GO-PEI3-1p0_400mvs-cycle-3;GO-PEI3-1p0_400mvs-cycle-4;GO-PEI3-1p0_400mvs-cycle-5;GO-PEI3-1p0_400mvs-cycle-6,GO-PEI3-1p0_400mvs-cycle-7;GO-PEI3-1p0_400mvs-cycle-8,GO-PEI3-1p0_400mvs-cycle-9;GO-PEI3-1p0_400mvs-cycle-10;GO-PEI3-1p0_400mvs-cycle-11,final,cuda,cuda,16
GO-PEI3,GO-PEI4,0,0.9869974027951299,0.06258835321274556,checkpoints/cross_device_GO-PEI3_seed0.pt,a3ff3ad5e17ea048ab857ab8363c3a122fad79529ce468ce3bcc46e1490e183c,124c7de213afc6eb44a935aa6fed23ef25023fb3c7b9fc6f1b2da9ff9331b41f,GloballyClusteredModel,"{""class"": ""RecurrentStudent"", ""hidden_size"": 16, ""input_size"": 2, ""materialized_cluster_count"": 16, ""num_layers"": 1, ""output_size"": 1, ""parameters"": 993}",993,GO-PEI3-1p0_400mvs-cycle-1;GO-PEI3-1p0_400mvs-cycle-2;GO-PEI3-1p0_400mvs-cycle-3;GO-PEI3-1p0_400mvs-cycle-4;GO-PEI3-1p0_400mvs-cycle-5;GO-PEI3-1p0_400mvs-cycle-6,GO-PEI3-1p0_400mvs-cycle-7;GO-PEI3-1p0_400mvs-cycle-8,GO-PEI4-1p0_400mvs-cycle-9;GO-PEI4-1p0_400mvs-cycle-10;GO-PEI4-1p0_400mvs-cycle-11,final,cuda,cuda,16
GO-PEI3,GO-PDADMAC4,1,0.9808570813245178,0.08434912523732098,checkpoints/cross_device_GO-PEI3_seed1.pt,cb6948ca1a5ca827bf9eca84bee3f3d7b09e89a08dfa63e9b12542da84b639e0,7ff479e4a4a1f452b72b4ff1256919e18ca0d177653ec3fa0407f39b2cd13a4c,GloballyClusteredModel,"{""class"": ""RecurrentStudent"", ""hidden_size"": 16, ""input_size"": 2, ""materialized_cluster_count"": 16, ""num_layers"": 1, ""output_size"": 1, ""parameters"": 993}",993,GO-PEI3-1p0_400mvs-cycle-1;GO-PEI3-1p0_400mvs-cycle-2;GO-PEI3-1p0_400mvs-cycle-3;GO-PEI3-1p0_400mvs-cycle-4;GO-PEI3-1p0_400mvs-cycle-5;GO-PEI3-1p0_400mvs-cycle-6,GO-PEI3-1p0_400mvs-cycle-7;GO-PEI3-1p0_400mvs-cycle-8,GO-PDADMAC4-1p0_400mvs-cycle-9;GO-PDADMAC4-1p0_400mvs-cycle-10;GO-PDADMAC4-1p0_400mvs-cycle-11,final,cuda,cuda,16
GO-PEI3,GO-PEI3,1,0.9999322598153386,0.0116682398437576,checkpoints/cross_device_GO-PEI3_seed1.pt,cb6948ca1a5ca827bf9eca84bee3f3d7b09e89a08dfa63e9b12542da84b639e0,7ff479e4a4a1f452b72b4ff1256919e18ca0d177653ec3fa0407f39b2cd13a4c,GloballyClusteredModel,"{""class"": ""RecurrentStudent"", ""hidden_size"": 16, ""input_size"": 2, ""materialized_cluster_count"": 16, ""num_layers"": 1, ""output_size"": 1, ""parameters"": 993}",993,GO-PEI3-1p0_400mvs-cycle-1;GO-PEI3-1p0_400mvs-cycle-2;GO-PEI3-1p0_400mvs-cycle-3;GO-PEI3-1p0_400mvs-cycle-4;GO-PEI3-1p0_400mvs-cycle-5;GO-PEI3-1p0_400mvs-cycle-6,GO-PEI3-1p0_400mvs-cycle-7;GO-PEI3-1p0_400mvs-cycle-8,GO-PEI3-1p0_400mvs-cycle-9;GO-PEI3-1p0_400mvs-cycle-10;GO-PEI3-1p0_400mvs-cycle-11,final,cuda,cuda,16
GO-PEI3,GO-PEI4,1,0.988254927948042,0.05666901552311487,checkpoints/cross_device_GO-PEI3_seed1.pt,cb6948ca1a5ca827bf9eca84bee3f3d7b09e89a08dfa63e9b12542da84b639e0,7ff479e4a4a1f452b72b4ff1256919e18ca0d177653ec3fa0407f39b2cd13a4c,GloballyClusteredModel,"{""class"": ""RecurrentStudent"", ""hidden_size"": 16, ""input_size"": 2, ""materialized_cluster_count"": 16, ""num_layers"": 1, ""output_size"": 1, ""parameters"": 993}",993,GO-PEI3-1p0_400mvs-cycle-1;GO-PEI3-1p0_400mvs-cycle-2;GO-PEI3-1p0_400mvs-cycle-3;GO-PEI3-1p0_400mvs-cycle-4;GO-PEI3-1p0_400mvs-cycle-5;GO-PEI3-1p0_400mvs-cycle-6,GO-PEI3-1p0_400mvs-cycle-7;GO-PEI3-1p0_400mvs-cycle-8,GO-PEI4-1p0_400mvs-cycle-9;GO-PEI4-1p0_400mvs-cycle-10;GO-PEI4-1p0_400mvs-cycle-11,final,cuda,cuda,16
GO-PEI3,GO-PDADMAC4,2,0.9812083345655142,0.08580343906503334,checkpoints/cross_device_GO-PEI3_seed2.pt,a08903309aa37f57902f872dff1608ef91ae0b6faaab5ca17982540067e0a61e,350219ac9edc19a3cf7e4afceaab1afea0fae829535ae170fae91f4e6d84c417,GloballyClusteredModel,"{""class"": ""RecurrentStudent"", ""hidden_size"": 16, ""input_size"": 2, ""materialized_cluster_count"": 16, ""num_layers"": 1, ""output_size"": 1, ""parameters"": 993}",993,GO-PEI3-1p0_400mvs-cycle-1;GO-PEI3-1p0_400mvs-cycle-2;GO-PEI3-1p0_400mvs-cycle-3;GO-PEI3-1p0_400mvs-cycle-4;GO-PEI3-1p0_400mvs-cycle-5;GO-PEI3-1p0_400mvs-cycle-6,GO-PEI3-1p0_400mvs-cycle-7;GO-PEI3-1p0_400mvs-cycle-8,GO-PDADMAC4-1p0_400mvs-cycle-9;GO-PDADMAC4-1p0_400mvs-cycle-10;GO-PDADMAC4-1p0_400mvs-cycle-11,final,cuda,cuda,16
GO-PEI3,GO-PEI3,2,0.9998362377556428,0.011912095377939377,checkpoints/cross_device_GO-PEI3_seed2.pt,a08903309aa37f57902f872dff1608ef91ae0b6faaab5ca17982540067e0a61e,350219ac9edc19a3cf7e4afceaab1afea0fae829535ae170fae91f4e6d84c417,GloballyClusteredModel,"{""class"": ""RecurrentStudent"", ""hidden_size"": 16, ""input_size"": 2, ""materialized_cluster_count"": 16, ""num_layers"": 1, ""output_size"": 1, ""parameters"": 993}",993,GO-PEI3-1p0_400mvs-cycle-1;GO-PEI3-1p0_400mvs-cycle-2;GO-PEI3-1p0_400mvs-cycle-3;GO-PEI3-1p0_400mvs-cycle-4;GO-PEI3-1p0_400mvs-cycle-5;GO-PEI3-1p0_400mvs-cycle-6,GO-PEI3-1p0_400mvs-cycle-7;GO-PEI3-1p0_400mvs-cycle-8,GO-PEI3-1p0_400mvs-cycle-9;GO-PEI3-1p0_400mvs-cycle-10;GO-PEI3-1p0_400mvs-cycle-11,final,cuda,cuda,16
GO-PEI3,GO-PEI4,2,0.9883777505585861,0.05870118284414467,checkpoints/cross_device_GO-PEI3_seed2.pt,a08903309aa37f57902f872dff1608ef91ae0b6faaab5ca17982540067e0a61e,350219ac9edc19a3cf7e4afceaab1afea0fae829535ae170fae91f4e6d84c417,GloballyClusteredModel,"{""class"": ""RecurrentStudent"", ""hidden_size"": 16, ""input_size"": 2, ""materialized_cluster_count"": 16, ""num_layers"": 1, ""output_size"": 1, ""parameters"": 993}",993,GO-PEI3-1p0_400mvs-cycle-1;GO-PEI3-1p0_400mvs-cycle-2;GO-PEI3-1p0_400mvs-cycle-3;GO-PEI3-1p0_400mvs-cycle-4;GO-PEI3-1p0_400mvs-cycle-5;GO-PEI3-1p0_400mvs-cycle-6,GO-PEI3-1p0_400mvs-cycle-7;GO-PEI3-1p0_400mvs-cycle-8,GO-PEI4-1p0_400mvs-cycle-9;GO-PEI4-1p0_400mvs-cycle-10;GO-PEI4-1p0_400mvs-cycle-11,final,cuda,cuda,16
GO-PEI4,GO-PDADMAC4,0,0.9966542433070048,0.03296125062793493,checkpoints/cross_device_GO-PEI4_seed0.pt,fc056d280976dd1e7adb9ac0a58b2e93586780308b630a8b5d99fa45f565762f,dfca0c8ae1648dc5ddf137dcf17038cce29af592a550496f7994fb6af3979d25,GloballyClusteredModel,"{""class"": ""RecurrentStudent"", ""hidden_size"": 16, ""input_size"": 2, ""materialized_cluster_count"": 16, ""num_layers"": 1, ""output_size"": 1, ""parameters"": 993}",993,GO-PEI4-1p0_400mvs-cycle-1;GO-PEI4-1p0_400mvs-cycle-2;GO-PEI4-1p0_400mvs-cycle-3;GO-PEI4-1p0_400mvs-cycle-4;GO-PEI4-1p0_400mvs-cycle-5;GO-PEI4-1p0_400mvs-cycle-6,GO-PEI4-1p0_400mvs-cycle-7;GO-PEI4-1p0_400mvs-cycle-8,GO-PDADMAC4-1p0_400mvs-cycle-9;GO-PDADMAC4-1p0_400mvs-cycle-10;GO-PDADMAC4-1p0_400mvs-cycle-11,final,cuda,cuda,16
GO-PEI4,GO-PEI3,0,0.9883099150868262,0.05865426195356504,checkpoints/cross_device_GO-PEI4_seed0.pt,fc056d280976dd1e7adb9ac0a58b2e93586780308b630a8b5d99fa45f565762f,dfca0c8ae1648dc5ddf137dcf17038cce29af592a550496f7994fb6af3979d25,GloballyClusteredModel,"{""class"": ""RecurrentStudent"", ""hidden_size"": 16, ""input_size"": 2, ""materialized_cluster_count"": 16, ""num_layers"": 1, ""output_size"": 1, ""parameters"": 993}",993,GO-PEI4-1p0_400mvs-cycle-1;GO-PEI4-1p0_400mvs-cycle-2;GO-PEI4-1p0_400mvs-cycle-3;GO-PEI4-1p0_400mvs-cycle-4;GO-PEI4-1p0_400mvs-cycle-5;GO-PEI4-1p0_400mvs-cycle-6,GO-PEI4-1p0_400mvs-cycle-7;GO-PEI4-1p0_400mvs-cycle-8,GO-PEI3-1p0_400mvs-cycle-9;GO-PEI3-1p0_400mvs-cycle-10;GO-PEI3-1p0_400mvs-cycle-11,final,cuda,cuda,16
GO-PEI4,GO-PEI4,0,0.9989130537891073,0.022938737603621806,checkpoints/cross_device_GO-PEI4_seed0.pt,fc056d280976dd1e7adb9ac0a58b2e93586780308b630a8b5d99fa45f565762f,dfca0c8ae1648dc5ddf137dcf17038cce29af592a550496f7994fb6af3979d25,GloballyClusteredModel,"{""class"": ""RecurrentStudent"", ""hidden_size"": 16, ""input_size"": 2, ""materialized_cluster_count"": 16, ""num_layers"": 1, ""output_size"": 1, ""parameters"": 993}",993,GO-PEI4-1p0_400mvs-cycle-1;GO-PEI4-1p0_400mvs-cycle-2;GO-PEI4-1p0_400mvs-cycle-3;GO-PEI4-1p0_400mvs-cycle-4;GO-PEI4-1p0_400mvs-cycle-5;GO-PEI4-1p0_400mvs-cycle-6,GO-PEI4-1p0_400mvs-cycle-7;GO-PEI4-1p0_400mvs-cycle-8,GO-PEI4-1p0_400mvs-cycle-9;GO-PEI4-1p0_400mvs-cycle-10;GO-PEI4-1p0_400mvs-cycle-11,final,cuda,cuda,16
GO-PEI4,GO-PDADMAC4,1,0.9920982747227479,0.0585776656861252,checkpoints/cross_device_GO-PEI4_seed1.pt,bd05adfd11bbe924c8ddda43c08a2d8aa3fca7f29a9ccd8ae0e63d0b226f8c80,799e8354dae96d14aadf0d212160e126ceca421ffc3840b71db98e4b22cb060f,GloballyClusteredModel,"{""class"": ""RecurrentStudent"", ""hidden_size"": 16, ""input_size"": 2, ""materialized_cluster_count"": 16, ""num_layers"": 1, ""output_size"": 1, ""parameters"": 993}",993,GO-PEI4-1p0_400mvs-cycle-1;GO-PEI4-1p0_400mvs-cycle-2;GO-PEI4-1p0_400mvs-cycle-3;GO-PEI4-1p0_400mvs-cycle-4;GO-PEI4-1p0_400mvs-cycle-5;GO-PEI4-1p0_400mvs-cycle-6,GO-PEI4-1p0_400mvs-cycle-7;GO-PEI4-1p0_400mvs-cycle-8,GO-PDADMAC4-1p0_400mvs-cycle-9;GO-PDADMAC4-1p0_400mvs-cycle-10;GO-PDADMAC4-1p0_400mvs-cycle-11,final,cuda,cuda,16
GO-PEI4,GO-PEI3,1,0.9924009488928389,0.05738955329720656,checkpoints/cross_device_GO-PEI4_seed1.pt,bd05adfd11bbe924c8ddda43c08a2d8aa3fca7f29a9ccd8ae0e63d0b226f8c80,799e8354dae96d14aadf0d212160e126ceca421ffc3840b71db98e4b22cb060f,GloballyClusteredModel,"{""class"": ""RecurrentStudent"", ""hidden_size"": 16, ""input_size"": 2, ""materialized_cluster_count"": 16, ""num_layers"": 1, ""output_size"": 1, ""parameters"": 993}",993,GO-PEI4-1p0_400mvs-cycle-1;GO-PEI4-1p0_400mvs-cycle-2;GO-PEI4-1p0_400mvs-cycle-3;GO-PEI4-1p0_400mvs-cycle-4;GO-PEI4-1p0_400mvs-cycle-5;GO-PEI4-1p0_400mvs-cycle-6,GO-PEI4-1p0_400mvs-cycle-7;GO-PEI4-1p0_400mvs-cycle-8,GO-PEI3-1p0_400mvs-cycle-9;GO-PEI3-1p0_400mvs-cycle-10;GO-PEI3-1p0_400mvs-cycle-11,final,cuda,cuda,16
GO-PEI4,GO-PEI4,1,0.9966530869900694,0.045965950970819465,checkpoints/cross_device_GO-PEI4_seed1.pt,bd05adfd11bbe924c8ddda43c08a2d8aa3fca7f29a9ccd8ae0e63d0b226f8c80,799e8354dae96d14aadf0d212160e126ceca421ffc3840b71db98e4b22cb060f,GloballyClusteredModel,"{""class"": ""RecurrentStudent"", ""hidden_size"": 16, ""input_size"": 2, ""materialized_cluster_count"": 16, ""num_layers"": 1, ""output_size"": 1, ""parameters"": 993}",993,GO-PEI4-1p0_400mvs-cycle-1;GO-PEI4-1p0_400mvs-cycle-2;GO-PEI4-1p0_400mvs-cycle-3;GO-PEI4-1p0_400mvs-cycle-4;GO-PEI4-1p0_400mvs-cycle-5;GO-PEI4-1p0_400mvs-cycle-6,GO-PEI4-1p0_400mvs-cycle-7;GO-PEI4-1p0_400mvs-cycle-8,GO-PEI4-1p0_400mvs-cycle-9;GO-PEI4-1p0_400mvs-cycle-10;GO-PEI4-1p0_400mvs-cycle-11,final,cuda,cuda,16
GO-PEI4,GO-PDADMAC4,2,0.9972646224124273,0.02900830493598072,checkpoints/cross_device_GO-PEI4_seed2.pt,18a8434df93022d3fa96ee9c441c912d45b2fb4275e4c5749af41b4f3010fb7b,c7c1d07948c724d3babf423f9261298c7de481bfbd24f290a5e1696f07230351,GloballyClusteredModel,"{""class"": ""RecurrentStudent"", ""hidden_size"": 16, ""input_size"": 2, ""materialized_cluster_count"": 16, ""num_layers"": 1, ""output_size"": 1, ""parameters"": 993}",993,GO-PEI4-1p0_400mvs-cycle-1;GO-PEI4-1p0_400mvs-cycle-2;GO-PEI4-1p0_400mvs-cycle-3;GO-PEI4-1p0_400mvs-cycle-4;GO-PEI4-1p0_400mvs-cycle-5;GO-PEI4-1p0_400mvs-cycle-6,GO-PEI4-1p0_400mvs-cycle-7;GO-PEI4-1p0_400mvs-cycle-8,GO-PDADMAC4-1p0_400mvs-cycle-9;GO-PDADMAC4-1p0_400mvs-cycle-10;GO-PDADMAC4-1p0_400mvs-cycle-11,final,cuda,cuda,16
GO-PEI4,GO-PEI3,2,0.9870813902225981,0.058873803018722026,checkpoints/cross_device_GO-PEI4_seed2.pt,18a8434df93022d3fa96ee9c441c912d45b2fb4275e4c5749af41b4f3010fb7b,c7c1d07948c724d3babf423f9261298c7de481bfbd24f290a5e1696f07230351,GloballyClusteredModel,"{""class"": ""RecurrentStudent"", ""hidden_size"": 16, ""input_size"": 2, ""materialized_cluster_count"": 16, ""num_layers"": 1, ""output_size"": 1, ""parameters"": 993}",993,GO-PEI4-1p0_400mvs-cycle-1;GO-PEI4-1p0_400mvs-cycle-2;GO-PEI4-1p0_400mvs-cycle-3;GO-PEI4-1p0_400mvs-cycle-4;GO-PEI4-1p0_400mvs-cycle-5;GO-PEI4-1p0_400mvs-cycle-6,GO-PEI4-1p0_400mvs-cycle-7;GO-PEI4-1p0_400mvs-cycle-8,GO-PEI3-1p0_400mvs-cycle-9;GO-PEI3-1p0_400mvs-cycle-10;GO-PEI3-1p0_400mvs-cycle-11,final,cuda,cuda,16
GO-PEI4,GO-PEI4,2,0.9984591829596919,0.018072924895282807,checkpoints/cross_device_GO-PEI4_seed2.pt,18a8434df93022d3fa96ee9c441c912d45b2fb4275e4c5749af41b4f3010fb7b,c7c1d07948c724d3babf423f9261298c7de481bfbd24f290a5e1696f07230351,GloballyClusteredModel,"{""class"": ""RecurrentStudent"", ""hidden_size"": 16, ""input_size"": 2, ""materialized_cluster_count"": 16, ""num_layers"": 1, ""output_size"": 1, ""parameters"": 993}",993,GO-PEI4-1p0_400mvs-cycle-1;GO-PEI4-1p0_400mvs-cycle-2;GO-PEI4-1p0_400mvs-cycle-3;GO-PEI4-1p0_400mvs-cycle-4;GO-PEI4-1p0_400mvs-cycle-5;GO-PEI4-1p0_400mvs-cycle-6,GO-PEI4-1p0_400mvs-cycle-7;GO-PEI4-1p0_400mvs-cycle-8,GO-PEI4-1p0_400mvs-cycle-9;GO-PEI4-1p0_400mvs-cycle-10;GO-PEI4-1p0_400mvs-cycle-11,final,cuda,cuda,16
