source_count,noise_pct,alpha_true,alpha_rec,r2,accepted,alpha_error,checkpoint_path,checkpoint_hash,checkpoint_file_sha256,model_class,model_architecture,model_parameter_count,profile,seed,device,train_source_ids,validation_source_ids,test_source_ids,execution_device,cluster_count
1,0,0.08,0.07376803658072627,0.8434067271612049,False,0.07789954274092167,checkpoints/detection_sources1_noise0_seed0.pt,25cf74cbb7f09290241942e4e89005563f6ec6c2f4d4ecfb7552c2efd7c6ff8f,be5832fdc9a4b82011c16fb9a8df68ee8459bc0009d59127a487d23c91998c82,GloballyClusteredModel,"{""class"": ""RecurrentStudent"", ""hidden_size"": 8, ""input_size"": 1, ""materialized_cluster_count"": 16, ""num_layers"": 1, ""output_size"": 1, ""parameters"": 289}",289,final,0,cuda,driver-42-tau0.05-heat800-artifactnone,driver-999-tau0.05-heat800-artifactnone,driver-777-tau0.05-heat800-artifactnone;driver-888-tau0.05-heat800-artifactnone;driver-555-tau0.05-heat800-artifactnone,cuda,16
1,0,0.08,0.0656894826884195,0.8722362231353539,True,0.17888146639475633,checkpoints/detection_sources1_noise0_seed1.pt,e2c36672ea537da5981a846c19adcfed5a8d83ae2ef8a71b68a528a7aedfed40,4bdce209906c6ab5a923002e3387025e6ab21cdc8a83834a3a8fa9be4c7006cb,GloballyClusteredModel,"{""class"": ""RecurrentStudent"", ""hidden_size"": 8, ""input_size"": 1, ""materialized_cluster_count"": 16, ""num_layers"": 1, ""output_size"": 1, ""parameters"": 289}",289,final,1,cuda,driver-42-tau0.05-heat800-artifactnone,driver-999-tau0.05-heat800-artifactnone,driver-777-tau0.05-heat800-artifactnone;driver-888-tau0.05-heat800-artifactnone;driver-555-tau0.05-heat800-artifactnone,cuda,16
1,0,0.08,0.05711803122644615,0.8310020739862974,False,0.2860246096694231,checkpoints/detection_sources1_noise0_seed2.pt,5f854d5d55c4a071e6befa95f7372ee9ecdb3f2ca995e91818bfa2bacdfcfbaf,db8e7392caa0dc75a0224f0eabb4e0562c3a304acdea40b2cba86045dd05bc23,GloballyClusteredModel,"{""class"": ""RecurrentStudent"", ""hidden_size"": 8, ""input_size"": 1, ""materialized_cluster_count"": 16, ""num_layers"": 1, ""output_size"": 1, ""parameters"": 289}",289,final,2,cuda,driver-42-tau0.05-heat800-artifactnone,driver-999-tau0.05-heat800-artifactnone,driver-777-tau0.05-heat800-artifactnone;driver-888-tau0.05-heat800-artifactnone;driver-555-tau0.05-heat800-artifactnone,cuda,16
1,1,0.08,0.06595913632003277,0.7378015607498165,False,0.17551079599959044,checkpoints/detection_sources1_noise1_seed0.pt,db9fbf37d76a5090235a7905b74c49fab79fa7abf436928be63b61cceadda27e,d0417ea73e44c42055e13ca9f6572da7b4960d73951ab8ce6bad0ed74a466d00,GloballyClusteredModel,"{""class"": ""RecurrentStudent"", ""hidden_size"": 8, ""input_size"": 1, ""materialized_cluster_count"": 4, ""num_layers"": 1, ""output_size"": 1, ""parameters"": 277}",277,final,0,cuda,driver-42-tau0.05-heat800-artifactnone,driver-999-tau0.05-heat800-artifactnone,driver-777-tau0.05-heat800-artifactnone;driver-888-tau0.05-heat800-artifactnone;driver-555-tau0.05-heat800-artifactnone,cuda,4
1,1,0.08,0.07078517377934933,0.9042246805859543,True,0.11518532775813342,checkpoints/detection_sources1_noise1_seed1.pt,ee70c8562d8679b9b547a024e3df94f69fa7355d183cb9ad23454b467b6e07db,9e7d5f53ff25f1bf10d9a88578f22a13cb1380f4384af9f38a37c830105c9e32,GloballyClusteredModel,"{""class"": ""RecurrentStudent"", ""hidden_size"": 8, ""input_size"": 1, ""materialized_cluster_count"": 16, ""num_layers"": 1, ""output_size"": 1, ""parameters"": 289}",289,final,1,cuda,driver-42-tau0.05-heat800-artifactnone,driver-999-tau0.05-heat800-artifactnone,driver-777-tau0.05-heat800-artifactnone;driver-888-tau0.05-heat800-artifactnone;driver-555-tau0.05-heat800-artifactnone,cuda,16
1,1,0.08,0.05980972611792799,0.6551637019186024,False,0.2523784235259002,checkpoints/detection_sources1_noise1_seed2.pt,f1042db1bfe3d712bac2ce9b3fa86d7e7c1e745406f277a38b5fff1d220196fd,785d341d4d1b30f7a2e22920bb1e70e675cf4e20b20ad9b861805b4420ed07c0,GloballyClusteredModel,"{""class"": ""RecurrentStudent"", ""hidden_size"": 8, ""input_size"": 1, ""materialized_cluster_count"": 8, ""num_layers"": 1, ""output_size"": 1, ""parameters"": 281}",281,final,2,cuda,driver-42-tau0.05-heat800-artifactnone,driver-999-tau0.05-heat800-artifactnone,driver-777-tau0.05-heat800-artifactnone;driver-888-tau0.05-heat800-artifactnone;driver-555-tau0.05-heat800-artifactnone,cuda,8
1,3,0.08,0.04222713366613761,0.6516901908668876,False,0.4721608291732799,checkpoints/detection_sources1_noise3_seed0.pt,144e60545d2f3924e58861e25483f6cfcc4ba61fd704683a4cc03aa1040d7b57,0eef985013cea62e7236a3c3b324dda09e9a96cc541de14e23cfdb318586b69c,GloballyClusteredModel,"{""class"": ""RecurrentStudent"", ""hidden_size"": 8, ""input_size"": 1, ""materialized_cluster_count"": 8, ""num_layers"": 1, ""output_size"": 1, ""parameters"": 281}",281,final,0,cuda,driver-42-tau0.05-heat800-artifactnone,driver-999-tau0.05-heat800-artifactnone,driver-777-tau0.05-heat800-artifactnone;driver-888-tau0.05-heat800-artifactnone;driver-555-tau0.05-heat800-artifactnone,cuda,8
1,3,0.08,0.05376024873063062,0.7962590313851433,False,0.32799689086711725,checkpoints/detection_sources1_noise3_seed1.pt,891587096193a79a6caacd0159185c38510f5b2500ed182e925a0c4dd718621a,1681d721df97ea3432b31af92a6cf4a04a8bd4182ccdf456e99b38820630ff1a,GloballyClusteredModel,"{""class"": ""RecurrentStudent"", ""hidden_size"": 8, ""input_size"": 1, ""materialized_cluster_count"": 4, ""num_layers"": 1, ""output_size"": 1, ""parameters"": 277}",277,final,1,cuda,driver-42-tau0.05-heat800-artifactnone,driver-999-tau0.05-heat800-artifactnone,driver-777-tau0.05-heat800-artifactnone;driver-888-tau0.05-heat800-artifactnone;driver-555-tau0.05-heat800-artifactnone,cuda,4
1,3,0.08,0.062098800055799486,0.8253036775247148,False,0.22376499930250646,checkpoints/detection_sources1_noise3_seed2.pt,c3725ae999a37cc03a3216927ea56175ea4094a9d9a0f9c57a6b30d36d880222,14737d1519197aabc0f409a4af01027cae41ea2f1aaed9a9d88f6bfc3ac27746,GloballyClusteredModel,"{""class"": ""RecurrentStudent"", ""hidden_size"": 8, ""input_size"": 1, ""materialized_cluster_count"": 16, ""num_layers"": 1, ""output_size"": 1, ""parameters"": 289}",289,final,2,cuda,driver-42-tau0.05-heat800-artifactnone,driver-999-tau0.05-heat800-artifactnone,driver-777-tau0.05-heat800-artifactnone;driver-888-tau0.05-heat800-artifactnone;driver-555-tau0.05-heat800-artifactnone,cuda,16
1,5,0.08,0.06646110961563677,0.8458081662581877,False,0.16923612980454042,checkpoints/detection_sources1_noise5_seed0.pt,b5af6aec06239ccc433210d409c1dc5aa8a066256b653dba20946e616428d27c,fdda72ebf04d7751d9c4e53e3b7cec960e327ee909f9c11708563e1ed9c6419f,GloballyClusteredModel,"{""class"": ""RecurrentStudent"", ""hidden_size"": 8, ""input_size"": 1, ""materialized_cluster_count"": 16, ""num_layers"": 1, ""output_size"": 1, ""parameters"": 289}",289,final,0,cuda,driver-42-tau0.05-heat800-artifactnone,driver-999-tau0.05-heat800-artifactnone,driver-777-tau0.05-heat800-artifactnone;driver-888-tau0.05-heat800-artifactnone;driver-555-tau0.05-heat800-artifactnone,cuda,16
1,5,0.08,0.07932839949044534,0.9872670814686041,True,0.00839500636943321,checkpoints/detection_sources1_noise5_seed1.pt,8e5f0008ab38c12e8bf48cb90d794a7543b5139799070aead8de8554319bb8f0,1490dcbd0a93ef6a08afe8a84cc8d3f9fcebaf5a5d7a92c12ac0126218b45e19,GloballyClusteredModel,"{""class"": ""RecurrentStudent"", ""hidden_size"": 8, ""input_size"": 1, ""materialized_cluster_count"": 16, ""num_layers"": 1, ""output_size"": 1, ""parameters"": 289}",289,final,1,cuda,driver-42-tau0.05-heat800-artifactnone,driver-999-tau0.05-heat800-artifactnone,driver-777-tau0.05-heat800-artifactnone;driver-888-tau0.05-heat800-artifactnone;driver-555-tau0.05-heat800-artifactnone,cuda,16
1,5,0.08,0.0477267087884282,0.645938051205109,False,0.40341614014464755,checkpoints/detection_sources1_noise5_seed2.pt,004e590591bade9142a99a0fe4b471355f0be4694c62c7b414425ecc6b4dd593,6dc0278f600480f793424faed785e054d3c574952973b9277f341f5dae50bf5c,GloballyClusteredModel,"{""class"": ""RecurrentStudent"", ""hidden_size"": 8, ""input_size"": 1, ""materialized_cluster_count"": 4, ""num_layers"": 1, ""output_size"": 1, ""parameters"": 277}",277,final,2,cuda,driver-42-tau0.05-heat800-artifactnone,driver-999-tau0.05-heat800-artifactnone,driver-777-tau0.05-heat800-artifactnone;driver-888-tau0.05-heat800-artifactnone;driver-555-tau0.05-heat800-artifactnone,cuda,4
1,10,0.08,0.05632266509544981,0.8065967467950627,False,0.2959666863068774,checkpoints/detection_sources1_noise10_seed0.pt,9f803d1d33499185b25090df5481353421f53f4b42bca02ce0aeaa2e15c3c34d,1a711fed79e76ebdbd5da945009538ade15bcb2650639edf6203cf0647fba834,GloballyClusteredModel,"{""class"": ""RecurrentStudent"", ""hidden_size"": 8, ""input_size"": 1, ""materialized_cluster_count"": 16, ""num_layers"": 1, ""output_size"": 1, ""parameters"": 289}",289,final,0,cuda,driver-42-tau0.05-heat800-artifactnone,driver-999-tau0.05-heat800-artifactnone,driver-777-tau0.05-heat800-artifactnone;driver-888-tau0.05-heat800-artifactnone;driver-555-tau0.05-heat800-artifactnone,cuda,16
1,10,0.08,0.09452590764969342,0.9827494153056057,True,0.18157384562116768,checkpoints/detection_sources1_noise10_seed1.pt,db6dbf172e7751a55d86c5e1797da782b257d9395872a53223d09fdd89f05ca4,a5d63c610dcc8a4ca0d4b3ece57090736b000172adf38ae52ed11f48c8d5751a,GloballyClusteredModel,"{""class"": ""RecurrentStudent"", ""hidden_size"": 8, ""input_size"": 1, ""materialized_cluster_count"": 16, ""num_layers"": 1, ""output_size"": 1, ""parameters"": 289}",289,final,1,cuda,driver-42-tau0.05-heat800-artifactnone,driver-999-tau0.05-heat800-artifactnone,driver-777-tau0.05-heat800-artifactnone;driver-888-tau0.05-heat800-artifactnone;driver-555-tau0.05-heat800-artifactnone,cuda,16
1,10,0.08,0.09445862531507361,0.9641949627912759,True,0.1807328164384201,checkpoints/detection_sources1_noise10_seed2.pt,539309aca2651a7e37a7f6a61d286d9dde5f8e909102bfc5754613dc8c56ed24,cc7b3cd34799d67520e2b68baa1db246f13d0781f690a190ec7c2af4aa8aec0d,GloballyClusteredModel,"{""class"": ""RecurrentStudent"", ""hidden_size"": 8, ""input_size"": 1, ""materialized_cluster_count"": 16, ""num_layers"": 1, ""output_size"": 1, ""parameters"": 289}",289,final,2,cuda,driver-42-tau0.05-heat800-artifactnone,driver-999-tau0.05-heat800-artifactnone,driver-777-tau0.05-heat800-artifactnone;driver-888-tau0.05-heat800-artifactnone;driver-555-tau0.05-heat800-artifactnone,cuda,16
2,0,0.08,0.06748541423140779,0.824048069744479,False,0.15643232210740265,checkpoints/detection_sources2_noise0_seed0.pt,0645990efcef27ccdf1fcd1c1402766df1b3dcd87b224eb54919275a1ec18750,7952d5e0dd94997f6d66613a11c7e84f978c5b532e84eac5bf82948584bef663,GloballyClusteredModel,"{""class"": ""RecurrentStudent"", ""hidden_size"": 8, ""input_size"": 1, ""materialized_cluster_count"": 16, ""num_layers"": 1, ""output_size"": 1, ""parameters"": 289}",289,final,0,cuda,driver-42-tau0.05-heat800-artifactnone;driver-123-tau0.05-heat800-artifactnone,driver-999-tau0.05-heat800-artifactnone,driver-777-tau0.05-heat800-artifactnone;driver-888-tau0.05-heat800-artifactnone;driver-555-tau0.05-heat800-artifactnone,cuda,16
2,0,0.08,0.05515060218453558,0.9424074153173708,True,0.31061747269330525,checkpoints/detection_sources2_noise0_seed1.pt,a07a6193508660a1397ffb034ccd32189d933e1848f6f0b81a5ce6ba6a5ff922,cdbc448d3a447c9432f8d77ef095c465c63474ad2fab637fd7cfb6411fffd81b,GloballyClusteredModel,"{""class"": ""RecurrentStudent"", ""hidden_size"": 8, ""input_size"": 1, ""materialized_cluster_count"": 4, ""num_layers"": 1, ""output_size"": 1, ""parameters"": 277}",277,final,1,cuda,driver-42-tau0.05-heat800-artifactnone;driver-123-tau0.05-heat800-artifactnone,driver-999-tau0.05-heat800-artifactnone,driver-777-tau0.05-heat800-artifactnone;driver-888-tau0.05-heat800-artifactnone;driver-555-tau0.05-heat800-artifactnone,cuda,4
2,0,0.08,0.08944669463886655,0.9581675686814853,True,0.11808368298583186,checkpoints/detection_sources2_noise0_seed2.pt,bc5a9070ee8b5adedfe42807de056e083fa4d68398a323724fa85ab5067b87df,f67f93dffe106f8c874085579265f199591e70c9f149d185d81c98c638b9d7e7,GloballyClusteredModel,"{""class"": ""RecurrentStudent"", ""hidden_size"": 8, ""input_size"": 1, ""materialized_cluster_count"": 16, ""num_layers"": 1, ""output_size"": 1, ""parameters"": 289}",289,final,2,cuda,driver-42-tau0.05-heat800-artifactnone;driver-123-tau0.05-heat800-artifactnone,driver-999-tau0.05-heat800-artifactnone,driver-777-tau0.05-heat800-artifactnone;driver-888-tau0.05-heat800-artifactnone;driver-555-tau0.05-heat800-artifactnone,cuda,16
2,1,0.08,0.0638621648669256,0.81083909044651,False,0.20172293916343,checkpoints/detection_sources2_noise1_seed0.pt,e62692a6ac5b5da412396ac5ad75dce4b677a27e17fcdde3702f425c3912b1dc,de3c65110f89e4ec9bf30e47b795b5f5297d50ce2fb8f6e3fa01f315bcbc1bd7,GloballyClusteredModel,"{""class"": ""RecurrentStudent"", ""hidden_size"": 8, ""input_size"": 1, ""materialized_cluster_count"": 16, ""num_layers"": 1, ""output_size"": 1, ""parameters"": 289}",289,final,0,cuda,driver-42-tau0.05-heat800-artifactnone;driver-123-tau0.05-heat800-artifactnone,driver-999-tau0.05-heat800-artifactnone,driver-777-tau0.05-heat800-artifactnone;driver-888-tau0.05-heat800-artifactnone;driver-555-tau0.05-heat800-artifactnone,cuda,16
2,1,0.08,0.07441881453919827,0.9411323081675235,True,0.06976481826002165,checkpoints/detection_sources2_noise1_seed1.pt,98e08e9f92d8fecc676d79589b544e088c9d015ad4e81a90d4cdd3ea0d5ac9f4,ed0a976c3b0b493c4f53fd982c8df1921b124b9b8ec8a3e41dc20c4f8ec645b7,GloballyClusteredModel,"{""class"": ""RecurrentStudent"", ""hidden_size"": 8, ""input_size"": 1, ""materialized_cluster_count"": 16, ""num_layers"": 1, ""output_size"": 1, ""parameters"": 289}",289,final,1,cuda,driver-42-tau0.05-heat800-artifactnone;driver-123-tau0.05-heat800-artifactnone,driver-999-tau0.05-heat800-artifactnone,driver-777-tau0.05-heat800-artifactnone;driver-888-tau0.05-heat800-artifactnone;driver-555-tau0.05-heat800-artifactnone,cuda,16
2,1,0.08,0.0685438697548038,0.8266863493743393,False,0.14320162806495257,checkpoints/detection_sources2_noise1_seed2.pt,20c9fc7392e1532aa25296d1aeda32fb823ef0b6ffea0e7d453dc61ab3fe82d3,2970e7c0f6be1e5381e0964af059b5744811c623df1a8a964289342df2493f9b,GloballyClusteredModel,"{""class"": ""RecurrentStudent"", ""hidden_size"": 8, ""input_size"": 1, ""materialized_cluster_count"": 8, ""num_layers"": 1, ""output_size"": 1, ""parameters"": 281}",281,final,2,cuda,driver-42-tau0.05-heat800-artifactnone;driver-123-tau0.05-heat800-artifactnone,driver-999-tau0.05-heat800-artifactnone,driver-777-tau0.05-heat800-artifactnone;driver-888-tau0.05-heat800-artifactnone;driver-555-tau0.05-heat800-artifactnone,cuda,8
2,3,0.08,0.043293693725883486,0.7392984093351297,False,0.45882882842645645,checkpoints/detection_sources2_noise3_seed0.pt,cfa991e97c37506d94b06fe3aea1fdd683c9b04249407ba6aa8608f04f053fa2,7b35deb5a008657b61e72e11459297b776a08ea4521161408bc35b359c034067,GloballyClusteredModel,"{""class"": ""RecurrentStudent"", ""hidden_size"": 8, ""input_size"": 1, ""materialized_cluster_count"": 8, ""num_layers"": 1, ""output_size"": 1, ""parameters"": 281}",281,final,0,cuda,driver-42-tau0.05-heat800-artifactnone;driver-123-tau0.05-heat800-artifactnone,driver-999-tau0.05-heat800-artifactnone,driver-777-tau0.05-heat800-artifactnone;driver-888-tau0.05-heat800-artifactnone;driver-555-tau0.05-heat800-artifactnone,cuda,8
2,3,0.08,0.08102254892445863,0.9537265599987369,True,0.01278186155573291,checkpoints/detection_sources2_noise3_seed1.pt,17d32357e83e20da6b3658f588f834c7189aff6bd9e87e02da3d35fb16c98a3b,67ca96e57f17a1742f52961f77a95b39fc05ea178cbec14511772393d32f45b4,GloballyClusteredModel,"{""class"": ""RecurrentStudent"", ""hidden_size"": 8, ""input_size"": 1, ""materialized_cluster_count"": 16, ""num_layers"": 1, ""output_size"": 1, ""parameters"": 289}",289,final,1,cuda,driver-42-tau0.05-heat800-artifactnone;driver-123-tau0.05-heat800-artifactnone,driver-999-tau0.05-heat800-artifactnone,driver-777-tau0.05-heat800-artifactnone;driver-888-tau0.05-heat800-artifactnone;driver-555-tau0.05-heat800-artifactnone,cuda,16
2,3,0.08,0.07632505347173231,0.9668612499032925,True,0.04593683160334615,checkpoints/detection_sources2_noise3_seed2.pt,d8d4e5028970167f323632b683c6e44cdf67b9c574ca249517febb1ea9c98777,c5eeb39274ea904fd5e66c70094b3882413a27300f2af54b0edb158480d0b555,GloballyClusteredModel,"{""class"": ""RecurrentStudent"", ""hidden_size"": 8, ""input_size"": 1, ""materialized_cluster_count"": 16, ""num_layers"": 1, ""output_size"": 1, ""parameters"": 289}",289,final,2,cuda,driver-42-tau0.05-heat800-artifactnone;driver-123-tau0.05-heat800-artifactnone,driver-999-tau0.05-heat800-artifactnone,driver-777-tau0.05-heat800-artifactnone;driver-888-tau0.05-heat800-artifactnone;driver-555-tau0.05-heat800-artifactnone,cuda,16
2,5,0.08,0.07241236617165864,0.7393392962446758,False,0.09484542285426704,checkpoints/detection_sources2_noise5_seed0.pt,e7047f0f3fa131cd6510e13512324c8fc47a71c89d7ec4e5554041362aa2691a,b61397fb449119a1b88e8391b22b894deea7b2bff9a11e82fa0f4101cf42b214,GloballyClusteredModel,"{""class"": ""RecurrentStudent"", ""hidden_size"": 8, ""input_size"": 1, ""materialized_cluster_count"": 16, ""num_layers"": 1, ""output_size"": 1, ""parameters"": 289}",289,final,0,cuda,driver-42-tau0.05-heat800-artifactnone;driver-123-tau0.05-heat800-artifactnone,driver-999-tau0.05-heat800-artifactnone,driver-777-tau0.05-heat800-artifactnone;driver-888-tau0.05-heat800-artifactnone;driver-555-tau0.05-heat800-artifactnone,cuda,16
2,5,0.08,0.017778935092729223,0.3945995750428796,False,0.7777633113408847,checkpoints/detection_sources2_noise5_seed1.pt,259212622eb327be91810c7d9fd33d92987712a14dea63d5341f4d425100fed3,ceee582165667a931f86cfa32255c0762b75becf80deaa39b15fffb4208ab315,GloballyClusteredModel,"{""class"": ""RecurrentStudent"", ""hidden_size"": 8, ""input_size"": 1, ""materialized_cluster_count"": 4, ""num_layers"": 1, ""output_size"": 1, ""parameters"": 277}",277,final,1,cuda,driver-42-tau0.05-heat800-artifactnone;driver-123-tau0.05-heat800-artifactnone,driver-999-tau0.05-heat800-artifactnone,driver-777-tau0.05-heat800-artifactnone;driver-888-tau0.05-heat800-artifactnone;driver-555-tau0.05-heat800-artifactnone,cuda,4
2,5,0.08,0.059855983138940305,0.8590752322869722,True,0.2518002107632462,checkpoints/detection_sources2_noise5_seed2.pt,a99645c6b66dd66bcd0971565ff4606ef7df48863e3a897e031a61fdc5c824b4,7315f0f1888d6287ea6192150c457f1e5d37f2cb2c1a125000f5805446562ac2,GloballyClusteredModel,"{""class"": ""RecurrentStudent"", ""hidden_size"": 8, ""input_size"": 1, ""materialized_cluster_count"": 8, ""num_layers"": 1, ""output_size"": 1, ""parameters"": 281}",281,final,2,cuda,driver-42-tau0.05-heat800-artifactnone;driver-123-tau0.05-heat800-artifactnone,driver-999-tau0.05-heat800-artifactnone,driver-777-tau0.05-heat800-artifactnone;driver-888-tau0.05-heat800-artifactnone;driver-555-tau0.05-heat800-artifactnone,cuda,8
2,10,0.08,0.08337949686006417,0.9555164897161341,True,0.042243710750802105,checkpoints/detection_sources2_noise10_seed0.pt,1ff1e23b53841031daffd4955f042d262f67cf0476e43bb8b2e660b95c6538a8,57db2e0d23525edb4496bb6bd6baa37b7ecaa6320edf73364b7984a00a38fd68,GloballyClusteredModel,"{""class"": ""RecurrentStudent"", ""hidden_size"": 8, ""input_size"": 1, ""materialized_cluster_count"": 16, ""num_layers"": 1, ""output_size"": 1, ""parameters"": 289}",289,final,0,cuda,driver-42-tau0.05-heat800-artifactnone;driver-123-tau0.05-heat800-artifactnone,driver-999-tau0.05-heat800-artifactnone,driver-777-tau0.05-heat800-artifactnone;driver-888-tau0.05-heat800-artifactnone;driver-555-tau0.05-heat800-artifactnone,cuda,16
2,10,0.08,0.06136373186961711,0.8676867928558051,True,0.23295335162978612,checkpoints/detection_sources2_noise10_seed1.pt,aefe64310fd1fb552495a36ce1a8bf545f29780d84f105c369bf3edffca6703e,a2df82064a9c5f42e0a9b66672090274ea746b5790191df15329c3be980c0e5c,GloballyClusteredModel,"{""class"": ""RecurrentStudent"", ""hidden_size"": 8, ""input_size"": 1, ""materialized_cluster_count"": 4, ""num_layers"": 1, ""output_size"": 1, ""parameters"": 277}",277,final,1,cuda,driver-42-tau0.05-heat800-artifactnone;driver-123-tau0.05-heat800-artifactnone,driver-999-tau0.05-heat800-artifactnone,driver-777-tau0.05-heat800-artifactnone;driver-888-tau0.05-heat800-artifactnone;driver-555-tau0.05-heat800-artifactnone,cuda,4
2,10,0.08,0.0815797794678238,0.9525218936440147,True,0.019747243347797462,checkpoints/detection_sources2_noise10_seed2.pt,e731d7ba0e94098344f2db032eff90eb5c4753b0b1cdefcea7f861e3c800f880,24ed69d3450b451f7d89f520bac2d2de50c54ba05b75e26f5f6f1cadc085ce71,GloballyClusteredModel,"{""class"": ""RecurrentStudent"", ""hidden_size"": 8, ""input_size"": 1, ""materialized_cluster_count"": 16, ""num_layers"": 1, ""output_size"": 1, ""parameters"": 289}",289,final,2,cuda,driver-42-tau0.05-heat800-artifactnone;driver-123-tau0.05-heat800-artifactnone,driver-999-tau0.05-heat800-artifactnone,driver-777-tau0.05-heat800-artifactnone;driver-888-tau0.05-heat800-artifactnone;driver-555-tau0.05-heat800-artifactnone,cuda,16
3,0,0.08,0.08013861085355382,0.910485839585982,True,0.0017326356694227774,checkpoints/detection_sources3_noise0_seed0.pt,e10d3fa10f3597184aeaf498eaea0978f0be638ece47bb01c552055621eeab9d,ccd27a54b227ed1c535dd774b4e4f18e7585a439e1dff1d08e39370fa6f488f4,GloballyClusteredModel,"{""class"": ""RecurrentStudent"", ""hidden_size"": 8, ""input_size"": 1, ""materialized_cluster_count"": 8, ""num_layers"": 1, ""output_size"": 1, ""parameters"": 281}",281,final,0,cuda,driver-42-tau0.05-heat800-artifactnone;driver-123-tau0.05-heat800-artifactnone;driver-456-tau0.05-heat800-artifactnone,driver-999-tau0.05-heat800-artifactnone,driver-777-tau0.05-heat800-artifactnone;driver-888-tau0.05-heat800-artifactnone;driver-555-tau0.05-heat800-artifactnone,cuda,8
3,0,0.08,0.07654185668865805,0.994939040739681,True,0.043226791391774363,checkpoints/detection_sources3_noise0_seed1.pt,129b2743e910a6a570dec2c70a595c1b4e7d156cb37c4a5153daffcfe2e14a2f,233af684cdff8d3e130f23e5e7c399e89e60c44799a44e6b3d25c8ff40a3e189,GloballyClusteredModel,"{""class"": ""RecurrentStudent"", ""hidden_size"": 8, ""input_size"": 1, ""materialized_cluster_count"": 16, ""num_layers"": 1, ""output_size"": 1, ""parameters"": 289}",289,final,1,cuda,driver-42-tau0.05-heat800-artifactnone;driver-123-tau0.05-heat800-artifactnone;driver-456-tau0.05-heat800-artifactnone,driver-999-tau0.05-heat800-artifactnone,driver-777-tau0.05-heat800-artifactnone;driver-888-tau0.05-heat800-artifactnone;driver-555-tau0.05-heat800-artifactnone,cuda,16
3,0,0.08,0.07594682206295846,0.9237476366227817,True,0.05066472421301933,checkpoints/detection_sources3_noise0_seed2.pt,0a3dcac2c1858ea2670ac75a84e27b56b06dfc43d46c25189decbf489003ca66,2823ec969a609ce959d490cb3db63b257e9984a7f2302fbdff362f91a6599918,GloballyClusteredModel,"{""class"": ""RecurrentStudent"", ""hidden_size"": 8, ""input_size"": 1, ""materialized_cluster_count"": 16, ""num_layers"": 1, ""output_size"": 1, ""parameters"": 289}",289,final,2,cuda,driver-42-tau0.05-heat800-artifactnone;driver-123-tau0.05-heat800-artifactnone;driver-456-tau0.05-heat800-artifactnone,driver-999-tau0.05-heat800-artifactnone,driver-777-tau0.05-heat800-artifactnone;driver-888-tau0.05-heat800-artifactnone;driver-555-tau0.05-heat800-artifactnone,cuda,16
3,1,0.08,0.08872324721550788,0.9837044028758335,True,0.10904059019384849,checkpoints/detection_sources3_noise1_seed0.pt,9302f67aceade05bdcd8b96b817336079846c0d2f09b9438644b4c73a73c3da6,8c2086585d167c4ec59e830f0fcdab7a5be6de9e029fa7910658a55804196705,GloballyClusteredModel,"{""class"": ""RecurrentStudent"", ""hidden_size"": 8, ""input_size"": 1, ""materialized_cluster_count"": 16, ""num_layers"": 1, ""output_size"": 1, ""parameters"": 289}",289,final,0,cuda,driver-42-tau0.05-heat800-artifactnone;driver-123-tau0.05-heat800-artifactnone;driver-456-tau0.05-heat800-artifactnone,driver-999-tau0.05-heat800-artifactnone,driver-777-tau0.05-heat800-artifactnone;driver-888-tau0.05-heat800-artifactnone;driver-555-tau0.05-heat800-artifactnone,cuda,16
3,1,0.08,0.06540632328164266,0.9590856503629706,True,0.1824209589794668,checkpoints/detection_sources3_noise1_seed1.pt,6c9fcb86d1423a262833d0948f2c4e0277f18666b7723628bc3df183dc576450,4bc8a27b42ac072bcbaeffff29dffc51da5d2a734e710af9de305dd419652f40,GloballyClusteredModel,"{""class"": ""RecurrentStudent"", ""hidden_size"": 8, ""input_size"": 1, ""materialized_cluster_count"": 8, ""num_layers"": 1, ""output_size"": 1, ""parameters"": 281}",281,final,1,cuda,driver-42-tau0.05-heat800-artifactnone;driver-123-tau0.05-heat800-artifactnone;driver-456-tau0.05-heat800-artifactnone,driver-999-tau0.05-heat800-artifactnone,driver-777-tau0.05-heat800-artifactnone;driver-888-tau0.05-heat800-artifactnone;driver-555-tau0.05-heat800-artifactnone,cuda,8
3,1,0.08,0.07490516083451677,0.9389059875954828,True,0.06368548956854035,checkpoints/detection_sources3_noise1_seed2.pt,6138a7f34328a599d27efff4f650a4c4ba1f4e881d8b556644ff080b7bf1a383,c0aa337097b716d4b0d53fd09be3a967ee58e216f45f6b40e539dc29700f3619,GloballyClusteredModel,"{""class"": ""RecurrentStudent"", ""hidden_size"": 8, ""input_size"": 1, ""materialized_cluster_count"": 16, ""num_layers"": 1, ""output_size"": 1, ""parameters"": 289}",289,final,2,cuda,driver-42-tau0.05-heat800-artifactnone;driver-123-tau0.05-heat800-artifactnone;driver-456-tau0.05-heat800-artifactnone,driver-999-tau0.05-heat800-artifactnone,driver-777-tau0.05-heat800-artifactnone;driver-888-tau0.05-heat800-artifactnone;driver-555-tau0.05-heat800-artifactnone,cuda,16
3,3,0.08,0.07895545235077682,0.9819944733846678,True,0.013056845615289775,checkpoints/detection_sources3_noise3_seed0.pt,1496fe46f67f39772d3f67fe8bed798cdc8d654c4964e3473c422a28d1a25ea0,f0d35ddef212c354bc2039db3d0162cd9510cae6c037a7f996d4033570869523,GloballyClusteredModel,"{""class"": ""RecurrentStudent"", ""hidden_size"": 8, ""input_size"": 1, ""materialized_cluster_count"": 16, ""num_layers"": 1, ""output_size"": 1, ""parameters"": 289}",289,final,0,cuda,driver-42-tau0.05-heat800-artifactnone;driver-123-tau0.05-heat800-artifactnone;driver-456-tau0.05-heat800-artifactnone,driver-999-tau0.05-heat800-artifactnone,driver-777-tau0.05-heat800-artifactnone;driver-888-tau0.05-heat800-artifactnone;driver-555-tau0.05-heat800-artifactnone,cuda,16
3,3,0.08,0.06228624640345059,0.9937542230169342,True,0.22142191995686766,checkpoints/detection_sources3_noise3_seed1.pt,f3bdf68507f0efc3abf66959f7587b6ae08d685ae6862c4a8bdb5b0b57786a3c,e72c4fc937cda6daade47824eb6c9244444131a153aa568439e9ee6b5e3af52e,GloballyClusteredModel,"{""class"": ""RecurrentStudent"", ""hidden_size"": 8, ""input_size"": 1, ""materialized_cluster_count"": 8, ""num_layers"": 1, ""output_size"": 1, ""parameters"": 281}",281,final,1,cuda,driver-42-tau0.05-heat800-artifactnone;driver-123-tau0.05-heat800-artifactnone;driver-456-tau0.05-heat800-artifactnone,driver-999-tau0.05-heat800-artifactnone,driver-777-tau0.05-heat800-artifactnone;driver-888-tau0.05-heat800-artifactnone;driver-555-tau0.05-heat800-artifactnone,cuda,8
3,3,0.08,0.07358498343599383,0.8682204288308859,True,0.08018770705007713,checkpoints/detection_sources3_noise3_seed2.pt,084f766e7cf69c2f2b5eec84b52ca1e0b023b2fe4941d403350a6d1053ed87aa,44945e67f9cb005a494ab81442ac61b38a8d9a83f22e8df0cdc1cf656dbec219,GloballyClusteredModel,"{""class"": ""RecurrentStudent"", ""hidden_size"": 8, ""input_size"": 1, ""materialized_cluster_count"": 16, ""num_layers"": 1, ""output_size"": 1, ""parameters"": 289}",289,final,2,cuda,driver-42-tau0.05-heat800-artifactnone;driver-123-tau0.05-heat800-artifactnone;driver-456-tau0.05-heat800-artifactnone,driver-999-tau0.05-heat800-artifactnone,driver-777-tau0.05-heat800-artifactnone;driver-888-tau0.05-heat800-artifactnone;driver-555-tau0.05-heat800-artifactnone,cuda,16
3,5,0.08,0.0802287711593244,0.9627521754154125,True,0.002859639491555044,checkpoints/detection_sources3_noise5_seed0.pt,70a6cf53859627f4d467996f8226907400746a0371af4aa974bb615d5b61f1dc,3c9218b9de4dbe95f368089c8c55b9a3e28b3ed18b87cdc39a0528abb9a64505,GloballyClusteredModel,"{""class"": ""RecurrentStudent"", ""hidden_size"": 8, ""input_size"": 1, ""materialized_cluster_count"": 16, ""num_layers"": 1, ""output_size"": 1, ""parameters"": 289}",289,final,0,cuda,driver-42-tau0.05-heat800-artifactnone;driver-123-tau0.05-heat800-artifactnone;driver-456-tau0.05-heat800-artifactnone,driver-999-tau0.05-heat800-artifactnone,driver-777-tau0.05-heat800-artifactnone;driver-888-tau0.05-heat800-artifactnone;driver-555-tau0.05-heat800-artifactnone,cuda,16
3,5,0.08,0.04497127522230195,0.7714528102647371,False,0.43785905972122563,checkpoints/detection_sources3_noise5_seed1.pt,045b414b059427c7d70605bb0be17f70fe8e4b007b17afdba6fd143095e12336,ba91dba3644080dcd97fe5a1edc5d5b6e864dffcd1b7dd97b1e1680a72ac6b71,GloballyClusteredModel,"{""class"": ""RecurrentStudent"", ""hidden_size"": 8, ""input_size"": 1, ""materialized_cluster_count"": 8, ""num_layers"": 1, ""output_size"": 1, ""parameters"": 281}",281,final,1,cuda,driver-42-tau0.05-heat800-artifactnone;driver-123-tau0.05-heat800-artifactnone;driver-456-tau0.05-heat800-artifactnone,driver-999-tau0.05-heat800-artifactnone,driver-777-tau0.05-heat800-artifactnone;driver-888-tau0.05-heat800-artifactnone;driver-555-tau0.05-heat800-artifactnone,cuda,8
3,5,0.08,0.06985217239849739,0.9159404959605985,True,0.12684784501878263,checkpoints/detection_sources3_noise5_seed2.pt,3b9dc1f4b081a5d5f58629e02e20ca8bca70734d749eda003d4153dba974c549,34519062c347ecf64e7d56f459365654909e3b097849b4a2b034fd9687d19d40,GloballyClusteredModel,"{""class"": ""RecurrentStudent"", ""hidden_size"": 8, ""input_size"": 1, ""materialized_cluster_count"": 16, ""num_layers"": 1, ""output_size"": 1, ""parameters"": 289}",289,final,2,cuda,driver-42-tau0.05-heat800-artifactnone;driver-123-tau0.05-heat800-artifactnone;driver-456-tau0.05-heat800-artifactnone,driver-999-tau0.05-heat800-artifactnone,driver-777-tau0.05-heat800-artifactnone;driver-888-tau0.05-heat800-artifactnone;driver-555-tau0.05-heat800-artifactnone,cuda,16
3,10,0.08,0.05654670428414125,0.7374352620905048,False,0.2931661964482344,checkpoints/detection_sources3_noise10_seed0.pt,41df4f538f854ff88876603384dc719d1591c1d690f57f03c2a9d42d26f7f549,c92756c117656af00c797ab69cd1cfc7c5140fe772493aa7ba48a53eb5e3d722,GloballyClusteredModel,"{""class"": ""RecurrentStudent"", ""hidden_size"": 8, ""input_size"": 1, ""materialized_cluster_count"": 4, ""num_layers"": 1, ""output_size"": 1, ""parameters"": 277}",277,final,0,cuda,driver-42-tau0.05-heat800-artifactnone;driver-123-tau0.05-heat800-artifactnone;driver-456-tau0.05-heat800-artifactnone,driver-999-tau0.05-heat800-artifactnone,driver-777-tau0.05-heat800-artifactnone;driver-888-tau0.05-heat800-artifactnone;driver-555-tau0.05-heat800-artifactnone,cuda,4
3,10,0.08,0.07875717078414876,0.9800253662726108,True,0.015535365198140506,checkpoints/detection_sources3_noise10_seed1.pt,eb2ad0f4333559094cd59fcc33fcf248d8fdd083b80f7c45a1870a4589a12ff2,556927c4a7b0e9d2371751d1645da28eab87548b5fedc1761e7aaf95c29c4721,GloballyClusteredModel,"{""class"": ""RecurrentStudent"", ""hidden_size"": 8, ""input_size"": 1, ""materialized_cluster_count"": 16, ""num_layers"": 1, ""output_size"": 1, ""parameters"": 289}",289,final,1,cuda,driver-42-tau0.05-heat800-artifactnone;driver-123-tau0.05-heat800-artifactnone;driver-456-tau0.05-heat800-artifactnone,driver-999-tau0.05-heat800-artifactnone,driver-777-tau0.05-heat800-artifactnone;driver-888-tau0.05-heat800-artifactnone;driver-555-tau0.05-heat800-artifactnone,cuda,16
3,10,0.08,0.0799371645995874,0.9481258816191417,True,0.0007854425051575381,checkpoints/detection_sources3_noise10_seed2.pt,326423c0dbc948ba935d4533d9c7b1d88a7576602ac18ae1ec3a5edcc210d396,4a803ba3aaaf45cb95bd715705d5e03ed0c0bae743f535e48a29ee8eac74e551,GloballyClusteredModel,"{""class"": ""RecurrentStudent"", ""hidden_size"": 8, ""input_size"": 1, ""materialized_cluster_count"": 16, ""num_layers"": 1, ""output_size"": 1, ""parameters"": 289}",289,final,2,cuda,driver-42-tau0.05-heat800-artifactnone;driver-123-tau0.05-heat800-artifactnone;driver-456-tau0.05-heat800-artifactnone,driver-999-tau0.05-heat800-artifactnone,driver-777-tau0.05-heat800-artifactnone;driver-888-tau0.05-heat800-artifactnone;driver-555-tau0.05-heat800-artifactnone,cuda,16
5,0,0.08,0.08156627951105495,0.9716467723750329,True,0.0195784938881869,checkpoints/detection_sources5_noise0_seed0.pt,4637b2a3182a39523acab3a6e97919014760b7a1fc6530ad1e417833b10a3516,ae766ce2134d3cd809907d46d07cad47583e6dbd5f9fc503a02dd823b3358ea6,GloballyClusteredModel,"{""class"": ""RecurrentStudent"", ""hidden_size"": 8, ""input_size"": 1, ""materialized_cluster_count"": 16, ""num_layers"": 1, ""output_size"": 1, ""parameters"": 289}",289,final,0,cuda,driver-42-tau0.05-heat800-artifactnone;driver-123-tau0.05-heat800-artifactnone;driver-456-tau0.05-heat800-artifactnone;driver-7-tau0.05-heat800-artifactnone;driver-99-tau0.05-heat800-artifactnone,driver-999-tau0.05-heat800-artifactnone,driver-777-tau0.05-heat800-artifactnone;driver-888-tau0.05-heat800-artifactnone;driver-555-tau0.05-heat800-artifactnone,cuda,16
5,0,0.08,0.08282205675579268,0.9852839048660714,True,0.03527570944740852,checkpoints/detection_sources5_noise0_seed1.pt,939ecf32e8156e779e1368bc4aa4fb564b221445b038afb7b1c40679c55e911b,219ecde41e262fdce40c2aa86627ab8e0cd61161854d8df96bd4a739415abbcd,GloballyClusteredModel,"{""class"": ""RecurrentStudent"", ""hidden_size"": 8, ""input_size"": 1, ""materialized_cluster_count"": 16, ""num_layers"": 1, ""output_size"": 1, ""parameters"": 289}",289,final,1,cuda,driver-42-tau0.05-heat800-artifactnone;driver-123-tau0.05-heat800-artifactnone;driver-456-tau0.05-heat800-artifactnone;driver-7-tau0.05-heat800-artifactnone;driver-99-tau0.05-heat800-artifactnone,driver-999-tau0.05-heat800-artifactnone,driver-777-tau0.05-heat800-artifactnone;driver-888-tau0.05-heat800-artifactnone;driver-555-tau0.05-heat800-artifactnone,cuda,16
5,0,0.08,0.09773685045508777,0.9866873693539118,True,0.22171063068859714,checkpoints/detection_sources5_noise0_seed2.pt,3b902c52c42f3831b20a76fa38b0710efe617a761ec7480f7b13cff8028e8bfa,a5cea957f368fc75bb262cdf4a7fccbe3add73c86c70b99a6eac26cc1b23ab5b,GloballyClusteredModel,"{""class"": ""RecurrentStudent"", ""hidden_size"": 8, ""input_size"": 1, ""materialized_cluster_count"": 16, ""num_layers"": 1, ""output_size"": 1, ""parameters"": 289}",289,final,2,cuda,driver-42-tau0.05-heat800-artifactnone;driver-123-tau0.05-heat800-artifactnone;driver-456-tau0.05-heat800-artifactnone;driver-7-tau0.05-heat800-artifactnone;driver-99-tau0.05-heat800-artifactnone,driver-999-tau0.05-heat800-artifactnone,driver-777-tau0.05-heat800-artifactnone;driver-888-tau0.05-heat800-artifactnone;driver-555-tau0.05-heat800-artifactnone,cuda,16
5,1,0.08,0.07981196291297699,0.9592192933353018,True,0.0023504635877876975,checkpoints/detection_sources5_noise1_seed0.pt,654814361dadaee0d5c1f6b5562ad09a850814dc936952316158a328d8e74ef0,9e433dfc51ee7d52e25e70267da5c020cd7e4b6ea913193a0fd4f1051a0bfbb6,GloballyClusteredModel,"{""class"": ""RecurrentStudent"", ""hidden_size"": 8, ""input_size"": 1, ""materialized_cluster_count"": 16, ""num_layers"": 1, ""output_size"": 1, ""parameters"": 289}",289,final,0,cuda,driver-42-tau0.05-heat800-artifactnone;driver-123-tau0.05-heat800-artifactnone;driver-456-tau0.05-heat800-artifactnone;driver-7-tau0.05-heat800-artifactnone;driver-99-tau0.05-heat800-artifactnone,driver-999-tau0.05-heat800-artifactnone,driver-777-tau0.05-heat800-artifactnone;driver-888-tau0.05-heat800-artifactnone;driver-555-tau0.05-heat800-artifactnone,cuda,16
5,1,0.08,0.03283531290379054,0.8061962326329949,False,0.5895585887026182,checkpoints/detection_sources5_noise1_seed1.pt,dab8c4b12794face822ca639d070c5329ee5fef0095fb09863520f78b8743fcd,af12a3041b2973175e50b295ae4a482f8b74d4fa1bbb2b0238d0e85a473d73c9,GloballyClusteredModel,"{""class"": ""RecurrentStudent"", ""hidden_size"": 8, ""input_size"": 1, ""materialized_cluster_count"": 4, ""num_layers"": 1, ""output_size"": 1, ""parameters"": 277}",277,final,1,cuda,driver-42-tau0.05-heat800-artifactnone;driver-123-tau0.05-heat800-artifactnone;driver-456-tau0.05-heat800-artifactnone;driver-7-tau0.05-heat800-artifactnone;driver-99-tau0.05-heat800-artifactnone,driver-999-tau0.05-heat800-artifactnone,driver-777-tau0.05-heat800-artifactnone;driver-888-tau0.05-heat800-artifactnone;driver-555-tau0.05-heat800-artifactnone,cuda,4
5,1,0.08,0.057727467702218205,0.7320140934857736,False,0.27840665372227247,checkpoints/detection_sources5_noise1_seed2.pt,95b87a3e5bd971642c2b44258a60771222775f21c1a3597fa17d01384f5083e9,4a1307f196892c14c2e0d2325bb1622b11026c3e4b6cc7300b881559e0d4e4cd,GloballyClusteredModel,"{""class"": ""RecurrentStudent"", ""hidden_size"": 8, ""input_size"": 1, ""materialized_cluster_count"": 4, ""num_layers"": 1, ""output_size"": 1, ""parameters"": 277}",277,final,2,cuda,driver-42-tau0.05-heat800-artifactnone;driver-123-tau0.05-heat800-artifactnone;driver-456-tau0.05-heat800-artifactnone;driver-7-tau0.05-heat800-artifactnone;driver-99-tau0.05-heat800-artifactnone,driver-999-tau0.05-heat800-artifactnone,driver-777-tau0.05-heat800-artifactnone;driver-888-tau0.05-heat800-artifactnone;driver-555-tau0.05-heat800-artifactnone,cuda,4
5,3,0.08,0.0841311661554673,0.911535267690888,True,0.05163957694334122,checkpoints/detection_sources5_noise3_seed0.pt,98a7ae9483d5e65d03672dcf6d166b37b3942de08c160777d4f244106f3855a2,5a2d1024294279f618a12aa58c2dae9f5ae3a78cd3f3c7bf31a55a6bf621b3c7,GloballyClusteredModel,"{""class"": ""RecurrentStudent"", ""hidden_size"": 8, ""input_size"": 1, ""materialized_cluster_count"": 16, ""num_layers"": 1, ""output_size"": 1, ""parameters"": 289}",289,final,0,cuda,driver-42-tau0.05-heat800-artifactnone;driver-123-tau0.05-heat800-artifactnone;driver-456-tau0.05-heat800-artifactnone;driver-7-tau0.05-heat800-artifactnone;driver-99-tau0.05-heat800-artifactnone,driver-999-tau0.05-heat800-artifactnone,driver-777-tau0.05-heat800-artifactnone;driver-888-tau0.05-heat800-artifactnone;driver-555-tau0.05-heat800-artifactnone,cuda,16
5,3,0.08,0.05689577752304396,0.9139300689563576,True,0.28880278096195056,checkpoints/detection_sources5_noise3_seed1.pt,bb8c85da4ba784a7363f02bbe28d3ebae01f975d65422200b9b5338b75356ec7,605335fd8c387191935eed27ce27fcc54a8318f898465a231df8481ba67e8474,GloballyClusteredModel,"{""class"": ""RecurrentStudent"", ""hidden_size"": 8, ""input_size"": 1, ""materialized_cluster_count"": 4, ""num_layers"": 1, ""output_size"": 1, ""parameters"": 277}",277,final,1,cuda,driver-42-tau0.05-heat800-artifactnone;driver-123-tau0.05-heat800-artifactnone;driver-456-tau0.05-heat800-artifactnone;driver-7-tau0.05-heat800-artifactnone;driver-99-tau0.05-heat800-artifactnone,driver-999-tau0.05-heat800-artifactnone,driver-777-tau0.05-heat800-artifactnone;driver-888-tau0.05-heat800-artifactnone;driver-555-tau0.05-heat800-artifactnone,cuda,4
5,3,0.08,0.10451817283686561,0.9407042448410939,True,0.30647716046082013,checkpoints/detection_sources5_noise3_seed2.pt,3241cea857cee9f23c73a8201890c1b4e46a1b86082aa1c2acf585bc963bc195,7869265a827e868ed6107fdd43aeec3fbf90512654cdb2aa55a65f99da75d1e5,GloballyClusteredModel,"{""class"": ""RecurrentStudent"", ""hidden_size"": 8, ""input_size"": 1, ""materialized_cluster_count"": 8, ""num_layers"": 1, ""output_size"": 1, ""parameters"": 281}",281,final,2,cuda,driver-42-tau0.05-heat800-artifactnone;driver-123-tau0.05-heat800-artifactnone;driver-456-tau0.05-heat800-artifactnone;driver-7-tau0.05-heat800-artifactnone;driver-99-tau0.05-heat800-artifactnone,driver-999-tau0.05-heat800-artifactnone,driver-777-tau0.05-heat800-artifactnone;driver-888-tau0.05-heat800-artifactnone;driver-555-tau0.05-heat800-artifactnone,cuda,8
5,5,0.08,0.08940212394425066,0.9817730837348965,True,0.11752654930313328,checkpoints/detection_sources5_noise5_seed0.pt,2c0ec12014d8e8f940f3002ff76f66cf5bc6c66ef206bc18304a8bc1360a4eb5,7510dd6a21f6c369d79734d56712c1500d383fcd21db8e20b00ace1cf81bf4f6,GloballyClusteredModel,"{""class"": ""RecurrentStudent"", ""hidden_size"": 8, ""input_size"": 1, ""materialized_cluster_count"": 16, ""num_layers"": 1, ""output_size"": 1, ""parameters"": 289}",289,final,0,cuda,driver-42-tau0.05-heat800-artifactnone;driver-123-tau0.05-heat800-artifactnone;driver-456-tau0.05-heat800-artifactnone;driver-7-tau0.05-heat800-artifactnone;driver-99-tau0.05-heat800-artifactnone,driver-999-tau0.05-heat800-artifactnone,driver-777-tau0.05-heat800-artifactnone;driver-888-tau0.05-heat800-artifactnone;driver-555-tau0.05-heat800-artifactnone,cuda,16
5,5,0.08,0.08156814993397905,0.9110601576022299,True,0.019601874174738146,checkpoints/detection_sources5_noise5_seed1.pt,7f630b86d24537af8a7611e6ed7d94f5073814e1f1cfe1c7004b70cdf2c508f7,3f21820a06b2a9145b2da851182935dc9993b9a7637b1224dd9fb392361d6699,GloballyClusteredModel,"{""class"": ""RecurrentStudent"", ""hidden_size"": 8, ""input_size"": 1, ""materialized_cluster_count"": 8, ""num_layers"": 1, ""output_size"": 1, ""parameters"": 281}",281,final,1,cuda,driver-42-tau0.05-heat800-artifactnone;driver-123-tau0.05-heat800-artifactnone;driver-456-tau0.05-heat800-artifactnone;driver-7-tau0.05-heat800-artifactnone;driver-99-tau0.05-heat800-artifactnone,driver-999-tau0.05-heat800-artifactnone,driver-777-tau0.05-heat800-artifactnone;driver-888-tau0.05-heat800-artifactnone;driver-555-tau0.05-heat800-artifactnone,cuda,8
5,5,0.08,0.09496832647452878,0.9491663914754404,True,0.18710408093160977,checkpoints/detection_sources5_noise5_seed2.pt,bb950e9168786723155dc87c6c9260b7ab4084ceab0991759ce01fc520ac0fc1,faf02d304a784bc87288ac1139736edd5ae348abc1b80439edb5cc336ec673e2,GloballyClusteredModel,"{""class"": ""RecurrentStudent"", ""hidden_size"": 8, ""input_size"": 1, ""materialized_cluster_count"": 8, ""num_layers"": 1, ""output_size"": 1, ""parameters"": 281}",281,final,2,cuda,driver-42-tau0.05-heat800-artifactnone;driver-123-tau0.05-heat800-artifactnone;driver-456-tau0.05-heat800-artifactnone;driver-7-tau0.05-heat800-artifactnone;driver-99-tau0.05-heat800-artifactnone,driver-999-tau0.05-heat800-artifactnone,driver-777-tau0.05-heat800-artifactnone;driver-888-tau0.05-heat800-artifactnone;driver-555-tau0.05-heat800-artifactnone,cuda,8
5,10,0.08,0.08676504545955975,0.9669417844807645,True,0.08456306824449686,checkpoints/detection_sources5_noise10_seed0.pt,bd203a41c51717e8fe1d0831c9969b60e7a90cd01bf9c836e747ae1ac78b2681,7fbd4a6156bcf26f1c80fed9adc07be6eccb5c40324cd39cf128fbf773b29c52,GloballyClusteredModel,"{""class"": ""RecurrentStudent"", ""hidden_size"": 8, ""input_size"": 1, ""materialized_cluster_count"": 16, ""num_layers"": 1, ""output_size"": 1, ""parameters"": 289}",289,final,0,cuda,driver-42-tau0.05-heat800-artifactnone;driver-123-tau0.05-heat800-artifactnone;driver-456-tau0.05-heat800-artifactnone;driver-7-tau0.05-heat800-artifactnone;driver-99-tau0.05-heat800-artifactnone,driver-999-tau0.05-heat800-artifactnone,driver-777-tau0.05-heat800-artifactnone;driver-888-tau0.05-heat800-artifactnone;driver-555-tau0.05-heat800-artifactnone,cuda,16
5,10,0.08,0.09456583180778959,0.957745792905877,True,0.18207289759736983,checkpoints/detection_sources5_noise10_seed1.pt,51936035648f028124a142f1a1274e9486422aee4c49adb1abf228537b87a9f9,b38bb995e80d1e5ca1b9b581305f961c6f45364de6dd317717c89c8f90c1d9b3,GloballyClusteredModel,"{""class"": ""RecurrentStudent"", ""hidden_size"": 8, ""input_size"": 1, ""materialized_cluster_count"": 16, ""num_layers"": 1, ""output_size"": 1, ""parameters"": 289}",289,final,1,cuda,driver-42-tau0.05-heat800-artifactnone;driver-123-tau0.05-heat800-artifactnone;driver-456-tau0.05-heat800-artifactnone;driver-7-tau0.05-heat800-artifactnone;driver-99-tau0.05-heat800-artifactnone,driver-999-tau0.05-heat800-artifactnone,driver-777-tau0.05-heat800-artifactnone;driver-888-tau0.05-heat800-artifactnone;driver-555-tau0.05-heat800-artifactnone,cuda,16
5,10,0.08,0.07815186067963713,0.9550657359282329,True,0.023101741504535922,checkpoints/detection_sources5_noise10_seed2.pt,6499a472e634edef1ffa655ca2cb7f3612f1562fe58ab2ddcf4715dcc9acff6b,320f4432b6314431b734375921dbe9a9dd148f6b53e875f6fa7386c3f139aad0,GloballyClusteredModel,"{""class"": ""RecurrentStudent"", ""hidden_size"": 8, ""input_size"": 1, ""materialized_cluster_count"": 16, ""num_layers"": 1, ""output_size"": 1, ""parameters"": 289}",289,final,2,cuda,driver-42-tau0.05-heat800-artifactnone;driver-123-tau0.05-heat800-artifactnone;driver-456-tau0.05-heat800-artifactnone;driver-7-tau0.05-heat800-artifactnone;driver-99-tau0.05-heat800-artifactnone,driver-999-tau0.05-heat800-artifactnone,driver-777-tau0.05-heat800-artifactnone;driver-888-tau0.05-heat800-artifactnone;driver-555-tau0.05-heat800-artifactnone,cuda,16
