geometry,tau,heat_coefficient,stride,alpha_rec,r2,accepted,alpha_error,checkpoint_path,checkpoint_hash,checkpoint_file_sha256,model_class,model_architecture,model_parameter_count,profile,seed,device,train_source_ids,validation_source_ids,test_source_ids,execution_device,cluster_count
spacing_50um,0.05,1200.0,8,0.039630149524544356,0.7819734763796377,False,0.5046231309431956,checkpoints/geometry_spacing_50um_seed0.pt,b5209318e385e3fda925cca79d50195505738471c3d06af8201086891b29f194,f276637cf3d7684eadad666e4c0440525817244272b16f08b32d61e5196353fb,GloballyClusteredModel,"{""class"": ""RecurrentStudent"", ""hidden_size"": 8, ""input_size"": 1, ""materialized_cluster_count"": 16, ""num_layers"": 1, ""output_size"": 1, ""parameters"": 289}",289,final,0,cuda,driver-42-tau0.05-heat1200-artifactnone;driver-123-tau0.05-heat1200-artifactnone;driver-456-tau0.05-heat1200-artifactnone;driver-7-tau0.05-heat1200-artifactnone;driver-99-tau0.05-heat1200-artifactnone,driver-999-tau0.05-heat1200-artifactnone,driver-777-tau0.05-heat1200-artifactnone;driver-888-tau0.05-heat1200-artifactnone;driver-555-tau0.05-heat1200-artifactnone,cuda,16
spacing_50um,0.05,1200.0,8,0.06840408397449005,0.9122054085321638,True,0.14494895031887442,checkpoints/geometry_spacing_50um_seed1.pt,49b359c675bae257c215a70ce0ba2eb5c47749427a4ef9c11890d895f002a7ba,4b2c8a41d23dc38a0f8cac1b588783b4c6b1c0f5018cfff702d57bbfbf3461e2,GloballyClusteredModel,"{""class"": ""RecurrentStudent"", ""hidden_size"": 8, ""input_size"": 1, ""materialized_cluster_count"": 16, ""num_layers"": 1, ""output_size"": 1, ""parameters"": 289}",289,final,1,cuda,driver-42-tau0.05-heat1200-artifactnone;driver-123-tau0.05-heat1200-artifactnone;driver-456-tau0.05-heat1200-artifactnone;driver-7-tau0.05-heat1200-artifactnone;driver-99-tau0.05-heat1200-artifactnone,driver-999-tau0.05-heat1200-artifactnone,driver-777-tau0.05-heat1200-artifactnone;driver-888-tau0.05-heat1200-artifactnone;driver-555-tau0.05-heat1200-artifactnone,cuda,16
spacing_50um,0.05,1200.0,8,0.06537962078611535,0.8982810509431994,True,0.1827547401735581,checkpoints/geometry_spacing_50um_seed2.pt,04786dc2289a6d0d3e6e94c69d84114bb2446e1128d7fa09066afd6296c4448d,781bd5366fbfb56dcfa277549c91ba86a6957d76945ce9575290585e0693a24d,GloballyClusteredModel,"{""class"": ""RecurrentStudent"", ""hidden_size"": 8, ""input_size"": 1, ""materialized_cluster_count"": 16, ""num_layers"": 1, ""output_size"": 1, ""parameters"": 289}",289,final,2,cuda,driver-42-tau0.05-heat1200-artifactnone;driver-123-tau0.05-heat1200-artifactnone;driver-456-tau0.05-heat1200-artifactnone;driver-7-tau0.05-heat1200-artifactnone;driver-99-tau0.05-heat1200-artifactnone,driver-999-tau0.05-heat1200-artifactnone,driver-777-tau0.05-heat1200-artifactnone;driver-888-tau0.05-heat1200-artifactnone;driver-555-tau0.05-heat1200-artifactnone,cuda,16
spacing_100um,0.05,800.0,8,0.08156627951105495,0.9716467723750329,True,0.0195784938881869,checkpoints/geometry_spacing_100um_seed0.pt,4637b2a3182a39523acab3a6e97919014760b7a1fc6530ad1e417833b10a3516,76b64932fb68cad9fef651434a92cc13d110daff807b2971e606ac7d6c0b70b5,GloballyClusteredModel,"{""class"": ""RecurrentStudent"", ""hidden_size"": 8, ""input_size"": 1, ""materialized_cluster_count"": 16, ""num_layers"": 1, ""output_size"": 1, ""parameters"": 289}",289,final,0,cuda,driver-42-tau0.05-heat800-artifactnone;driver-123-tau0.05-heat800-artifactnone;driver-456-tau0.05-heat800-artifactnone;driver-7-tau0.05-heat800-artifactnone;driver-99-tau0.05-heat800-artifactnone,driver-999-tau0.05-heat800-artifactnone,driver-777-tau0.05-heat800-artifactnone;driver-888-tau0.05-heat800-artifactnone;driver-555-tau0.05-heat800-artifactnone,cuda,16
spacing_100um,0.05,800.0,8,0.08282205675579268,0.9852839048660714,True,0.03527570944740852,checkpoints/geometry_spacing_100um_seed1.pt,939ecf32e8156e779e1368bc4aa4fb564b221445b038afb7b1c40679c55e911b,f577fc37c574afa5628b7a7596a4e66f4c7103122c0cd5d319fe4d9887dea8f8,GloballyClusteredModel,"{""class"": ""RecurrentStudent"", ""hidden_size"": 8, ""input_size"": 1, ""materialized_cluster_count"": 16, ""num_layers"": 1, ""output_size"": 1, ""parameters"": 289}",289,final,1,cuda,driver-42-tau0.05-heat800-artifactnone;driver-123-tau0.05-heat800-artifactnone;driver-456-tau0.05-heat800-artifactnone;driver-7-tau0.05-heat800-artifactnone;driver-99-tau0.05-heat800-artifactnone,driver-999-tau0.05-heat800-artifactnone,driver-777-tau0.05-heat800-artifactnone;driver-888-tau0.05-heat800-artifactnone;driver-555-tau0.05-heat800-artifactnone,cuda,16
spacing_100um,0.05,800.0,8,0.09773685045508777,0.9866873693539118,True,0.22171063068859714,checkpoints/geometry_spacing_100um_seed2.pt,3b902c52c42f3831b20a76fa38b0710efe617a761ec7480f7b13cff8028e8bfa,710f829b441b9b57876c16d0f528e9ca36ae42f00ffe5aee68af6db883175ea8,GloballyClusteredModel,"{""class"": ""RecurrentStudent"", ""hidden_size"": 8, ""input_size"": 1, ""materialized_cluster_count"": 16, ""num_layers"": 1, ""output_size"": 1, ""parameters"": 289}",289,final,2,cuda,driver-42-tau0.05-heat800-artifactnone;driver-123-tau0.05-heat800-artifactnone;driver-456-tau0.05-heat800-artifactnone;driver-7-tau0.05-heat800-artifactnone;driver-99-tau0.05-heat800-artifactnone,driver-999-tau0.05-heat800-artifactnone,driver-777-tau0.05-heat800-artifactnone;driver-888-tau0.05-heat800-artifactnone;driver-555-tau0.05-heat800-artifactnone,cuda,16
spacing_200um,0.05,450.0,8,0.08938055067047729,0.9799486564849441,True,0.11725688338096607,checkpoints/geometry_spacing_200um_seed0.pt,5b289ab3abe1433a3c4a77b71b4f38a4c2c81bb9aebb07efe976f0156805fbe2,631309ce51234f35fa9dc42bccb950531b109d8177882008d8c12a5e7235f2a2,GloballyClusteredModel,"{""class"": ""RecurrentStudent"", ""hidden_size"": 8, ""input_size"": 1, ""materialized_cluster_count"": 16, ""num_layers"": 1, ""output_size"": 1, ""parameters"": 289}",289,final,0,cuda,driver-42-tau0.05-heat450-artifactnone;driver-123-tau0.05-heat450-artifactnone;driver-456-tau0.05-heat450-artifactnone;driver-7-tau0.05-heat450-artifactnone;driver-99-tau0.05-heat450-artifactnone,driver-999-tau0.05-heat450-artifactnone,driver-777-tau0.05-heat450-artifactnone;driver-888-tau0.05-heat450-artifactnone;driver-555-tau0.05-heat450-artifactnone,cuda,16
spacing_200um,0.05,450.0,8,0.08110066711661114,0.9825536664184767,True,0.013758338957639213,checkpoints/geometry_spacing_200um_seed1.pt,08b1da7e5e8a571c40b766cc76066a1acc04bb03952c09415fba7d49a984adaf,9661aa963756c9f4d75f87d4b72831d5576597fb148353d9e7181f3fc64b6fb4,GloballyClusteredModel,"{""class"": ""RecurrentStudent"", ""hidden_size"": 8, ""input_size"": 1, ""materialized_cluster_count"": 16, ""num_layers"": 1, ""output_size"": 1, ""parameters"": 289}",289,final,1,cuda,driver-42-tau0.05-heat450-artifactnone;driver-123-tau0.05-heat450-artifactnone;driver-456-tau0.05-heat450-artifactnone;driver-7-tau0.05-heat450-artifactnone;driver-99-tau0.05-heat450-artifactnone,driver-999-tau0.05-heat450-artifactnone,driver-777-tau0.05-heat450-artifactnone;driver-888-tau0.05-heat450-artifactnone;driver-555-tau0.05-heat450-artifactnone,cuda,16
spacing_200um,0.05,450.0,8,0.09832690106031207,0.9283421243936347,True,0.22908626325390083,checkpoints/geometry_spacing_200um_seed2.pt,5e41fceecab97cfe5a23030bfb19a1cb92910f63af37624095977984f7b33f98,26d65d4ff897758b3fd3d9597093a20e753f5033ec851c8d9a75a3d1c9f5e839,GloballyClusteredModel,"{""class"": ""RecurrentStudent"", ""hidden_size"": 8, ""input_size"": 1, ""materialized_cluster_count"": 8, ""num_layers"": 1, ""output_size"": 1, ""parameters"": 281}",281,final,2,cuda,driver-42-tau0.05-heat450-artifactnone;driver-123-tau0.05-heat450-artifactnone;driver-456-tau0.05-heat450-artifactnone;driver-7-tau0.05-heat450-artifactnone;driver-99-tau0.05-heat450-artifactnone,driver-999-tau0.05-heat450-artifactnone,driver-777-tau0.05-heat450-artifactnone;driver-888-tau0.05-heat450-artifactnone;driver-555-tau0.05-heat450-artifactnone,cuda,8
vertical_R_x2,0.05,400.0,8,0.06281525388904391,0.8553506984715598,False,0.21480932638695116,checkpoints/geometry_vertical_R_x2_seed0.pt,1cb3ade100ab4442c65922991fccb1fdcedacc72aa484db3cdca75881e31b8d0,eb167ce4227b6ccee3ab5fea5af96a6bb67a581948d666667b63d8fefcdca252,GloballyClusteredModel,"{""class"": ""RecurrentStudent"", ""hidden_size"": 8, ""input_size"": 1, ""materialized_cluster_count"": 16, ""num_layers"": 1, ""output_size"": 1, ""parameters"": 289}",289,final,0,cuda,driver-42-tau0.05-heat400-artifactnone;driver-123-tau0.05-heat400-artifactnone;driver-456-tau0.05-heat400-artifactnone;driver-7-tau0.05-heat400-artifactnone;driver-99-tau0.05-heat400-artifactnone,driver-999-tau0.05-heat400-artifactnone,driver-777-tau0.05-heat400-artifactnone;driver-888-tau0.05-heat400-artifactnone;driver-555-tau0.05-heat400-artifactnone,cuda,16
vertical_R_x2,0.05,400.0,8,0.07723106836277845,0.983538737171579,True,0.034611645465269444,checkpoints/geometry_vertical_R_x2_seed1.pt,c79ddea5f301686e2ebdb791ec3ff177f861905d68981b650c2a3351532da961,c2a334cb1162c632c3e9b3d9580c3e14268d71abf47068e35e17e22538a72ed7,GloballyClusteredModel,"{""class"": ""RecurrentStudent"", ""hidden_size"": 8, ""input_size"": 1, ""materialized_cluster_count"": 8, ""num_layers"": 1, ""output_size"": 1, ""parameters"": 281}",281,final,1,cuda,driver-42-tau0.05-heat400-artifactnone;driver-123-tau0.05-heat400-artifactnone;driver-456-tau0.05-heat400-artifactnone;driver-7-tau0.05-heat400-artifactnone;driver-99-tau0.05-heat400-artifactnone,driver-999-tau0.05-heat400-artifactnone,driver-777-tau0.05-heat400-artifactnone;driver-888-tau0.05-heat400-artifactnone;driver-555-tau0.05-heat400-artifactnone,cuda,8
vertical_R_x2,0.05,400.0,8,0.08303166527957324,0.9828223509533717,True,0.03789581599466553,checkpoints/geometry_vertical_R_x2_seed2.pt,6d95539008a6083ed2061493b1917679ed8fea9c405ca204afc0a1f7ada77195,81879e0c7863117386f1738676c48c47ae0e404727afb5ae75aacd606815af64,GloballyClusteredModel,"{""class"": ""RecurrentStudent"", ""hidden_size"": 8, ""input_size"": 1, ""materialized_cluster_count"": 8, ""num_layers"": 1, ""output_size"": 1, ""parameters"": 281}",281,final,2,cuda,driver-42-tau0.05-heat400-artifactnone;driver-123-tau0.05-heat400-artifactnone;driver-456-tau0.05-heat400-artifactnone;driver-7-tau0.05-heat400-artifactnone;driver-99-tau0.05-heat400-artifactnone,driver-999-tau0.05-heat400-artifactnone,driver-777-tau0.05-heat400-artifactnone;driver-888-tau0.05-heat400-artifactnone;driver-555-tau0.05-heat400-artifactnone,cuda,8
vertical_R_x5,0.05,160.0,8,0.09018471708440323,0.981892492605834,True,0.12730896355504037,checkpoints/geometry_vertical_R_x5_seed0.pt,07b274b62aa3b2e752721daaadf11b5b3e11874a1ffb48002186300ce8ab888a,cf2473513c2a14cd408fbb5cf3406b78241996e104b30f3e035e0c59dc7d6b44,GloballyClusteredModel,"{""class"": ""RecurrentStudent"", ""hidden_size"": 8, ""input_size"": 1, ""materialized_cluster_count"": 16, ""num_layers"": 1, ""output_size"": 1, ""parameters"": 289}",289,final,0,cuda,driver-42-tau0.05-heat160-artifactnone;driver-123-tau0.05-heat160-artifactnone;driver-456-tau0.05-heat160-artifactnone;driver-7-tau0.05-heat160-artifactnone;driver-99-tau0.05-heat160-artifactnone,driver-999-tau0.05-heat160-artifactnone,driver-777-tau0.05-heat160-artifactnone;driver-888-tau0.05-heat160-artifactnone;driver-555-tau0.05-heat160-artifactnone,cuda,16
vertical_R_x5,0.05,160.0,8,0.08917295350598586,0.9937442836029607,True,0.11466191882482327,checkpoints/geometry_vertical_R_x5_seed1.pt,1c78411b676fe3c5849c29e1104f628d3e30c81bce862dee03197b677a777856,6e4d2b4323c3d690f823839bfce30397ef7870da8f2d77885188bc2defff9432,GloballyClusteredModel,"{""class"": ""RecurrentStudent"", ""hidden_size"": 8, ""input_size"": 1, ""materialized_cluster_count"": 16, ""num_layers"": 1, ""output_size"": 1, ""parameters"": 289}",289,final,1,cuda,driver-42-tau0.05-heat160-artifactnone;driver-123-tau0.05-heat160-artifactnone;driver-456-tau0.05-heat160-artifactnone;driver-7-tau0.05-heat160-artifactnone;driver-99-tau0.05-heat160-artifactnone,driver-999-tau0.05-heat160-artifactnone,driver-777-tau0.05-heat160-artifactnone;driver-888-tau0.05-heat160-artifactnone;driver-555-tau0.05-heat160-artifactnone,cuda,16
vertical_R_x5,0.05,160.0,8,0.06730076906244295,0.9912386944047222,True,0.15874038671946314,checkpoints/geometry_vertical_R_x5_seed2.pt,2616b5275141544dff12d28217d66a774b20257fe0892bab9ff51c003056c571,fc08b49d5b96feed04429902af9a2343ce6e1ad1da82e4d8107b48eed48b9bd7,GloballyClusteredModel,"{""class"": ""RecurrentStudent"", ""hidden_size"": 8, ""input_size"": 1, ""materialized_cluster_count"": 16, ""num_layers"": 1, ""output_size"": 1, ""parameters"": 289}",289,final,2,cuda,driver-42-tau0.05-heat160-artifactnone;driver-123-tau0.05-heat160-artifactnone;driver-456-tau0.05-heat160-artifactnone;driver-7-tau0.05-heat160-artifactnone;driver-99-tau0.05-heat160-artifactnone,driver-999-tau0.05-heat160-artifactnone,driver-777-tau0.05-heat160-artifactnone;driver-888-tau0.05-heat160-artifactnone;driver-555-tau0.05-heat160-artifactnone,cuda,16
tau_fast,0.02,800.0,4,0.08288455812853886,0.9480464639549845,True,0.036056976606735694,checkpoints/geometry_tau_fast_seed0.pt,e7907d81ccf9f3cae24525b1884ffaf90fcc9f43fe27cd7f83c963a338905c33,35be480161b5b624f06498568ba5582fc502abff889c90b9cc24228e6380296d,GloballyClusteredModel,"{""class"": ""RecurrentStudent"", ""hidden_size"": 8, ""input_size"": 1, ""materialized_cluster_count"": 4, ""num_layers"": 1, ""output_size"": 1, ""parameters"": 277}",277,final,0,cuda,driver-42-tau0.02-heat800-artifactnone;driver-123-tau0.02-heat800-artifactnone;driver-456-tau0.02-heat800-artifactnone;driver-7-tau0.02-heat800-artifactnone;driver-99-tau0.02-heat800-artifactnone,driver-999-tau0.02-heat800-artifactnone,driver-777-tau0.02-heat800-artifactnone;driver-888-tau0.02-heat800-artifactnone;driver-555-tau0.02-heat800-artifactnone,cuda,4
tau_fast,0.02,800.0,4,0.0760801662682637,0.984005623508882,True,0.04899792164670385,checkpoints/geometry_tau_fast_seed1.pt,0e3dbdfdb5d0b5ef43afc840bac4052d44fb41f31e4f7a7c0fbb7ee3659d77de,c58c8f03f72236729994d933f74106ea2c35c88e965933acb6f0e4486dea1428,GloballyClusteredModel,"{""class"": ""RecurrentStudent"", ""hidden_size"": 8, ""input_size"": 1, ""materialized_cluster_count"": 16, ""num_layers"": 1, ""output_size"": 1, ""parameters"": 289}",289,final,1,cuda,driver-42-tau0.02-heat800-artifactnone;driver-123-tau0.02-heat800-artifactnone;driver-456-tau0.02-heat800-artifactnone;driver-7-tau0.02-heat800-artifactnone;driver-99-tau0.02-heat800-artifactnone,driver-999-tau0.02-heat800-artifactnone,driver-777-tau0.02-heat800-artifactnone;driver-888-tau0.02-heat800-artifactnone;driver-555-tau0.02-heat800-artifactnone,cuda,16
tau_fast,0.02,800.0,4,0.08226104813338381,0.9875581166996845,True,0.02826310166729757,checkpoints/geometry_tau_fast_seed2.pt,38fa1af5e35a6c1ced60a3e746cb6613016db022be7ca499bb4c624ad294a93b,6a13261d12ed9264052051677a4f897fb795250ad4e4d9116ab0660b8d158b10,GloballyClusteredModel,"{""class"": ""RecurrentStudent"", ""hidden_size"": 8, ""input_size"": 1, ""materialized_cluster_count"": 8, ""num_layers"": 1, ""output_size"": 1, ""parameters"": 281}",281,final,2,cuda,driver-42-tau0.02-heat800-artifactnone;driver-123-tau0.02-heat800-artifactnone;driver-456-tau0.02-heat800-artifactnone;driver-7-tau0.02-heat800-artifactnone;driver-99-tau0.02-heat800-artifactnone,driver-999-tau0.02-heat800-artifactnone,driver-777-tau0.02-heat800-artifactnone;driver-888-tau0.02-heat800-artifactnone;driver-555-tau0.02-heat800-artifactnone,cuda,8
tau_slow,0.1,800.0,8,0.04542232486166734,0.861858767847231,True,0.4322209392291582,checkpoints/geometry_tau_slow_seed0.pt,12529145a57390ed68898dd6fa7d8e895d3c2b529ec2f82e1e3873ff6fb1c666,b86bc17204bfe25e4a16757a001998e7ae220a26f1eb22c07e5de2198eb35cb9,GloballyClusteredModel,"{""class"": ""RecurrentStudent"", ""hidden_size"": 8, ""input_size"": 1, ""materialized_cluster_count"": 8, ""num_layers"": 1, ""output_size"": 1, ""parameters"": 281}",281,final,0,cuda,driver-42-tau0.1-heat800-artifactnone;driver-123-tau0.1-heat800-artifactnone;driver-456-tau0.1-heat800-artifactnone;driver-7-tau0.1-heat800-artifactnone;driver-99-tau0.1-heat800-artifactnone,driver-999-tau0.1-heat800-artifactnone,driver-777-tau0.1-heat800-artifactnone;driver-888-tau0.1-heat800-artifactnone;driver-555-tau0.1-heat800-artifactnone,cuda,8
tau_slow,0.1,800.0,8,0.058357884652613025,0.9423079284818408,True,0.2705264418423372,checkpoints/geometry_tau_slow_seed1.pt,472ce11dd7ae570dde4b67df704fafb29ed578332c3e70fa298e049d59884bf8,863f93bf9f1763afd36181542bb6c218ab11f8e8706eaecf9903c02fa2373118,GloballyClusteredModel,"{""class"": ""RecurrentStudent"", ""hidden_size"": 8, ""input_size"": 1, ""materialized_cluster_count"": 8, ""num_layers"": 1, ""output_size"": 1, ""parameters"": 281}",281,final,1,cuda,driver-42-tau0.1-heat800-artifactnone;driver-123-tau0.1-heat800-artifactnone;driver-456-tau0.1-heat800-artifactnone;driver-7-tau0.1-heat800-artifactnone;driver-99-tau0.1-heat800-artifactnone,driver-999-tau0.1-heat800-artifactnone,driver-777-tau0.1-heat800-artifactnone;driver-888-tau0.1-heat800-artifactnone;driver-555-tau0.1-heat800-artifactnone,cuda,8
tau_slow,0.1,800.0,8,0.06998270707712778,0.9371883573190835,True,0.12521616153590276,checkpoints/geometry_tau_slow_seed2.pt,a7f0792b22440b7146cbd22cc73df80e12580b9fe7e220c177485712e4d6d99d,9916bf61d122112087e5e5e001e33e5ef0e51c1fa281ec97ebfd73f47e1ab794,GloballyClusteredModel,"{""class"": ""RecurrentStudent"", ""hidden_size"": 8, ""input_size"": 1, ""materialized_cluster_count"": 8, ""num_layers"": 1, ""output_size"": 1, ""parameters"": 281}",281,final,2,cuda,driver-42-tau0.1-heat800-artifactnone;driver-123-tau0.1-heat800-artifactnone;driver-456-tau0.1-heat800-artifactnone;driver-7-tau0.1-heat800-artifactnone;driver-99-tau0.1-heat800-artifactnone,driver-999-tau0.1-heat800-artifactnone,driver-777-tau0.1-heat800-artifactnone;driver-888-tau0.1-heat800-artifactnone;driver-555-tau0.1-heat800-artifactnone,cuda,8
