device,method,seed,correlation,nrmse,parameters,checkpoint_path,checkpoint_hash,checkpoint_file_sha256,model_class,model_architecture,model_parameter_count,train_source_ids,validation_source_ids,test_source_ids,profile,execution_device
GO-PDADMAC4,mlp,0,0.9922122634854278,0.03882056560019722,1185,checkpoints/measured_baseline_GO-PDADMAC4_mlp_seed0.pt,eae641100fef19a9072240012faea6326e4d075d0640aff81a4559fbed71996b,93a16f0b7a5c2d0ee9a0a640c6297b5b44321cd1db43d93382f4cac468807998,StaticMLP,"{""class"": ""StaticMLP"", ""linear_widths"": [2, 32, 32, 1], ""parameters"": 1185}",1185,GO-PDADMAC4-1p0_400mvs-cycle-1;GO-PDADMAC4-1p0_400mvs-cycle-2;GO-PDADMAC4-1p0_400mvs-cycle-3;GO-PDADMAC4-1p0_400mvs-cycle-4;GO-PDADMAC4-1p0_400mvs-cycle-5;GO-PDADMAC4-1p0_400mvs-cycle-6,GO-PDADMAC4-1p0_400mvs-cycle-7;GO-PDADMAC4-1p0_400mvs-cycle-8,GO-PDADMAC4-1p0_400mvs-cycle-9;GO-PDADMAC4-1p0_400mvs-cycle-10;GO-PDADMAC4-1p0_400mvs-cycle-11,final,cuda
GO-PDADMAC4,pikan,0,0.9906133060277793,0.043716362507429905,96,checkpoints/measured_baseline_GO-PDADMAC4_pikan_seed0.pt,5c3150e9dc66d963fc8e934ef1ab739cf70cf03ba82cd6615aeeec5ed1dab9c8,064954765e7f488a8bf4a9fce457180c874f2b9c99cd5d3a8c4829d5bcac8d0a,PIKAN,"{""chebyshev_degree"": 3, ""chebyshev_widths"": [2, 8, 1], ""class"": ""PIKAN"", ""parameters"": 96}",96,GO-PDADMAC4-1p0_400mvs-cycle-1;GO-PDADMAC4-1p0_400mvs-cycle-2;GO-PDADMAC4-1p0_400mvs-cycle-3;GO-PDADMAC4-1p0_400mvs-cycle-4;GO-PDADMAC4-1p0_400mvs-cycle-5;GO-PDADMAC4-1p0_400mvs-cycle-6,GO-PDADMAC4-1p0_400mvs-cycle-7;GO-PDADMAC4-1p0_400mvs-cycle-8,GO-PDADMAC4-1p0_400mvs-cycle-9;GO-PDADMAC4-1p0_400mvs-cycle-10;GO-PDADMAC4-1p0_400mvs-cycle-11,final,cuda
GO-PDADMAC4,sindy,0,0.8540118596110939,0.16514382419080129,10,checkpoints/measured_baseline_GO-PDADMAC4_sindy_seed0.pt,3099c0b49d24016b0bb915eba0d3941db56bf00fc0734ffb25cd5bc0072770ba,3099c0b49d24016b0bb915eba0d3941db56bf00fc0734ffb25cd5bc0072770ba,serialized_payload,,,GO-PDADMAC4-1p0_400mvs-cycle-1;GO-PDADMAC4-1p0_400mvs-cycle-2;GO-PDADMAC4-1p0_400mvs-cycle-3;GO-PDADMAC4-1p0_400mvs-cycle-4;GO-PDADMAC4-1p0_400mvs-cycle-5;GO-PDADMAC4-1p0_400mvs-cycle-6,GO-PDADMAC4-1p0_400mvs-cycle-7;GO-PDADMAC4-1p0_400mvs-cycle-8,GO-PDADMAC4-1p0_400mvs-cycle-9;GO-PDADMAC4-1p0_400mvs-cycle-10;GO-PDADMAC4-1p0_400mvs-cycle-11,final,cuda
GO-PDADMAC4,mlp,1,0.9923236843962894,0.039250109893574366,1185,checkpoints/measured_baseline_GO-PDADMAC4_mlp_seed1.pt,8665733b5a1720c2a89966b00752ccf68182f2739ae3e70b8cf133d8aaa795d6,cb58db985e8a506a67655177e91a54acaa2433a0feb10ee976b87f63c7b83be1,StaticMLP,"{""class"": ""StaticMLP"", ""linear_widths"": [2, 32, 32, 1], ""parameters"": 1185}",1185,GO-PDADMAC4-1p0_400mvs-cycle-1;GO-PDADMAC4-1p0_400mvs-cycle-2;GO-PDADMAC4-1p0_400mvs-cycle-3;GO-PDADMAC4-1p0_400mvs-cycle-4;GO-PDADMAC4-1p0_400mvs-cycle-5;GO-PDADMAC4-1p0_400mvs-cycle-6,GO-PDADMAC4-1p0_400mvs-cycle-7;GO-PDADMAC4-1p0_400mvs-cycle-8,GO-PDADMAC4-1p0_400mvs-cycle-9;GO-PDADMAC4-1p0_400mvs-cycle-10;GO-PDADMAC4-1p0_400mvs-cycle-11,final,cuda
GO-PDADMAC4,pikan,1,0.9930909825060305,0.03804496281890179,96,checkpoints/measured_baseline_GO-PDADMAC4_pikan_seed1.pt,6935ca872ac94c1595093706deca0d445a5f61d715495c3c06b9bc21aa8b51ff,4a1168bd239090d594542be3b82d0142557f12b6a442b5737226aefa22f6ba5b,PIKAN,"{""chebyshev_degree"": 3, ""chebyshev_widths"": [2, 8, 1], ""class"": ""PIKAN"", ""parameters"": 96}",96,GO-PDADMAC4-1p0_400mvs-cycle-1;GO-PDADMAC4-1p0_400mvs-cycle-2;GO-PDADMAC4-1p0_400mvs-cycle-3;GO-PDADMAC4-1p0_400mvs-cycle-4;GO-PDADMAC4-1p0_400mvs-cycle-5;GO-PDADMAC4-1p0_400mvs-cycle-6,GO-PDADMAC4-1p0_400mvs-cycle-7;GO-PDADMAC4-1p0_400mvs-cycle-8,GO-PDADMAC4-1p0_400mvs-cycle-9;GO-PDADMAC4-1p0_400mvs-cycle-10;GO-PDADMAC4-1p0_400mvs-cycle-11,final,cuda
GO-PDADMAC4,sindy,1,0.8540118596110939,0.16514382419080129,10,checkpoints/measured_baseline_GO-PDADMAC4_sindy_seed1.pt,4538d438467eadcfeb5581d7bc88cad930b4bce7c24064bac8fb12c9b63018c7,4538d438467eadcfeb5581d7bc88cad930b4bce7c24064bac8fb12c9b63018c7,serialized_payload,,,GO-PDADMAC4-1p0_400mvs-cycle-1;GO-PDADMAC4-1p0_400mvs-cycle-2;GO-PDADMAC4-1p0_400mvs-cycle-3;GO-PDADMAC4-1p0_400mvs-cycle-4;GO-PDADMAC4-1p0_400mvs-cycle-5;GO-PDADMAC4-1p0_400mvs-cycle-6,GO-PDADMAC4-1p0_400mvs-cycle-7;GO-PDADMAC4-1p0_400mvs-cycle-8,GO-PDADMAC4-1p0_400mvs-cycle-9;GO-PDADMAC4-1p0_400mvs-cycle-10;GO-PDADMAC4-1p0_400mvs-cycle-11,final,cuda
GO-PDADMAC4,mlp,2,0.9917643080346159,0.03917264632366848,1185,checkpoints/measured_baseline_GO-PDADMAC4_mlp_seed2.pt,230660919e4416e54ad9dab48a1d295ea05db7b168f9acd8949a8715e70ec0fa,7d518cec0ac0878bf1c6095521917e3c2e2c4d6db81d6da9ef02848768483539,StaticMLP,"{""class"": ""StaticMLP"", ""linear_widths"": [2, 32, 32, 1], ""parameters"": 1185}",1185,GO-PDADMAC4-1p0_400mvs-cycle-1;GO-PDADMAC4-1p0_400mvs-cycle-2;GO-PDADMAC4-1p0_400mvs-cycle-3;GO-PDADMAC4-1p0_400mvs-cycle-4;GO-PDADMAC4-1p0_400mvs-cycle-5;GO-PDADMAC4-1p0_400mvs-cycle-6,GO-PDADMAC4-1p0_400mvs-cycle-7;GO-PDADMAC4-1p0_400mvs-cycle-8,GO-PDADMAC4-1p0_400mvs-cycle-9;GO-PDADMAC4-1p0_400mvs-cycle-10;GO-PDADMAC4-1p0_400mvs-cycle-11,final,cuda
GO-PDADMAC4,pikan,2,0.9940555039202068,0.03380843149087951,96,checkpoints/measured_baseline_GO-PDADMAC4_pikan_seed2.pt,a8f27c187287f9314e5eb9796e552702ccdd5ef6cc3663af8243f8cef6c27293,d6971a8aa4dd229670f268d4709baaa8156f41359f61db7186d1fb002c3d9ac4,PIKAN,"{""chebyshev_degree"": 3, ""chebyshev_widths"": [2, 8, 1], ""class"": ""PIKAN"", ""parameters"": 96}",96,GO-PDADMAC4-1p0_400mvs-cycle-1;GO-PDADMAC4-1p0_400mvs-cycle-2;GO-PDADMAC4-1p0_400mvs-cycle-3;GO-PDADMAC4-1p0_400mvs-cycle-4;GO-PDADMAC4-1p0_400mvs-cycle-5;GO-PDADMAC4-1p0_400mvs-cycle-6,GO-PDADMAC4-1p0_400mvs-cycle-7;GO-PDADMAC4-1p0_400mvs-cycle-8,GO-PDADMAC4-1p0_400mvs-cycle-9;GO-PDADMAC4-1p0_400mvs-cycle-10;GO-PDADMAC4-1p0_400mvs-cycle-11,final,cuda
GO-PDADMAC4,sindy,2,0.8540118596110939,0.16514382419080129,10,checkpoints/measured_baseline_GO-PDADMAC4_sindy_seed2.pt,51523c8a8a7875402a32a4a90e907cd9764d626d024ec3e549dc5d14cd83a77d,51523c8a8a7875402a32a4a90e907cd9764d626d024ec3e549dc5d14cd83a77d,serialized_payload,,,GO-PDADMAC4-1p0_400mvs-cycle-1;GO-PDADMAC4-1p0_400mvs-cycle-2;GO-PDADMAC4-1p0_400mvs-cycle-3;GO-PDADMAC4-1p0_400mvs-cycle-4;GO-PDADMAC4-1p0_400mvs-cycle-5;GO-PDADMAC4-1p0_400mvs-cycle-6,GO-PDADMAC4-1p0_400mvs-cycle-7;GO-PDADMAC4-1p0_400mvs-cycle-8,GO-PDADMAC4-1p0_400mvs-cycle-9;GO-PDADMAC4-1p0_400mvs-cycle-10;GO-PDADMAC4-1p0_400mvs-cycle-11,final,cuda
GO-PEI3,mlp,0,0.9993912767218541,0.01013022850762684,1185,checkpoints/measured_baseline_GO-PEI3_mlp_seed0.pt,417050fa8681ec995b3385a59d1dff3620fc3204a353e97734a846e3cd012114,45d854ac7c496744c7f54f152921d5aba1a9a60117d65aa8133f3f30aab1d1f8,StaticMLP,"{""class"": ""StaticMLP"", ""linear_widths"": [2, 32, 32, 1], ""parameters"": 1185}",1185,GO-PEI3-1p0_400mvs-cycle-1;GO-PEI3-1p0_400mvs-cycle-2;GO-PEI3-1p0_400mvs-cycle-3;GO-PEI3-1p0_400mvs-cycle-4;GO-PEI3-1p0_400mvs-cycle-5;GO-PEI3-1p0_400mvs-cycle-6,GO-PEI3-1p0_400mvs-cycle-7;GO-PEI3-1p0_400mvs-cycle-8,GO-PEI3-1p0_400mvs-cycle-9;GO-PEI3-1p0_400mvs-cycle-10;GO-PEI3-1p0_400mvs-cycle-11,final,cuda
GO-PEI3,pikan,0,0.9991810972404069,0.011636359864760975,96,checkpoints/measured_baseline_GO-PEI3_pikan_seed0.pt,235da4e48937b806dc907e98374beedf22e96c640a0c3a4a66391d4c502ac9ec,1a95bb079f6fed279f922ce986d08d5885736fabb0745324e048986ea94b2726,PIKAN,"{""chebyshev_degree"": 3, ""chebyshev_widths"": [2, 8, 1], ""class"": ""PIKAN"", ""parameters"": 96}",96,GO-PEI3-1p0_400mvs-cycle-1;GO-PEI3-1p0_400mvs-cycle-2;GO-PEI3-1p0_400mvs-cycle-3;GO-PEI3-1p0_400mvs-cycle-4;GO-PEI3-1p0_400mvs-cycle-5;GO-PEI3-1p0_400mvs-cycle-6,GO-PEI3-1p0_400mvs-cycle-7;GO-PEI3-1p0_400mvs-cycle-8,GO-PEI3-1p0_400mvs-cycle-9;GO-PEI3-1p0_400mvs-cycle-10;GO-PEI3-1p0_400mvs-cycle-11,final,cuda
GO-PEI3,sindy,0,0.9999483297306421,0.00321973757166611,10,checkpoints/measured_baseline_GO-PEI3_sindy_seed0.pt,89ca20a440f23264fabd412d4f0e64e0ec7a0a02b34b254fcc1a2bcb35a305aa,89ca20a440f23264fabd412d4f0e64e0ec7a0a02b34b254fcc1a2bcb35a305aa,serialized_payload,,,GO-PEI3-1p0_400mvs-cycle-1;GO-PEI3-1p0_400mvs-cycle-2;GO-PEI3-1p0_400mvs-cycle-3;GO-PEI3-1p0_400mvs-cycle-4;GO-PEI3-1p0_400mvs-cycle-5;GO-PEI3-1p0_400mvs-cycle-6,GO-PEI3-1p0_400mvs-cycle-7;GO-PEI3-1p0_400mvs-cycle-8,GO-PEI3-1p0_400mvs-cycle-9;GO-PEI3-1p0_400mvs-cycle-10;GO-PEI3-1p0_400mvs-cycle-11,final,cuda
GO-PEI3,mlp,1,0.999080040891943,0.012498596528563683,1185,checkpoints/measured_baseline_GO-PEI3_mlp_seed1.pt,130dda93ccecb882b3245f4a3cb5f504074e78a4909457dd93f6e4d5756b5bec,43c7713d4f0fd0b18268769d32331469f33fda2f4e2e1d7c4b87dce890ea013a,StaticMLP,"{""class"": ""StaticMLP"", ""linear_widths"": [2, 32, 32, 1], ""parameters"": 1185}",1185,GO-PEI3-1p0_400mvs-cycle-1;GO-PEI3-1p0_400mvs-cycle-2;GO-PEI3-1p0_400mvs-cycle-3;GO-PEI3-1p0_400mvs-cycle-4;GO-PEI3-1p0_400mvs-cycle-5;GO-PEI3-1p0_400mvs-cycle-6,GO-PEI3-1p0_400mvs-cycle-7;GO-PEI3-1p0_400mvs-cycle-8,GO-PEI3-1p0_400mvs-cycle-9;GO-PEI3-1p0_400mvs-cycle-10;GO-PEI3-1p0_400mvs-cycle-11,final,cuda
GO-PEI3,pikan,1,0.9990284054570799,0.012625111999231192,96,checkpoints/measured_baseline_GO-PEI3_pikan_seed1.pt,7307d2e259e5e6866acbaa887744b1da9d0110affa1dc43c8d095cd5e97de560,96f9ac49f93e044a9f6eb20992d0067fb7cefb9e20660a07d825bea0277d8a86,PIKAN,"{""chebyshev_degree"": 3, ""chebyshev_widths"": [2, 8, 1], ""class"": ""PIKAN"", ""parameters"": 96}",96,GO-PEI3-1p0_400mvs-cycle-1;GO-PEI3-1p0_400mvs-cycle-2;GO-PEI3-1p0_400mvs-cycle-3;GO-PEI3-1p0_400mvs-cycle-4;GO-PEI3-1p0_400mvs-cycle-5;GO-PEI3-1p0_400mvs-cycle-6,GO-PEI3-1p0_400mvs-cycle-7;GO-PEI3-1p0_400mvs-cycle-8,GO-PEI3-1p0_400mvs-cycle-9;GO-PEI3-1p0_400mvs-cycle-10;GO-PEI3-1p0_400mvs-cycle-11,final,cuda
GO-PEI3,sindy,1,0.9999483297306421,0.00321973757166611,10,checkpoints/measured_baseline_GO-PEI3_sindy_seed1.pt,965e5834999ec527deaeb5806d1d657023ae7d6e3d7fe016d2b92e6259a0a44a,965e5834999ec527deaeb5806d1d657023ae7d6e3d7fe016d2b92e6259a0a44a,serialized_payload,,,GO-PEI3-1p0_400mvs-cycle-1;GO-PEI3-1p0_400mvs-cycle-2;GO-PEI3-1p0_400mvs-cycle-3;GO-PEI3-1p0_400mvs-cycle-4;GO-PEI3-1p0_400mvs-cycle-5;GO-PEI3-1p0_400mvs-cycle-6,GO-PEI3-1p0_400mvs-cycle-7;GO-PEI3-1p0_400mvs-cycle-8,GO-PEI3-1p0_400mvs-cycle-9;GO-PEI3-1p0_400mvs-cycle-10;GO-PEI3-1p0_400mvs-cycle-11,final,cuda
GO-PEI3,mlp,2,0.9991657298781318,0.011881252616844062,1185,checkpoints/measured_baseline_GO-PEI3_mlp_seed2.pt,dc45a54f8028b70b678879ece73edbdc3b8c161803bcf4aa251cd22c8c07acc2,d228dff612e89c1edee966e307dd78825856a7785aa2ae3deec10f59b96c08ea,StaticMLP,"{""class"": ""StaticMLP"", ""linear_widths"": [2, 32, 32, 1], ""parameters"": 1185}",1185,GO-PEI3-1p0_400mvs-cycle-1;GO-PEI3-1p0_400mvs-cycle-2;GO-PEI3-1p0_400mvs-cycle-3;GO-PEI3-1p0_400mvs-cycle-4;GO-PEI3-1p0_400mvs-cycle-5;GO-PEI3-1p0_400mvs-cycle-6,GO-PEI3-1p0_400mvs-cycle-7;GO-PEI3-1p0_400mvs-cycle-8,GO-PEI3-1p0_400mvs-cycle-9;GO-PEI3-1p0_400mvs-cycle-10;GO-PEI3-1p0_400mvs-cycle-11,final,cuda
GO-PEI3,pikan,2,0.9982352433883765,0.016969200095927516,96,checkpoints/measured_baseline_GO-PEI3_pikan_seed2.pt,7450871665260fa53886d089eae53cf8bd8683b80294eba5754a5c83b397c325,b8628e1d35624fa0d3a6cf622717dbe4dbd49c5d73d64a109e47b45040f9a9e4,PIKAN,"{""chebyshev_degree"": 3, ""chebyshev_widths"": [2, 8, 1], ""class"": ""PIKAN"", ""parameters"": 96}",96,GO-PEI3-1p0_400mvs-cycle-1;GO-PEI3-1p0_400mvs-cycle-2;GO-PEI3-1p0_400mvs-cycle-3;GO-PEI3-1p0_400mvs-cycle-4;GO-PEI3-1p0_400mvs-cycle-5;GO-PEI3-1p0_400mvs-cycle-6,GO-PEI3-1p0_400mvs-cycle-7;GO-PEI3-1p0_400mvs-cycle-8,GO-PEI3-1p0_400mvs-cycle-9;GO-PEI3-1p0_400mvs-cycle-10;GO-PEI3-1p0_400mvs-cycle-11,final,cuda
GO-PEI3,sindy,2,0.9999483297306421,0.00321973757166611,10,checkpoints/measured_baseline_GO-PEI3_sindy_seed2.pt,a599fcef6f37a4d3f658b9f6cdbcadb8213457803949845b6fee3d7f43475412,a599fcef6f37a4d3f658b9f6cdbcadb8213457803949845b6fee3d7f43475412,serialized_payload,,,GO-PEI3-1p0_400mvs-cycle-1;GO-PEI3-1p0_400mvs-cycle-2;GO-PEI3-1p0_400mvs-cycle-3;GO-PEI3-1p0_400mvs-cycle-4;GO-PEI3-1p0_400mvs-cycle-5;GO-PEI3-1p0_400mvs-cycle-6,GO-PEI3-1p0_400mvs-cycle-7;GO-PEI3-1p0_400mvs-cycle-8,GO-PEI3-1p0_400mvs-cycle-9;GO-PEI3-1p0_400mvs-cycle-10;GO-PEI3-1p0_400mvs-cycle-11,final,cuda
GO-PEI4,mlp,0,0.9945590332458638,0.031897493798263156,1185,checkpoints/measured_baseline_GO-PEI4_mlp_seed0.pt,705bf8e5e3b33228f568db494d94e3af610d1dd1b0f4b279e98cec0bf30fd89d,77d8e85530f567c9f2b54e05fb30a65e0677966073ca838ebf978e886b84ca94,StaticMLP,"{""class"": ""StaticMLP"", ""linear_widths"": [2, 32, 32, 1], ""parameters"": 1185}",1185,GO-PEI4-1p0_400mvs-cycle-1;GO-PEI4-1p0_400mvs-cycle-2;GO-PEI4-1p0_400mvs-cycle-3;GO-PEI4-1p0_400mvs-cycle-4;GO-PEI4-1p0_400mvs-cycle-5;GO-PEI4-1p0_400mvs-cycle-6,GO-PEI4-1p0_400mvs-cycle-7;GO-PEI4-1p0_400mvs-cycle-8,GO-PEI4-1p0_400mvs-cycle-9;GO-PEI4-1p0_400mvs-cycle-10;GO-PEI4-1p0_400mvs-cycle-11,final,cuda
GO-PEI4,pikan,0,0.9939175569874145,0.034754398930513304,96,checkpoints/measured_baseline_GO-PEI4_pikan_seed0.pt,906fa23414dfdf53fa184ad01165bb7d73e27e5dc7960f8805d52125c59c89be,936e494995fb36902df78b4476e5f56a3950efa6a9f8f1adb6d2dab3731223f3,PIKAN,"{""chebyshev_degree"": 3, ""chebyshev_widths"": [2, 8, 1], ""class"": ""PIKAN"", ""parameters"": 96}",96,GO-PEI4-1p0_400mvs-cycle-1;GO-PEI4-1p0_400mvs-cycle-2;GO-PEI4-1p0_400mvs-cycle-3;GO-PEI4-1p0_400mvs-cycle-4;GO-PEI4-1p0_400mvs-cycle-5;GO-PEI4-1p0_400mvs-cycle-6,GO-PEI4-1p0_400mvs-cycle-7;GO-PEI4-1p0_400mvs-cycle-8,GO-PEI4-1p0_400mvs-cycle-9;GO-PEI4-1p0_400mvs-cycle-10;GO-PEI4-1p0_400mvs-cycle-11,final,cuda
GO-PEI4,sindy,0,0.9379569528670135,0.10530259798745864,10,checkpoints/measured_baseline_GO-PEI4_sindy_seed0.pt,a1fa2c69af9c3ee4a7983922730445fb89727e4ff2399adbb0135f01d420ce09,a1fa2c69af9c3ee4a7983922730445fb89727e4ff2399adbb0135f01d420ce09,serialized_payload,,,GO-PEI4-1p0_400mvs-cycle-1;GO-PEI4-1p0_400mvs-cycle-2;GO-PEI4-1p0_400mvs-cycle-3;GO-PEI4-1p0_400mvs-cycle-4;GO-PEI4-1p0_400mvs-cycle-5;GO-PEI4-1p0_400mvs-cycle-6,GO-PEI4-1p0_400mvs-cycle-7;GO-PEI4-1p0_400mvs-cycle-8,GO-PEI4-1p0_400mvs-cycle-9;GO-PEI4-1p0_400mvs-cycle-10;GO-PEI4-1p0_400mvs-cycle-11,final,cuda
GO-PEI4,mlp,1,0.9946116731956958,0.032138798080840254,1185,checkpoints/measured_baseline_GO-PEI4_mlp_seed1.pt,73c771765065643e01b3d4e776155a8462bd673132093dfc865ee06f0fbe9802,9a9deb2e57c377caf0c14665a2297706e0c8d0ecea12589ed66d44af13105e7d,StaticMLP,"{""class"": ""StaticMLP"", ""linear_widths"": [2, 32, 32, 1], ""parameters"": 1185}",1185,GO-PEI4-1p0_400mvs-cycle-1;GO-PEI4-1p0_400mvs-cycle-2;GO-PEI4-1p0_400mvs-cycle-3;GO-PEI4-1p0_400mvs-cycle-4;GO-PEI4-1p0_400mvs-cycle-5;GO-PEI4-1p0_400mvs-cycle-6,GO-PEI4-1p0_400mvs-cycle-7;GO-PEI4-1p0_400mvs-cycle-8,GO-PEI4-1p0_400mvs-cycle-9;GO-PEI4-1p0_400mvs-cycle-10;GO-PEI4-1p0_400mvs-cycle-11,final,cuda
GO-PEI4,pikan,1,0.9951472052865088,0.030207040369392747,96,checkpoints/measured_baseline_GO-PEI4_pikan_seed1.pt,6db29a44b16fa913f9addddd98b834b494d50457f947faec06501c65f38e077d,bfab9ad239a5dce05e7c8de538f018fbe2d8a3559b7ab3a11f14b02d753c2b15,PIKAN,"{""chebyshev_degree"": 3, ""chebyshev_widths"": [2, 8, 1], ""class"": ""PIKAN"", ""parameters"": 96}",96,GO-PEI4-1p0_400mvs-cycle-1;GO-PEI4-1p0_400mvs-cycle-2;GO-PEI4-1p0_400mvs-cycle-3;GO-PEI4-1p0_400mvs-cycle-4;GO-PEI4-1p0_400mvs-cycle-5;GO-PEI4-1p0_400mvs-cycle-6,GO-PEI4-1p0_400mvs-cycle-7;GO-PEI4-1p0_400mvs-cycle-8,GO-PEI4-1p0_400mvs-cycle-9;GO-PEI4-1p0_400mvs-cycle-10;GO-PEI4-1p0_400mvs-cycle-11,final,cuda
GO-PEI4,sindy,1,0.9379569528670135,0.10530259798745864,10,checkpoints/measured_baseline_GO-PEI4_sindy_seed1.pt,84cfeb582f2168e1ad871565fa029ca893d80d157e676efb07d5d534d40f040e,84cfeb582f2168e1ad871565fa029ca893d80d157e676efb07d5d534d40f040e,serialized_payload,,,GO-PEI4-1p0_400mvs-cycle-1;GO-PEI4-1p0_400mvs-cycle-2;GO-PEI4-1p0_400mvs-cycle-3;GO-PEI4-1p0_400mvs-cycle-4;GO-PEI4-1p0_400mvs-cycle-5;GO-PEI4-1p0_400mvs-cycle-6,GO-PEI4-1p0_400mvs-cycle-7;GO-PEI4-1p0_400mvs-cycle-8,GO-PEI4-1p0_400mvs-cycle-9;GO-PEI4-1p0_400mvs-cycle-10;GO-PEI4-1p0_400mvs-cycle-11,final,cuda
GO-PEI4,mlp,2,0.9940741016348107,0.033267311190301276,1185,checkpoints/measured_baseline_GO-PEI4_mlp_seed2.pt,3db0e073f693b3ec1ab2139f1f5bae89253c8f312db388e1c4da43cbf1fe6cc5,f86897fec122bbbef049d7a4ab0eb483ca7880c80ce9a86b91e325334a8f9839,StaticMLP,"{""class"": ""StaticMLP"", ""linear_widths"": [2, 32, 32, 1], ""parameters"": 1185}",1185,GO-PEI4-1p0_400mvs-cycle-1;GO-PEI4-1p0_400mvs-cycle-2;GO-PEI4-1p0_400mvs-cycle-3;GO-PEI4-1p0_400mvs-cycle-4;GO-PEI4-1p0_400mvs-cycle-5;GO-PEI4-1p0_400mvs-cycle-6,GO-PEI4-1p0_400mvs-cycle-7;GO-PEI4-1p0_400mvs-cycle-8,GO-PEI4-1p0_400mvs-cycle-9;GO-PEI4-1p0_400mvs-cycle-10;GO-PEI4-1p0_400mvs-cycle-11,final,cuda
GO-PEI4,pikan,2,0.9952112371499341,0.03017334864853334,96,checkpoints/measured_baseline_GO-PEI4_pikan_seed2.pt,9313446ad47347618a8138dad528269cebf4895604cfe758939e9a956af1bd2d,affca7818522aa925c4937894b9c2bdf1778776f55191d56d4b75adb53e05ea3,PIKAN,"{""chebyshev_degree"": 3, ""chebyshev_widths"": [2, 8, 1], ""class"": ""PIKAN"", ""parameters"": 96}",96,GO-PEI4-1p0_400mvs-cycle-1;GO-PEI4-1p0_400mvs-cycle-2;GO-PEI4-1p0_400mvs-cycle-3;GO-PEI4-1p0_400mvs-cycle-4;GO-PEI4-1p0_400mvs-cycle-5;GO-PEI4-1p0_400mvs-cycle-6,GO-PEI4-1p0_400mvs-cycle-7;GO-PEI4-1p0_400mvs-cycle-8,GO-PEI4-1p0_400mvs-cycle-9;GO-PEI4-1p0_400mvs-cycle-10;GO-PEI4-1p0_400mvs-cycle-11,final,cuda
GO-PEI4,sindy,2,0.9379569528670135,0.10530259798745864,10,checkpoints/measured_baseline_GO-PEI4_sindy_seed2.pt,b8a94c96ab0410afbf77262f9fb558bbc81743ef529f7d581f5bfbf68b31fa27,b8a94c96ab0410afbf77262f9fb558bbc81743ef529f7d581f5bfbf68b31fa27,serialized_payload,,,GO-PEI4-1p0_400mvs-cycle-1;GO-PEI4-1p0_400mvs-cycle-2;GO-PEI4-1p0_400mvs-cycle-3;GO-PEI4-1p0_400mvs-cycle-4;GO-PEI4-1p0_400mvs-cycle-5;GO-PEI4-1p0_400mvs-cycle-6,GO-PEI4-1p0_400mvs-cycle-7;GO-PEI4-1p0_400mvs-cycle-8,GO-PEI4-1p0_400mvs-cycle-9;GO-PEI4-1p0_400mvs-cycle-10;GO-PEI4-1p0_400mvs-cycle-11,final,cuda
