benchmark,configuration,component,latency_mean_s,latency_std_s,percentage,training_pipeline_runtime_s,device,sequence_length,repeats,profile,checkpoint_path,checkpoint_hash,checkpoint_file_sha256,model_class,model_architecture,model_parameter_count,overhead_vs_no_bic,latency_per_timestep_s,teacher_epochs,student_epochs,bic_start_epoch,validation_mse,test_mse,soft_effective_dof,train_source_ids,validation_source_ids,test_source_ids,execution_device,seed,cluster_count
component_breakdown,bic_on,forward,0.00041288333013653753,4.646118528184173e-05,16.700012838385458,574.9788786999416,cuda,251,30,final,checkpoints/runtime_pipeline_seed0.pt,4637b2a3182a39523acab3a6e97919014760b7a1fc6530ad1e417833b10a3516,e091e1a66d2924813a9755d6d9ec9ab0cbd0727f412c8c4dda80cce90ace3239,GloballyClusteredModel,"{""class"": ""RecurrentStudent"", ""hidden_size"": 8, ""input_size"": 1, ""materialized_cluster_count"": 16, ""num_layers"": 1, ""output_size"": 1, ""parameters"": 289}",289,,,,,,,,,driver-42-tau0.05-heat800-artifactnone;driver-123-tau0.05-heat800-artifactnone;driver-456-tau0.05-heat800-artifactnone;driver-7-tau0.05-heat800-artifactnone;driver-99-tau0.05-heat800-artifactnone,driver-999-tau0.05-heat800-artifactnone,driver-777-tau0.05-heat800-artifactnone;driver-888-tau0.05-heat800-artifactnone;driver-555-tau0.05-heat800-artifactnone,cuda,0,16
component_breakdown,bic_on,mse_loss,5.556334120531877e-05,1.7159320156522014e-05,2.2473867161591685,574.9788786999416,cuda,251,30,final,checkpoints/runtime_pipeline_seed0.pt,4637b2a3182a39523acab3a6e97919014760b7a1fc6530ad1e417833b10a3516,e091e1a66d2924813a9755d6d9ec9ab0cbd0727f412c8c4dda80cce90ace3239,GloballyClusteredModel,"{""class"": ""RecurrentStudent"", ""hidden_size"": 8, ""input_size"": 1, ""materialized_cluster_count"": 16, ""num_layers"": 1, ""output_size"": 1, ""parameters"": 289}",289,,,,,,,,,driver-42-tau0.05-heat800-artifactnone;driver-123-tau0.05-heat800-artifactnone;driver-456-tau0.05-heat800-artifactnone;driver-7-tau0.05-heat800-artifactnone;driver-99-tau0.05-heat800-artifactnone,driver-999-tau0.05-heat800-artifactnone,driver-777-tau0.05-heat800-artifactnone;driver-888-tau0.05-heat800-artifactnone;driver-555-tau0.05-heat800-artifactnone,cuda,0,16
component_breakdown,bic_on,bic_forward,0.0003264366726701458,0.0001071693779103129,13.203479594849458,574.9788786999416,cuda,251,30,final,checkpoints/runtime_pipeline_seed0.pt,4637b2a3182a39523acab3a6e97919014760b7a1fc6530ad1e417833b10a3516,e091e1a66d2924813a9755d6d9ec9ab0cbd0727f412c8c4dda80cce90ace3239,GloballyClusteredModel,"{""class"": ""RecurrentStudent"", ""hidden_size"": 8, ""input_size"": 1, ""materialized_cluster_count"": 16, ""num_layers"": 1, ""output_size"": 1, ""parameters"": 289}",289,,,,,,,,,driver-42-tau0.05-heat800-artifactnone;driver-123-tau0.05-heat800-artifactnone;driver-456-tau0.05-heat800-artifactnone;driver-7-tau0.05-heat800-artifactnone;driver-99-tau0.05-heat800-artifactnone,driver-999-tau0.05-heat800-artifactnone,driver-777-tau0.05-heat800-artifactnone;driver-888-tau0.05-heat800-artifactnone;driver-555-tau0.05-heat800-artifactnone,cuda,0,16
component_breakdown,bic_on,backward,0.0014220933429896832,0.00030389991736404876,57.51982546124249,574.9788786999416,cuda,251,30,final,checkpoints/runtime_pipeline_seed0.pt,4637b2a3182a39523acab3a6e97919014760b7a1fc6530ad1e417833b10a3516,e091e1a66d2924813a9755d6d9ec9ab0cbd0727f412c8c4dda80cce90ace3239,GloballyClusteredModel,"{""class"": ""RecurrentStudent"", ""hidden_size"": 8, ""input_size"": 1, ""materialized_cluster_count"": 16, ""num_layers"": 1, ""output_size"": 1, ""parameters"": 289}",289,,,,,,,,,driver-42-tau0.05-heat800-artifactnone;driver-123-tau0.05-heat800-artifactnone;driver-456-tau0.05-heat800-artifactnone;driver-7-tau0.05-heat800-artifactnone;driver-99-tau0.05-heat800-artifactnone,driver-999-tau0.05-heat800-artifactnone,driver-777-tau0.05-heat800-artifactnone;driver-888-tau0.05-heat800-artifactnone;driver-555-tau0.05-heat800-artifactnone,cuda,0,16
component_breakdown,bic_on,optimizer_step,0.00025537668261677027,6.52244157081239e-05,10.329295389363418,574.9788786999416,cuda,251,30,final,checkpoints/runtime_pipeline_seed0.pt,4637b2a3182a39523acab3a6e97919014760b7a1fc6530ad1e417833b10a3516,e091e1a66d2924813a9755d6d9ec9ab0cbd0727f412c8c4dda80cce90ace3239,GloballyClusteredModel,"{""class"": ""RecurrentStudent"", ""hidden_size"": 8, ""input_size"": 1, ""materialized_cluster_count"": 16, ""num_layers"": 1, ""output_size"": 1, ""parameters"": 289}",289,,,,,,,,,driver-42-tau0.05-heat800-artifactnone;driver-123-tau0.05-heat800-artifactnone;driver-456-tau0.05-heat800-artifactnone;driver-7-tau0.05-heat800-artifactnone;driver-99-tau0.05-heat800-artifactnone,driver-999-tau0.05-heat800-artifactnone,driver-777-tau0.05-heat800-artifactnone;driver-888-tau0.05-heat800-artifactnone;driver-555-tau0.05-heat800-artifactnone,cuda,0,16
training_step,no_bic,complete_step,0.0012048833149795731,5.808600748010112e-05,,,cuda,251,30,final,checkpoints/runtime_pipeline_seed0.pt,4637b2a3182a39523acab3a6e97919014760b7a1fc6530ad1e417833b10a3516,e091e1a66d2924813a9755d6d9ec9ab0cbd0727f412c8c4dda80cce90ace3239,GloballyClusteredModel,"{""class"": ""RecurrentStudent"", ""hidden_size"": 8, ""input_size"": 1, ""materialized_cluster_count"": 16, ""num_layers"": 1, ""output_size"": 1, ""parameters"": 289}",289,1.0,,,,,,,,driver-42-tau0.05-heat800-artifactnone;driver-123-tau0.05-heat800-artifactnone;driver-456-tau0.05-heat800-artifactnone;driver-7-tau0.05-heat800-artifactnone;driver-99-tau0.05-heat800-artifactnone,driver-999-tau0.05-heat800-artifactnone,driver-777-tau0.05-heat800-artifactnone;driver-888-tau0.05-heat800-artifactnone;driver-555-tau0.05-heat800-artifactnone,cuda,0,16
training_step,bic_on,complete_step,0.0022585066733881833,0.00030737829211625634,,,cuda,251,30,final,checkpoints/runtime_pipeline_seed0.pt,4637b2a3182a39523acab3a6e97919014760b7a1fc6530ad1e417833b10a3516,e091e1a66d2924813a9755d6d9ec9ab0cbd0727f412c8c4dda80cce90ace3239,GloballyClusteredModel,"{""class"": ""RecurrentStudent"", ""hidden_size"": 8, ""input_size"": 1, ""materialized_cluster_count"": 16, ""num_layers"": 1, ""output_size"": 1, ""parameters"": 289}",289,1.8744609086287103,,,,,,,,driver-42-tau0.05-heat800-artifactnone;driver-123-tau0.05-heat800-artifactnone;driver-456-tau0.05-heat800-artifactnone;driver-7-tau0.05-heat800-artifactnone;driver-99-tau0.05-heat800-artifactnone,driver-999-tau0.05-heat800-artifactnone,driver-777-tau0.05-heat800-artifactnone;driver-888-tau0.05-heat800-artifactnone;driver-555-tau0.05-heat800-artifactnone,cuda,0,16
inference,deployed_student,complete_sequence,0.0007465300150215626,5.019354429391477e-05,,,cuda,251,30,final,checkpoints/runtime_pipeline_seed0.pt,4637b2a3182a39523acab3a6e97919014760b7a1fc6530ad1e417833b10a3516,e091e1a66d2924813a9755d6d9ec9ab0cbd0727f412c8c4dda80cce90ace3239,GloballyClusteredModel,"{""class"": ""RecurrentStudent"", ""hidden_size"": 8, ""input_size"": 1, ""materialized_cluster_count"": 16, ""num_layers"": 1, ""output_size"": 1, ""parameters"": 289}",289,,2.974223167416584e-06,,,,,,,driver-42-tau0.05-heat800-artifactnone;driver-123-tau0.05-heat800-artifactnone;driver-456-tau0.05-heat800-artifactnone;driver-7-tau0.05-heat800-artifactnone;driver-99-tau0.05-heat800-artifactnone,driver-999-tau0.05-heat800-artifactnone,driver-777-tau0.05-heat800-artifactnone;driver-888-tau0.05-heat800-artifactnone;driver-555-tau0.05-heat800-artifactnone,cuda,0,16
chronological_sequence_scaling,recurrent_forward,forward,0.0014741533358270922,2.8876010992473268e-05,,,cuda,2000,30,final,checkpoints/runtime_pipeline_seed0.pt,4637b2a3182a39523acab3a6e97919014760b7a1fc6530ad1e417833b10a3516,e091e1a66d2924813a9755d6d9ec9ab0cbd0727f412c8c4dda80cce90ace3239,GloballyClusteredModel,"{""class"": ""RecurrentStudent"", ""hidden_size"": 8, ""input_size"": 1, ""materialized_cluster_count"": 16, ""num_layers"": 1, ""output_size"": 1, ""parameters"": 289}",289,,7.370766679135461e-07,,,,,,,driver-42-tau0.05-heat800-artifactnone;driver-123-tau0.05-heat800-artifactnone;driver-456-tau0.05-heat800-artifactnone;driver-7-tau0.05-heat800-artifactnone;driver-99-tau0.05-heat800-artifactnone,driver-999-tau0.05-heat800-artifactnone,driver-777-tau0.05-heat800-artifactnone;driver-888-tau0.05-heat800-artifactnone;driver-555-tau0.05-heat800-artifactnone,cuda,0,16
chronological_sequence_scaling,recurrent_forward,forward,0.003383203347524007,0.00014370623398645696,,,cuda,5000,30,final,checkpoints/runtime_pipeline_seed0.pt,4637b2a3182a39523acab3a6e97919014760b7a1fc6530ad1e417833b10a3516,e091e1a66d2924813a9755d6d9ec9ab0cbd0727f412c8c4dda80cce90ace3239,GloballyClusteredModel,"{""class"": ""RecurrentStudent"", ""hidden_size"": 8, ""input_size"": 1, ""materialized_cluster_count"": 16, ""num_layers"": 1, ""output_size"": 1, ""parameters"": 289}",289,,6.766406695048014e-07,,,,,,,driver-42-tau0.05-heat800-artifactnone;driver-123-tau0.05-heat800-artifactnone;driver-456-tau0.05-heat800-artifactnone;driver-7-tau0.05-heat800-artifactnone;driver-99-tau0.05-heat800-artifactnone,driver-999-tau0.05-heat800-artifactnone,driver-777-tau0.05-heat800-artifactnone;driver-888-tau0.05-heat800-artifactnone;driver-555-tau0.05-heat800-artifactnone,cuda,0,16
chronological_sequence_scaling,recurrent_forward,forward,0.003702066675759852,0.0022058623206124357,,,cuda,10000,30,final,checkpoints/runtime_pipeline_seed0.pt,4637b2a3182a39523acab3a6e97919014760b7a1fc6530ad1e417833b10a3516,e091e1a66d2924813a9755d6d9ec9ab0cbd0727f412c8c4dda80cce90ace3239,GloballyClusteredModel,"{""class"": ""RecurrentStudent"", ""hidden_size"": 8, ""input_size"": 1, ""materialized_cluster_count"": 16, ""num_layers"": 1, ""output_size"": 1, ""parameters"": 289}",289,,3.702066675759852e-07,,,,,,,driver-42-tau0.05-heat800-artifactnone;driver-123-tau0.05-heat800-artifactnone;driver-456-tau0.05-heat800-artifactnone;driver-7-tau0.05-heat800-artifactnone;driver-99-tau0.05-heat800-artifactnone,driver-999-tau0.05-heat800-artifactnone,driver-777-tau0.05-heat800-artifactnone;driver-888-tau0.05-heat800-artifactnone;driver-555-tau0.05-heat800-artifactnone,cuda,0,16
chronological_sequence_scaling,recurrent_forward,forward,0.005713113343032697,0.0001557044761406647,,,cuda,20000,30,final,checkpoints/runtime_pipeline_seed0.pt,4637b2a3182a39523acab3a6e97919014760b7a1fc6530ad1e417833b10a3516,e091e1a66d2924813a9755d6d9ec9ab0cbd0727f412c8c4dda80cce90ace3239,GloballyClusteredModel,"{""class"": ""RecurrentStudent"", ""hidden_size"": 8, ""input_size"": 1, ""materialized_cluster_count"": 16, ""num_layers"": 1, ""output_size"": 1, ""parameters"": 289}",289,,2.8565566715163487e-07,,,,,,,driver-42-tau0.05-heat800-artifactnone;driver-123-tau0.05-heat800-artifactnone;driver-456-tau0.05-heat800-artifactnone;driver-7-tau0.05-heat800-artifactnone;driver-99-tau0.05-heat800-artifactnone,driver-999-tau0.05-heat800-artifactnone,driver-777-tau0.05-heat800-artifactnone;driver-888-tau0.05-heat800-artifactnone;driver-555-tau0.05-heat800-artifactnone,cuda,0,16
bic_schedule_validation,no_bic,complete_training,163.19257859978825,,,163.19257859978825,cuda,251,1,final,checkpoints/runtime_schedule_no_bic_seed0.pt,2a978483fc9f17f43654ae343e674cab4a370e4b290aad330b9853e55cf5534d,eb16c0f106d272e6f8104fce6f154d68866da217213b70269c0c30d28d09157a,RecurrentStudent,"{""class"": ""RecurrentStudent"", ""hidden_size"": 8, ""input_size"": 1, ""num_layers"": 1, ""output_size"": 1, ""parameters"": 273}",273,,,100,100,,5.118205401052042,2.88291576532412,3.8328187465667725,driver-42-tau0.05-heat800-artifactnone;driver-123-tau0.05-heat800-artifactnone;driver-456-tau0.05-heat800-artifactnone;driver-7-tau0.05-heat800-artifactnone;driver-99-tau0.05-heat800-artifactnone,driver-999-tau0.05-heat800-artifactnone,driver-777-tau0.05-heat800-artifactnone;driver-888-tau0.05-heat800-artifactnone;driver-555-tau0.05-heat800-artifactnone,cuda,0,
bic_schedule_validation,full_bic,complete_training,159.94572740001604,,,159.94572740001604,cuda,251,1,final,checkpoints/runtime_schedule_full_bic_seed0.pt,4df99399f5394b1c43ee705242cb5f7d0be46777a303d8e8ae189e47f44099a8,9a7cd80d468bc703acf1994ec06312ddee71470a894f82e17fdc34eac233c685,RecurrentStudent,"{""class"": ""RecurrentStudent"", ""hidden_size"": 8, ""input_size"": 1, ""num_layers"": 1, ""output_size"": 1, ""parameters"": 273}",273,,,100,100,0,5.102549275554034,2.871422513072709,3.832350730895996,driver-42-tau0.05-heat800-artifactnone;driver-123-tau0.05-heat800-artifactnone;driver-456-tau0.05-heat800-artifactnone;driver-7-tau0.05-heat800-artifactnone;driver-99-tau0.05-heat800-artifactnone,driver-999-tau0.05-heat800-artifactnone,driver-777-tau0.05-heat800-artifactnone;driver-888-tau0.05-heat800-artifactnone;driver-555-tau0.05-heat800-artifactnone,cuda,0,
bic_schedule_validation,late_bic,complete_training,168.9960407000035,,,168.9960407000035,cuda,251,1,final,checkpoints/runtime_schedule_late_bic_seed0.pt,c07b4bcf57c1c1eb02871c62ec366e077cbfbe2405d27a078874870897420626,3c9ae095ced3fe2776be779b82ea2fd57f57c94b7a8317313bdbc9286c482c51,RecurrentStudent,"{""class"": ""RecurrentStudent"", ""hidden_size"": 8, ""input_size"": 1, ""num_layers"": 1, ""output_size"": 1, ""parameters"": 273}",273,,,100,100,70,5.106959855888944,2.874607121643634,3.8323769569396973,driver-42-tau0.05-heat800-artifactnone;driver-123-tau0.05-heat800-artifactnone;driver-456-tau0.05-heat800-artifactnone;driver-7-tau0.05-heat800-artifactnone;driver-99-tau0.05-heat800-artifactnone,driver-999-tau0.05-heat800-artifactnone,driver-777-tau0.05-heat800-artifactnone;driver-888-tau0.05-heat800-artifactnone;driver-555-tau0.05-heat800-artifactnone,cuda,0,
