experiment,metric,count,mean,sample_std,minimum,maximum,profile,execution_device
architecture_search,seed,180,2.0,1.4181583777411964,0.0,4.0,final,cuda
architecture_search,teacher_hidden,180,60.0,43.014873353398805,16.0,128.0,final,cuda
architecture_search,teacher_blocks,180,2.0,0.8187741211424027,1.0,3.0,final,cuda
architecture_search,teacher_memory_size,180,18.666666666666668,10.005585032549341,8.0,32.0,final,cuda
architecture_search,validation_mse,180,0.0366033240795135,0.029088171238747573,0.0167993154525756,0.1994960021972656,final,cuda
architecture_search,selected_test_mse,5,0.02046426658630366,0.0015893085737589358,0.018673551082611,0.0218238296508789,final,cuda
architecture_search,model_parameter_count,5,67444.2,132747.5530893131,3305.0,304833.0,final,cuda
artifact_stress,alpha_rec,24,0.07506716657382592,0.015936102438212855,0.0157404659679353,0.0977368504550877,final,cuda
artifact_stress,r2,24,0.9412176410250535,0.07598263389684616,0.6263777019710758,0.9916516379526396,final,cuda
artifact_stress,alpha_error,24,0.13330515907522691,0.15844739270754243,0.0195784938881869,0.8032441754008076,final,cuda
artifact_stress,alpha_error_pct,24,13.330515907522695,15.844739270754243,1.95784938881869,80.32441754008076,final,cuda
artifact_stress,latent_slope,24,0.07506716657382592,0.015936102438212855,0.0157404659679353,0.0977368504550877,final,cuda
artifact_stress,cluster_count,24,14.166666666666666,3.7261317704845722,4.0,16.0,final,cuda
artifact_stress,model_parameter_count,24,287.1666666666667,3.7261317704845722,277.0,289.0,final,cuda
artifact_stress,seed,24,1.0,0.8340576562282991,0.0,2.0,final,cuda
artifact_stress,degradation_pp,24,4.111688106716275,15.191186583486123,-14.529774107470692,58.15335447122105,final,cuda
automatic_symmetry,seed,20,482.0,379.9529056689997,42.0,1000.0,final,cuda
automatic_symmetry,confidence,20,0.0,0.0,0.0,0.0,final,cuda
automatic_symmetry,odd_score,20,0.0,0.0,0.0,0.0,final,cuda
automatic_symmetry,even_score,20,0.0,0.0,0.0,0.0,final,cuda
automatic_symmetry,matched_pairs,20,5568.0,0.0,5568.0,5568.0,final,cuda
automatic_symmetry,final_train_loss,20,0.2763975135292821,0.45498912371659345,0.0140867208679082,1.0499227761320071,final,cuda
automatic_symmetry,validation_mse,20,0.2894298641204834,0.4638609870348007,0.0179484024047851,1.074287353515625,final,cuda
automatic_symmetry,test_mse,20,0.2929959638595581,0.4657228874052019,0.0216311683654785,1.0811375732421875,final,cuda
automatic_symmetry,model_parameter_count,20,45585.0,0.0,45585.0,45585.0,final,cuda
bic_structural_ablation,seed,18,1.0,0.8401680504168059,0.0,2.0,final,cuda
bic_structural_ablation,alpha_rec,18,0.0732381700584899,0.017647896640264286,0.037644586698473,0.0977368504550877,final,cuda
bic_structural_ablation,r2,18,0.8875249446778435,0.15952770690994,0.4900736034413857,0.9937801263114264,final,cuda
bic_structural_ablation,validation_mse,18,0.6243029862919335,1.0467167550781415,0.0248784373006022,3.217913015905129,final,cuda
bic_structural_ablation,test_mse,18,0.4029938941405061,0.6343881243212359,0.01633311141218,2.069970484273842,final,cuda
bic_structural_ablation,effective_values,18,153.33333333333334,125.57163411422839,4.0,273.0,final,cuda
bic_structural_ablation,cluster_count,6,10.0,6.572670690061994,4.0,16.0,final,cuda
bic_structural_ablation,manual_choices,18,0.8333333333333334,0.3834824944236852,0.0,1.0,final,cuda
bic_structural_ablation,model_parameter_count,18,244.33333333333334,75.38762575945113,81.0,289.0,final,cuda
circuit_validation,openvaf_returncode,5,0.0,0.0,0.0,0.0,final,cuda
circuit_validation,osdi_returncode,5,0.0,0.0,0.0,0.0,final,cuda
circuit_validation,osdi_max_abs_error,5,2.2250259521472416e-05,1.817330495198871e-05,1.2552301635659902e-05,5.4624884643583727e-05,final,cuda
circuit_validation,osdi_mean_abs_error,5,7.47740634115986e-06,5.613657555981076e-06,4.01654944321387e-06,1.729317045689866e-05,final,cuda
circuit_validation,max_abs_tolerance,5,0.001,0.0,0.001,0.001,final,cuda
circuit_validation,model_parameter_count,5,289.0,0.0,289.0,289.0,final,cuda
circuit_validation,seed,5,42.0,0.0,42.0,42.0,final,cuda
circuit_validation,cluster_count,5,16.0,0.0,16.0,16.0,final,cuda
compression_fidelity,hidden_size,33,20.181818181818183,22.357122111106094,2.0,64.0,final,cuda
compression_fidelity,rank,12,3.75,2.800162332956625,1.0,8.0,final,cuda
compression_fidelity,seed,33,1.0,0.82915619758885,0.0,2.0,final,cuda
compression_fidelity,correlation,33,0.9947759365423894,0.0033737738676076373,0.9829175069855024,0.9994071864617774,final,cuda
compression_fidelity,nrmse,33,0.055815615993076925,0.03379520126422588,0.0155342481875428,0.1658035546529757,final,cuda
compression_fidelity,validation_mse,33,0.011124697620180767,0.015611976714961385,0.0002812547954144,0.0735724121332168,final,cuda
compression_fidelity,test_mse,33,0.011635670722391628,0.016296774039144396,0.0006649090209975,0.0757476985454559,final,cuda
compression_fidelity,cluster_count,30,13.733333333333333,4.290593828632447,4.0,16.0,final,cuda
compression_fidelity,effective_trainable_values,33,4156.575757575758,13303.944246045754,4.0,45585.0,final,cuda
compression_fidelity,expanded_parameters,33,5811.818181818182,13317.752659642283,28.0,45585.0,final,cuda
compression_fidelity,expanded_parameter_bytes,33,23247.272727272728,53271.01063856913,112.0,182340.0,final,cuda
compression_fidelity,serialized_artifact_bytes,30,20407.5,17136.90158843553,9851.0,67987.0,final,cuda
compression_fidelity,model_parameter_count,33,5824.30303030303,13313.45606305151,32.0,45585.0,final,cuda
compression_fidelity,runtime_s,33,77.92697114544694,150.79519318775903,7.88745340006426,723.7802304001525,final,cuda
compression_fidelity,bic_requested_cluster_count,30,13.733333333333333,4.290593828632447,4.0,16.0,final,cuda
compression_fidelity,bic_score,30,-1267.752998860677,255.1371621615341,-1692.7982177734375,-672.1334228515625,final,cuda
cross_device,seed,27,1.0,0.8320502943378437,0.0,2.0,final,cuda
cross_device,correlation,27,0.9907418382558132,0.009012492302610007,0.9625214581611508,0.9999322598153386,final,cuda
cross_device,nrmse,27,0.05071117740649213,0.02645975453126359,0.0101573793962865,0.1043167108047972,final,cuda
cross_device,model_parameter_count,27,993.0,0.0,993.0,993.0,final,cuda
cross_device,cluster_count,27,16.0,0.0,16.0,16.0,final,cuda
cross_rate,seed,36,1.0,0.828078671210825,0.0,2.0,final,cuda
cross_rate,correlation,36,0.991375237299216,0.009996182398196848,0.964365029635703,0.9999322598153386,final,cuda
cross_rate,nrmse,36,0.046680389299755626,0.031061777308125656,0.0101573793962865,0.1055983886371169,final,cuda
cross_rate,model_parameter_count,36,993.0,0.0,993.0,993.0,final,cuda
cross_rate,cluster_count,36,16.0,0.0,16.0,16.0,final,cuda
dataset_integrity,timesteps,1,3000.0,0.0,3000.0,3000.0,final,cuda
dataset_integrity,feature_count,1,2.0,0.0,2.0,2.0,final,cuda
dataset_integrity,output_count,1,1.0,0.0,1.0,1.0,final,cuda
detection_regime,source_count,60,2.75,1.4915013480337322,1.0,5.0,final,cuda
detection_regime,noise_pct,60,3.8,3.5739168087592925,0.0,10.0,final,cuda
detection_regime,alpha_true,60,0.08000000000000002,1.399490201752259e-17,0.08,0.08,final,cuda
detection_regime,alpha_rec,60,0.07127011134483237,0.01658318689544443,0.0177789350927292,0.1045181728368656,final,cuda
detection_regime,r2,60,0.8813514743366709,0.1144234981954076,0.3945995750428796,0.994939040739681,final,cuda
detection_regime,alpha_error,60,0.17226847711407078,0.15779559372672372,0.0007854425051575,0.7777633113408847,final,cuda
detection_regime,model_parameter_count,60,285.4,4.923826540061111,277.0,289.0,final,cuda
detection_regime,seed,60,1.0,0.8233869695926183,0.0,2.0,final,cuda
detection_regime,cluster_count,60,12.4,4.9238265400611105,4.0,16.0,final,cuda
export_validation,batch_max_abs_error,2,7.271766662597656e-06,9.440894066440263e-06,5.960464477539062e-07,1.3947486877441406e-05,final,cuda
export_validation,streaming_max_abs_error,2,7.271766662597656e-06,9.440894066440263e-06,5.960464477539062e-07,1.3947486877441406e-05,final,cuda
export_validation,effective_trainable_values,2,12.0,5.656854249492381,8.0,16.0,final,cuda
export_validation,expanded_parameters,2,177.0,135.7645019878171,81.0,273.0,final,cuda
export_validation,expanded_parameter_bytes,2,708.0,543.0580079512685,324.0,1092.0,final,cuda
export_validation,serialized_artifact_bytes,2,12276.0,3675.541048607674,9677.0,14875.0,final,cuda
export_validation,model_parameter_count,2,189.0,141.4213562373095,89.0,289.0,final,cuda
export_validation,seed,2,42.0,0.0,42.0,42.0,final,cuda
export_validation,cluster_count,2,12.0,5.656854249492381,8.0,16.0,final,cuda
frequency_response,pulse_width_steps,12,55.0,43.37992832887327,10.0,120.0,final,cuda
frequency_response,seed,12,1.0,0.8528028654224418,0.0,2.0,final,cuda
frequency_response,alpha_rec,12,0.06485841372694641,0.022371936976188077,0.0300490714499258,0.0977368504550877,final,cuda
frequency_response,r2,12,0.8151818367993638,0.14044947287999768,0.6168786327350259,0.9866873693539118,final,cuda
frequency_response,model_parameter_count,12,286.6666666666667,4.334498677803326,277.0,289.0,final,cuda
frequency_response,cluster_count,12,13.666666666666666,4.334498677803327,4.0,16.0,final,cuda
geometry_transfer,tau,21,0.05285714285714286,0.02239260081876537,0.02,0.1,final,cuda
geometry_transfer,heat_coefficient,21,658.5714285714286,326.8223632844869,160.0,1200.0,final,cuda
geometry_transfer,stride,21,7.428571428571429,1.4342743312012722,4.0,8.0,final,cuda
geometry_transfer,alpha_rec,21,0.07567010838858604,0.015473831975347603,0.0396301495245443,0.098326901060312,final,cuda
geometry_transfer,r2,21,0.9464988068937528,0.05653271428447035,0.7819734763796377,0.9937442836029609,final,cuda
geometry_transfer,alpha_error,21,0.14753822573936543,0.13278686335580114,0.0137583389576392,0.5046231309431956,final,cuda
geometry_transfer,model_parameter_count,21,285.76190476190476,4.311667448966372,277.0,289.0,final,cuda
geometry_transfer,seed,21,1.0,0.8366600265340756,0.0,2.0,final,cuda
geometry_transfer,cluster_count,21,12.761904761904763,4.311667448966373,4.0,16.0,final,cuda
initialization_ablation,seed,16,91.25,149.69814071435,0.0,456.0,final,cuda
initialization_ablation,shared_target_mse,10,1.0407989980623824,0.00016058832466542053,1.0405486161616864,1.0410054446401773,final,cuda
initialization_ablation,epochs_to_target,10,234.4,240.85828013815743,2.0,497.0,final,cuda
initialization_ablation,speedup_vs_random,10,58.79,83.45508742601587,1.0,239.0,final,cuda
initialization_ablation,final_train_loss,10,0.5537538913162716,0.5354320027733811,0.0172293959600438,1.0897161449829582,final,cuda
initialization_ablation,validation_mse,10,0.5579457085609436,0.5446833787978436,0.0194025630950927,1.0754093627929688,final,cuda
initialization_ablation,test_mse,16,0.38921414101511675,0.487654351531185,0.01633311141218,1.0822894287109377,final,cuda
initialization_ablation,runtime_s,16,3317.863212981254,2185.316767766395,575.0151343999896,5071.466323599918,final,cuda
initialization_ablation,model_parameter_count,16,28598.5,22648.66674516037,281.0,45585.0,final,cuda
initialization_ablation,alpha_rec,6,0.08313732659239804,0.008500051665564395,0.0721030402993599,0.0977368504550877,final,cuda
initialization_ablation,r2,6,0.9768975042433721,0.011191023274525928,0.9615353891075916,0.9879516630312674,final,cuda
initialization_ablation,cluster_count,6,14.666666666666666,3.265986323710904,8.0,16.0,final,cuda
latent_recovery,alpha_true,15,0.11599999999999998,0.05500649312321488,0.05,0.2,final,cuda
latent_recovery,alpha_rec,15,0.07081538537451965,0.035276486424437876,0.0159416452632906,0.1402259159611569,final,cuda
latent_recovery,r2,15,0.7633666899179659,0.2426030612131406,0.341147828463598,0.9871804933925622,final,cuda
latent_recovery,alpha_error,15,0.32982207103062344,0.3239042458978266,0.0195784938881869,0.8937223649113953,final,cuda
latent_recovery,validation_mse,15,2.70419983971483,4.059989260204554,0.0188945299125762,12.426302602091631,final,cuda
latent_recovery,test_mse,15,1.3865509901494248,1.9602602841843577,0.0077933304180028,6.786272228793161,final,cuda
latent_recovery,cluster_count,15,12.0,5.237229365663817,4.0,16.0,final,cuda
latent_recovery,model_parameter_count,15,285.0,5.237229365663817,277.0,289.0,final,cuda
latent_recovery,runtime_s,15,634.6257433666692,15.764913575443673,602.9877283999231,664.89070670004,final,cuda
latent_recovery,seed,15,1.0,0.8451542547285166,0.0,2.0,final,cuda
learning_rate_sensitivity,learning_rate,9,0.0036999999999999997,0.004741044188783732,0.0001,0.01,final,cuda
learning_rate_sensitivity,seed,9,1.0,0.8660254037844386,0.0,2.0,final,cuda
learning_rate_sensitivity,alpha_rec,9,0.04310406840369508,0.035152732291150894,0.0002251769539988,0.0854646588474424,final,cuda
learning_rate_sensitivity,r2,9,0.5433082632455317,0.4207435834070345,0.0124230150944929,0.9724404719062067,final,cuda
learning_rate_sensitivity,validation_mse,9,4.416676831593709,7.259176398566698,0.0515939097005532,23.240292735308763,final,cuda
learning_rate_sensitivity,test_mse,9,3.5314234828850473,7.328981873951361,0.0420371178453503,22.949301102880145,final,cuda
learning_rate_sensitivity,model_parameter_count,9,282.3333333333333,5.291502622129181,277.0,289.0,final,cuda
learning_rate_sensitivity,cluster_count,9,9.333333333333334,5.291502622129181,4.0,16.0,final,cuda
long_sequence,generated_steps,3,21000.0,25357.444666211934,3000.0,50000.0,final,cuda
long_sequence,evaluated_timesteps,3,1751.3333333333333,2113.955139858302,251.0,4169.0,final,cuda
long_sequence,runtime_s,3,0.0016553665821750667,0.0011791179704929641,0.0008547999896109,0.0030093998648226,final,cuda
long_sequence,alpha_rec,3,0.0644050902817389,0.00696731789695314,0.0563844811342331,0.0689593529002096,final,cuda
long_sequence,r2,3,0.923268364902734,0.0029973501398593374,0.921172460220542,0.926701583588138,final,cuda
long_sequence,model_parameter_count,3,289.0,0.0,289.0,289.0,final,cuda
long_sequence,seed,3,0.0,0.0,0.0,0.0,final,cuda
long_sequence,cluster_count,3,16.0,0.0,16.0,16.0,final,cuda
measured_baselines,seed,27,1.0,0.8320502943378437,0.0,2.0,final,cuda
measured_baselines,correlation,27,0.9737560768916526,0.046999190312037996,0.8540118596110939,0.999948329730642,final,cuda
measured_baselines,nrmse,27,0.04896261846352691,0.05062705656199536,0.0032197375716661,0.1651438241908012,final,cuda
measured_baselines,parameters,27,430.3333333333333,544.9709237127314,10.0,1185.0,final,cuda
measured_baselines,model_parameter_count,18,640.5,560.2858776605764,96.0,1185.0,final,cuda
measured_fidelity,seed,9,1.0,0.8660254037844386,0.0,2.0,final,cuda
measured_fidelity,correlation,9,0.9983984063240376,0.001777597908695198,0.9945551676256532,0.9999322598153386,final,cuda
measured_fidelity,nrmse,9,0.024558996753232115,0.014361872373448843,0.0101573793962865,0.0459659509708194,final,cuda
measured_fidelity,test_mse,9,0.0020767904177147337,0.0020865912491064135,0.0003992454599468,0.0058217596623205,final,cuda
measured_fidelity,cluster_count,9,16.0,0.0,16.0,16.0,final,cuda
measured_fidelity,model_parameter_count,9,993.0,0.0,993.0,993.0,final,cuda
measured_fidelity,runtime_s,9,1008.4151229221994,0.8099153146830991,1006.6405561999418,1009.450580299832,final,cuda
measured_fidelity,current_scale,9,24.028889999999997,7.046178590745128,16.77602,32.82689,final,cuda
multilayer,layer,9,2.0,0.8660254037844386,1.0,3.0,final,cuda
multilayer,alpha_true,9,0.08333333333333333,0.0304138126514911,0.05,0.12,final,cuda
multilayer,alpha_rec,9,0.03456996961270032,0.02280060169440135,0.0054839680502826,0.072251579156192,final,cuda
multilayer,r2,9,0.6281273109704332,0.26326192801389847,0.2991775666197647,0.9375022657871892,final,cuda
multilayer,alpha_error,9,0.569377052232679,0.2609795763847504,0.2496352060315176,0.9005020042324681,final,cuda
multilayer,model_parameter_count,9,299.0,6.0,295.0,307.0,final,cuda
multilayer,seed,9,1.0,0.8660254037844386,0.0,2.0,final,cuda
multilayer,cluster_count,9,8.0,6.0,4.0,16.0,final,cuda
negative_controls,alpha_true,15,0.048,0.0405674042269688,0.0,0.08,final,cuda
negative_controls,alpha_rec,15,0.017799761216253446,0.03618895609821547,-0.0003220903300206,0.0977368504550877,final,cuda
negative_controls,r2,15,0.24003213681287708,0.38943513835687543,0.0,0.9866873693539118,final,cuda
negative_controls,test_mse,15,0.7121772119235338,1.5533055818020571,0.0003928749130699,6.054985623910608,final,cuda
negative_controls,model_parameter_count,15,286.3333333333333,4.700557211144025,277.0,289.0,final,cuda
negative_controls,seed,15,1.0,0.8451542547285166,0.0,2.0,final,cuda
negative_controls,cluster_count,15,13.333333333333334,4.700557211144026,4.0,16.0,final,cuda
recurrence_controls,alpha_true,12,0.07999999999999999,1.4494876628609418e-17,0.08,0.08,final,cuda
recurrence_controls,alpha_rec,12,0.02214740839284157,0.03956671957380056,-0.005212736858068,0.0977368504550877,final,cuda
recurrence_controls,r2,12,0.25056052877727825,0.4406185567573799,0.0031649090521474,0.9866873693539118,final,cuda
recurrence_controls,control_mse,12,0.6718415336938177,0.45710194018264744,0.01633311141218,1.2514826760665672,final,cuda
recurrence_controls,model_parameter_count,12,297.0,14.472544539732654,289.0,321.0,final,cuda
recurrence_controls,seed,12,1.0,0.8528028654224418,0.0,2.0,final,cuda
recurrence_controls,cluster_count,9,16.0,0.0,16.0,16.0,final,cuda
rrad_ablation,alpha_rec,15,0.08164589309135879,0.009209085753303677,0.0656385959804108,0.0977368504550877,final,cuda
rrad_ablation,r2,15,0.9598169236973687,0.033281824607661235,0.8827738175422831,0.993683538635558,final,cuda
rrad_ablation,test_mse,15,0.10963911446600474,0.12330135849733151,0.01633311141218,0.5087605003974985,final,cuda
rrad_ablation,cluster_count,12,13.333333333333334,4.92365963917331,4.0,16.0,final,cuda
rrad_ablation,model_parameter_count,15,283.6666666666667,7.037315505489968,273.0,289.0,final,cuda
rrad_ablation,seed,15,1.0,0.8451542547285166,0.0,2.0,final,cuda
runtime_benchmark,latency_mean_s,15,32.8103534339922,67.94237362770592,5.556334120531877e-05,168.9960407000035,final,cuda
runtime_benchmark,latency_std_s,12,0.0002908100918369065,0.0006110820646628636,1.7159320156522014e-05,0.0022058623206124,final,cuda
runtime_benchmark,percentage,5,20.0,21.64195990199558,2.2473867161591685,57.51982546124249,final,cuda
runtime_benchmark,training_pipeline_runtime_s,8,420.87859252493945,212.6927202679503,159.94572740001604,574.9788786999416,final,cuda
runtime_benchmark,sequence_length,15,2650.733333333333,5505.174208566579,251.0,20000.0,final,cuda
runtime_benchmark,repeats,15,24.2,12.007140732556964,1.0,30.0,final,cuda
runtime_benchmark,model_parameter_count,15,285.8,6.6246293696866,273.0,289.0,final,cuda
runtime_benchmark,overhead_vs_no_bic,2,1.4372304543143553,0.6183372383739111,1.0,1.8744609086287105,final,cuda
runtime_benchmark,latency_per_timestep_s,5,1.0087605679125103e-06,1.115548158936414e-06,2.856556671516349e-07,2.974223167416584e-06,final,cuda
runtime_benchmark,teacher_epochs,3,100.0,0.0,100.0,100.0,final,cuda
runtime_benchmark,student_epochs,3,100.0,0.0,100.0,100.0,final,cuda
runtime_benchmark,bic_start_epoch,2,35.0,49.49747468305833,0.0,70.0,final,cuda
runtime_benchmark,validation_mse,3,5.10923817749834,0.008072894674107031,5.102549275554034,5.118205401052042,final,cuda
runtime_benchmark,test_mse,3,2.8763151333468215,0.005933943866629473,2.871422513072709,2.88291576532412,final,cuda
runtime_benchmark,soft_effective_dof,3,3.8325154781341553,0.00026296531712150623,3.832350730895996,3.832818746566773,final,cuda
runtime_benchmark,seed,15,0.0,0.0,0.0,0.0,final,cuda
runtime_benchmark,cluster_count,12,16.0,0.0,16.0,16.0,final,cuda
scalable_bic,weights,7,12357.142857142857,17913.482552057183,500.0,50000.0,final,cuda
scalable_bic,minibatch_dof,7,5.25312648500715,0.03032748381584271,5.209205627441406,5.293379306793213,final,cuda
scalable_bic,minibatch_runtime_s,7,0.005077228548803442,0.009111409433871712,0.000189600046724,0.0251821000128984,final,cuda
scalable_bic,rff_dof,7,5.592655658721924,0.0046883890742471755,5.585844039916992,5.60008716583252,final,cuda
scalable_bic,rff_runtime_s,7,0.004158371394234,0.005897689937067836,0.0002355999313294,0.0162760000675916,final,cuda
scalable_bic,exact_dof,5,5.193845272064209,0.002474024803853111,5.190408229827881,5.197173118591309,final,cuda
scalable_bic,exact_runtime_s,5,0.00483272001147266,0.009418606464611566,0.000193899963051,0.0216407999396324,final,cuda
scalable_bic,minibatch_relative_error,5,0.009977969845237283,0.005716803067395118,0.0036215643897722,0.01851125333073,final,cuda
scalable_bic,rff_relative_error,5,0.07662021014782933,0.0005305688759194109,0.0761858783701536,0.0775256159545481,final,cuda
scalable_bic,minibatch_gradient_cosine,5,0.6894581079483032,0.1841242677780624,0.4618154168128967,0.8960726261138916,final,cuda
scalable_bic,rff_gradient_cosine,5,0.9502658486366272,0.002610232019629008,0.9459354281425476,0.9525771141052246,final,cuda
scalable_bic,seed,7,0.0,0.0,0.0,0.0,final,cuda
synthetic_baselines,alpha_true,60,0.11600000000000002,0.05358977893945507,0.05,0.2,final,cuda
synthetic_baselines,parameters,60,395.5,461.61865176898664,4.0,1153.0,final,cuda
synthetic_baselines,alpha_rec,60,0.028030287562358043,0.051204020378983015,0.0008927584460547,0.1899710736856362,final,cuda
synthetic_baselines,r2,60,0.2217915397165914,0.39178295002667485,0.0049341183898469,0.9794524116873056,final,cuda
synthetic_baselines,model_parameter_count,45,526.0,464.83061431020224,64.0,1153.0,final,cuda
synthetic_baselines,seed,60,1.0,0.8233869695926183,0.0,2.0,final,cuda
