method,alpha_true,parameters,alpha_rec,r2,accepted,checkpoint_path,checkpoint_hash,checkpoint_file_sha256,model_class,model_architecture,model_parameter_count,profile,seed,device,train_source_ids,validation_source_ids,test_source_ids,execution_device
mlp,0.05,1153,0.0008927590258573457,0.004934118389847401,False,checkpoints/synthetic_baseline_mlp_alpha0.05_seed0.pt,b76258b1ce68d010b89c2b38f0cd75debc5e3615c912b6aa899330cf994397a1,66b1d866762d9e81708ca544f7b899aa054e0543a89d8eb2ff1c5939a741c0ab,StaticMLP,"{""class"": ""StaticMLP"", ""linear_widths"": [1, 32, 32, 1], ""parameters"": 1153}",1153,final,0,cuda,driver-42-tau0.05-heat800-artifactnone;driver-123-tau0.05-heat800-artifactnone;driver-456-tau0.05-heat800-artifactnone;driver-7-tau0.05-heat800-artifactnone;driver-99-tau0.05-heat800-artifactnone,driver-999-tau0.05-heat800-artifactnone,driver-777-tau0.05-heat800-artifactnone;driver-888-tau0.05-heat800-artifactnone;driver-555-tau0.05-heat800-artifactnone,cuda
pikan,0.05,64,0.0008927584460547114,0.004934118389847179,False,checkpoints/synthetic_baseline_pikan_alpha0.05_seed0.pt,82f7467d167c23e013d63ca27c2fa5925202e403ae3dceed861255d0d38406ec,43977ca4455578facc3e6f5c90fdb0f24f2c8c03e47770dbad88fb0fd39c1762,PIKAN,"{""chebyshev_degree"": 3, ""chebyshev_widths"": [1, 8, 1], ""class"": ""PIKAN"", ""parameters"": 64}",64,final,0,cuda,driver-42-tau0.05-heat800-artifactnone;driver-123-tau0.05-heat800-artifactnone;driver-456-tau0.05-heat800-artifactnone;driver-7-tau0.05-heat800-artifactnone;driver-99-tau0.05-heat800-artifactnone,driver-999-tau0.05-heat800-artifactnone,driver-777-tau0.05-heat800-artifactnone;driver-888-tau0.05-heat800-artifactnone;driver-555-tau0.05-heat800-artifactnone,cuda
sindy,0.05,4,0.000892758963383416,0.004934118389847179,False,checkpoints/synthetic_baseline_sindy_alpha0.05_seed0.pt,edc9acaa9d63c169a1575d47f3726c9ec0fd8fe6b1017c93c2817c3362e3208b,edc9acaa9d63c169a1575d47f3726c9ec0fd8fe6b1017c93c2817c3362e3208b,serialized_payload,,,final,0,cuda,driver-42-tau0.05-heat800-artifactnone;driver-123-tau0.05-heat800-artifactnone;driver-456-tau0.05-heat800-artifactnone;driver-7-tau0.05-heat800-artifactnone;driver-99-tau0.05-heat800-artifactnone,driver-999-tau0.05-heat800-artifactnone,driver-777-tau0.05-heat800-artifactnone;driver-888-tau0.05-heat800-artifactnone;driver-555-tau0.05-heat800-artifactnone,cuda
vanilla_lstm,0.05,361,0.0571975128892108,0.9676508033198261,True,checkpoints/synthetic_baseline_vanilla_lstm_alpha0.05_seed0.pt,9aaed3eaf666cf74150688e24bd2b67d183f41acb955d279e7d22adac2649d3e,cb850617ec4a8126730f9c9c5deadb1b11b6840d751479c0da0426fc7a21873f,VanillaLSTM,"{""class"": ""VanillaLSTM"", ""hidden_size"": 8, ""input_size"": 1, ""num_layers"": 1, ""parameters"": 361}",361,final,0,cuda,driver-42-tau0.05-heat800-artifactnone;driver-123-tau0.05-heat800-artifactnone;driver-456-tau0.05-heat800-artifactnone;driver-7-tau0.05-heat800-artifactnone;driver-99-tau0.05-heat800-artifactnone,driver-999-tau0.05-heat800-artifactnone,driver-777-tau0.05-heat800-artifactnone;driver-888-tau0.05-heat800-artifactnone;driver-555-tau0.05-heat800-artifactnone,cuda
mlp,0.05,1153,0.0008927590258573457,0.004934118389847401,False,checkpoints/synthetic_baseline_mlp_alpha0.05_seed1.pt,700bd61b0e3d4c3a0b003c45ba3eefd343439da82d265516c5dc09dce65e00a2,8f87146d980322267937395d45e520a0c53f05b5b82eb9e6ca6b37367cc5ba51,StaticMLP,"{""class"": ""StaticMLP"", ""linear_widths"": [1, 32, 32, 1], ""parameters"": 1153}",1153,final,1,cuda,driver-42-tau0.05-heat800-artifactnone;driver-123-tau0.05-heat800-artifactnone;driver-456-tau0.05-heat800-artifactnone;driver-7-tau0.05-heat800-artifactnone;driver-99-tau0.05-heat800-artifactnone,driver-999-tau0.05-heat800-artifactnone,driver-777-tau0.05-heat800-artifactnone;driver-888-tau0.05-heat800-artifactnone;driver-555-tau0.05-heat800-artifactnone,cuda
pikan,0.05,64,0.0008927589292235678,0.004934118389847216,False,checkpoints/synthetic_baseline_pikan_alpha0.05_seed1.pt,e5e78b20f0060cb58081ab882a8d8efb20637e563206ba5f0a39125fd0727afe,119c83651f8fd16d0be50b56b8a2f91c63ce3569473ac64c583f82a34f8a88bd,PIKAN,"{""chebyshev_degree"": 3, ""chebyshev_widths"": [1, 8, 1], ""class"": ""PIKAN"", ""parameters"": 64}",64,final,1,cuda,driver-42-tau0.05-heat800-artifactnone;driver-123-tau0.05-heat800-artifactnone;driver-456-tau0.05-heat800-artifactnone;driver-7-tau0.05-heat800-artifactnone;driver-99-tau0.05-heat800-artifactnone,driver-999-tau0.05-heat800-artifactnone,driver-777-tau0.05-heat800-artifactnone;driver-888-tau0.05-heat800-artifactnone;driver-555-tau0.05-heat800-artifactnone,cuda
sindy,0.05,4,0.000892758963383416,0.004934118389847179,False,checkpoints/synthetic_baseline_sindy_alpha0.05_seed1.pt,1e060c7fcacc5255bc19015123659746132bcbf9d220c1b7e4dd840ca5a2bbba,1e060c7fcacc5255bc19015123659746132bcbf9d220c1b7e4dd840ca5a2bbba,serialized_payload,,,final,1,cuda,driver-42-tau0.05-heat800-artifactnone;driver-123-tau0.05-heat800-artifactnone;driver-456-tau0.05-heat800-artifactnone;driver-7-tau0.05-heat800-artifactnone;driver-99-tau0.05-heat800-artifactnone,driver-999-tau0.05-heat800-artifactnone,driver-777-tau0.05-heat800-artifactnone;driver-888-tau0.05-heat800-artifactnone;driver-555-tau0.05-heat800-artifactnone,cuda
vanilla_lstm,0.05,361,0.05416881823871033,0.9794524116873055,True,checkpoints/synthetic_baseline_vanilla_lstm_alpha0.05_seed1.pt,e7f1e7e708aa1183f67cb040caeef8063b67c021c137633cdf00225077ecde3d,f846cf2afa5baba644f6d097b7b56bcca8a538fdcdc9a178dbef2191da1c3320,VanillaLSTM,"{""class"": ""VanillaLSTM"", ""hidden_size"": 8, ""input_size"": 1, ""num_layers"": 1, ""parameters"": 361}",361,final,1,cuda,driver-42-tau0.05-heat800-artifactnone;driver-123-tau0.05-heat800-artifactnone;driver-456-tau0.05-heat800-artifactnone;driver-7-tau0.05-heat800-artifactnone;driver-99-tau0.05-heat800-artifactnone,driver-999-tau0.05-heat800-artifactnone,driver-777-tau0.05-heat800-artifactnone;driver-888-tau0.05-heat800-artifactnone;driver-555-tau0.05-heat800-artifactnone,cuda
mlp,0.05,1153,0.0008927589292235588,0.004934118389847179,False,checkpoints/synthetic_baseline_mlp_alpha0.05_seed2.pt,12336e37373101da1a8291703f3e4e525312526c57f097f6dd8f14b1722ef521,f58d98d92e005db9e927f51a9ee60bb974f27fdcb81b86d4eed38b8f78851b47,StaticMLP,"{""class"": ""StaticMLP"", ""linear_widths"": [1, 32, 32, 1], ""parameters"": 1153}",1153,final,2,cuda,driver-42-tau0.05-heat800-artifactnone;driver-123-tau0.05-heat800-artifactnone;driver-456-tau0.05-heat800-artifactnone;driver-7-tau0.05-heat800-artifactnone;driver-99-tau0.05-heat800-artifactnone,driver-999-tau0.05-heat800-artifactnone,driver-777-tau0.05-heat800-artifactnone;driver-888-tau0.05-heat800-artifactnone;driver-555-tau0.05-heat800-artifactnone,cuda
pikan,0.05,64,0.0008927588325898023,0.004934118389846994,False,checkpoints/synthetic_baseline_pikan_alpha0.05_seed2.pt,785c512dcba2466f11addaba91667709fc37d984719f493bda7d19a8a23e1754,1244c69bf9b0d2c584f396d5fc36db58a506bbd05bbf49289c2989127d6192b7,PIKAN,"{""chebyshev_degree"": 3, ""chebyshev_widths"": [1, 8, 1], ""class"": ""PIKAN"", ""parameters"": 64}",64,final,2,cuda,driver-42-tau0.05-heat800-artifactnone;driver-123-tau0.05-heat800-artifactnone;driver-456-tau0.05-heat800-artifactnone;driver-7-tau0.05-heat800-artifactnone;driver-99-tau0.05-heat800-artifactnone,driver-999-tau0.05-heat800-artifactnone,driver-777-tau0.05-heat800-artifactnone;driver-888-tau0.05-heat800-artifactnone;driver-555-tau0.05-heat800-artifactnone,cuda
sindy,0.05,4,0.000892758963383416,0.004934118389847179,False,checkpoints/synthetic_baseline_sindy_alpha0.05_seed2.pt,4df83c3b2f4c2b1516cace6971f667c8a2c01bb38412866d676f180b72b2f3cd,4df83c3b2f4c2b1516cace6971f667c8a2c01bb38412866d676f180b72b2f3cd,serialized_payload,,,final,2,cuda,driver-42-tau0.05-heat800-artifactnone;driver-123-tau0.05-heat800-artifactnone;driver-456-tau0.05-heat800-artifactnone;driver-7-tau0.05-heat800-artifactnone;driver-99-tau0.05-heat800-artifactnone,driver-999-tau0.05-heat800-artifactnone,driver-777-tau0.05-heat800-artifactnone;driver-888-tau0.05-heat800-artifactnone;driver-555-tau0.05-heat800-artifactnone,cuda
vanilla_lstm,0.05,361,0.05674591836819176,0.956074573587474,True,checkpoints/synthetic_baseline_vanilla_lstm_alpha0.05_seed2.pt,5cae2899410d366347542abf3f32216240d08816eae3a079c0081f7134582b34,7459842436c0ad97b102c98690e9c11d0198d6321d8fd839e887425e90c03f12,VanillaLSTM,"{""class"": ""VanillaLSTM"", ""hidden_size"": 8, ""input_size"": 1, ""num_layers"": 1, ""parameters"": 361}",361,final,2,cuda,driver-42-tau0.05-heat800-artifactnone;driver-123-tau0.05-heat800-artifactnone;driver-456-tau0.05-heat800-artifactnone;driver-7-tau0.05-heat800-artifactnone;driver-99-tau0.05-heat800-artifactnone,driver-999-tau0.05-heat800-artifactnone,driver-777-tau0.05-heat800-artifactnone;driver-888-tau0.05-heat800-artifactnone;driver-555-tau0.05-heat800-artifactnone,cuda
mlp,0.08,1153,0.001428414035509889,0.004934118389847105,False,checkpoints/synthetic_baseline_mlp_alpha0.08_seed0.pt,dea7b0addb817c0125a587e41333d93a5efd49802efb22bd43de8a46f0bedc35,f8bc15da90d2724a7c4e94f786c2954c71c8aca35ed06ff940218213b247dbcd,StaticMLP,"{""class"": ""StaticMLP"", ""linear_widths"": [1, 32, 32, 1], ""parameters"": 1153}",1153,final,0,cuda,driver-42-tau0.05-heat800-artifactnone;driver-123-tau0.05-heat800-artifactnone;driver-456-tau0.05-heat800-artifactnone;driver-7-tau0.05-heat800-artifactnone;driver-99-tau0.05-heat800-artifactnone,driver-999-tau0.05-heat800-artifactnone,driver-777-tau0.05-heat800-artifactnone;driver-888-tau0.05-heat800-artifactnone;driver-555-tau0.05-heat800-artifactnone,cuda
pikan,0.08,64,0.0014276261803674308,0.004934118389847401,False,checkpoints/synthetic_baseline_pikan_alpha0.08_seed0.pt,942b294329e83b6f043b87d1528937a9085ca62145942ce3e46dd2df13b62ad6,d79d73207f1114888e120066a5f5da79b26af5327188c632f227b5a23dcbb99f,PIKAN,"{""chebyshev_degree"": 3, ""chebyshev_widths"": [1, 8, 1], ""class"": ""PIKAN"", ""parameters"": 64}",64,final,0,cuda,driver-42-tau0.05-heat800-artifactnone;driver-123-tau0.05-heat800-artifactnone;driver-456-tau0.05-heat800-artifactnone;driver-7-tau0.05-heat800-artifactnone;driver-99-tau0.05-heat800-artifactnone,driver-999-tau0.05-heat800-artifactnone,driver-777-tau0.05-heat800-artifactnone;driver-888-tau0.05-heat800-artifactnone;driver-555-tau0.05-heat800-artifactnone,cuda
sindy,0.08,4,0.001428414344053749,0.004934118389847327,False,checkpoints/synthetic_baseline_sindy_alpha0.08_seed0.pt,644b46687844dce6749bc339dbeb708b45413670b518b65ee8dbd767ea92a144,644b46687844dce6749bc339dbeb708b45413670b518b65ee8dbd767ea92a144,serialized_payload,,,final,0,cuda,driver-42-tau0.05-heat800-artifactnone;driver-123-tau0.05-heat800-artifactnone;driver-456-tau0.05-heat800-artifactnone;driver-7-tau0.05-heat800-artifactnone;driver-99-tau0.05-heat800-artifactnone,driver-999-tau0.05-heat800-artifactnone,driver-777-tau0.05-heat800-artifactnone;driver-888-tau0.05-heat800-artifactnone;driver-555-tau0.05-heat800-artifactnone,cuda
vanilla_lstm,0.08,361,0.09295775427476287,0.9314854004382577,True,checkpoints/synthetic_baseline_vanilla_lstm_alpha0.08_seed0.pt,142272b843423db4f343555280e2951ec7f26fa4c7d6cbe78e273a8f911cc653,b7200b4a95af7cb2d6738818ccfe168f7866801d56c21aebb3853b8b3d3a0171,VanillaLSTM,"{""class"": ""VanillaLSTM"", ""hidden_size"": 8, ""input_size"": 1, ""num_layers"": 1, ""parameters"": 361}",361,final,0,cuda,driver-42-tau0.05-heat800-artifactnone;driver-123-tau0.05-heat800-artifactnone;driver-456-tau0.05-heat800-artifactnone;driver-7-tau0.05-heat800-artifactnone;driver-99-tau0.05-heat800-artifactnone,driver-999-tau0.05-heat800-artifactnone,driver-777-tau0.05-heat800-artifactnone;driver-888-tau0.05-heat800-artifactnone;driver-555-tau0.05-heat800-artifactnone,cuda
mlp,0.08,1153,0.0014284154850164605,0.004934118389847327,False,checkpoints/synthetic_baseline_mlp_alpha0.08_seed1.pt,b8162a5cd098773a2c2d4a5c2f44e2b78198c97dbfba3064b84f91973a765186,922b7b11009a77d8c13ad45aaf21b87053ce66f8e6b2dfdd4aa000641ae3b17c,StaticMLP,"{""class"": ""StaticMLP"", ""linear_widths"": [1, 32, 32, 1], ""parameters"": 1153}",1153,final,1,cuda,driver-42-tau0.05-heat800-artifactnone;driver-123-tau0.05-heat800-artifactnone;driver-456-tau0.05-heat800-artifactnone;driver-7-tau0.05-heat800-artifactnone;driver-99-tau0.05-heat800-artifactnone,driver-999-tau0.05-heat800-artifactnone,driver-777-tau0.05-heat800-artifactnone;driver-888-tau0.05-heat800-artifactnone;driver-555-tau0.05-heat800-artifactnone,cuda
pikan,0.08,64,0.0014284136489748007,0.004934118389847586,False,checkpoints/synthetic_baseline_pikan_alpha0.08_seed1.pt,3930faadf082b641fccadcb4507d25c8056e9fecbeb626ce6bd8a4d6221d9bfd,deafc3124b1130616d9004f1ec446316047ac613c59ca8207a12573f40326f33,PIKAN,"{""chebyshev_degree"": 3, ""chebyshev_widths"": [1, 8, 1], ""class"": ""PIKAN"", ""parameters"": 64}",64,final,1,cuda,driver-42-tau0.05-heat800-artifactnone;driver-123-tau0.05-heat800-artifactnone;driver-456-tau0.05-heat800-artifactnone;driver-7-tau0.05-heat800-artifactnone;driver-99-tau0.05-heat800-artifactnone,driver-999-tau0.05-heat800-artifactnone,driver-777-tau0.05-heat800-artifactnone;driver-888-tau0.05-heat800-artifactnone;driver-555-tau0.05-heat800-artifactnone,cuda
sindy,0.08,4,0.001428414344053749,0.004934118389847327,False,checkpoints/synthetic_baseline_sindy_alpha0.08_seed1.pt,e67f60b02dd18aeea8d88d746f5fd220217c41d6406ef7e335a13458660ff375,e67f60b02dd18aeea8d88d746f5fd220217c41d6406ef7e335a13458660ff375,serialized_payload,,,final,1,cuda,driver-42-tau0.05-heat800-artifactnone;driver-123-tau0.05-heat800-artifactnone;driver-456-tau0.05-heat800-artifactnone;driver-7-tau0.05-heat800-artifactnone;driver-99-tau0.05-heat800-artifactnone,driver-999-tau0.05-heat800-artifactnone,driver-777-tau0.05-heat800-artifactnone;driver-888-tau0.05-heat800-artifactnone;driver-555-tau0.05-heat800-artifactnone,cuda
vanilla_lstm,0.08,361,0.08479680781397954,0.906877417916686,True,checkpoints/synthetic_baseline_vanilla_lstm_alpha0.08_seed1.pt,ea4869e57505a182bb1a98a1c109e893f4e6c4b1165076b5ed7020f52f04fe1e,d59f67f5d88fc895c1112ce95554c8ba2ab065504c0c1d13ff0d0a74f9eb1525,VanillaLSTM,"{""class"": ""VanillaLSTM"", ""hidden_size"": 8, ""input_size"": 1, ""num_layers"": 1, ""parameters"": 361}",361,final,1,cuda,driver-42-tau0.05-heat800-artifactnone;driver-123-tau0.05-heat800-artifactnone;driver-456-tau0.05-heat800-artifactnone;driver-7-tau0.05-heat800-artifactnone;driver-99-tau0.05-heat800-artifactnone,driver-999-tau0.05-heat800-artifactnone,driver-777-tau0.05-heat800-artifactnone;driver-888-tau0.05-heat800-artifactnone;driver-555-tau0.05-heat800-artifactnone,cuda
mlp,0.08,1153,0.001428414518678741,0.004934118389847142,False,checkpoints/synthetic_baseline_mlp_alpha0.08_seed2.pt,f65351a17bb773d506660a62eafed0032734e9e6a7ca835179143e877c8d62c5,c8c4e7b7f15ca4b9a693d7f4051ee8d3ba34ab96b288e9b98e3ee0ee9e23a533,StaticMLP,"{""class"": ""StaticMLP"", ""linear_widths"": [1, 32, 32, 1], ""parameters"": 1153}",1153,final,2,cuda,driver-42-tau0.05-heat800-artifactnone;driver-123-tau0.05-heat800-artifactnone;driver-456-tau0.05-heat800-artifactnone;driver-7-tau0.05-heat800-artifactnone;driver-99-tau0.05-heat800-artifactnone,driver-999-tau0.05-heat800-artifactnone,driver-777-tau0.05-heat800-artifactnone;driver-888-tau0.05-heat800-artifactnone;driver-555-tau0.05-heat800-artifactnone,cuda
pikan,0.08,64,0.0014284147119462884,0.004934118389847475,False,checkpoints/synthetic_baseline_pikan_alpha0.08_seed2.pt,b60adb22f0c21c07ae96538b67b9b73073411937f7c35fdd55aeed7a8d2a3d7a,2be0d33481a8ca81e6e5add7a722e265dbea6fadcbf4bf30d0381cfc2661a10f,PIKAN,"{""chebyshev_degree"": 3, ""chebyshev_widths"": [1, 8, 1], ""class"": ""PIKAN"", ""parameters"": 64}",64,final,2,cuda,driver-42-tau0.05-heat800-artifactnone;driver-123-tau0.05-heat800-artifactnone;driver-456-tau0.05-heat800-artifactnone;driver-7-tau0.05-heat800-artifactnone;driver-99-tau0.05-heat800-artifactnone,driver-999-tau0.05-heat800-artifactnone,driver-777-tau0.05-heat800-artifactnone;driver-888-tau0.05-heat800-artifactnone;driver-555-tau0.05-heat800-artifactnone,cuda
sindy,0.08,4,0.001428414344053749,0.004934118389847327,False,checkpoints/synthetic_baseline_sindy_alpha0.08_seed2.pt,5fd52e506137293aee4ae6b775ac05240935caf34020b80404b6f2b5d7d451e7,5fd52e506137293aee4ae6b775ac05240935caf34020b80404b6f2b5d7d451e7,serialized_payload,,,final,2,cuda,driver-42-tau0.05-heat800-artifactnone;driver-123-tau0.05-heat800-artifactnone;driver-456-tau0.05-heat800-artifactnone;driver-7-tau0.05-heat800-artifactnone;driver-99-tau0.05-heat800-artifactnone,driver-999-tau0.05-heat800-artifactnone,driver-777-tau0.05-heat800-artifactnone;driver-888-tau0.05-heat800-artifactnone;driver-555-tau0.05-heat800-artifactnone,cuda
vanilla_lstm,0.08,361,0.08667227120485017,0.9574888330960909,True,checkpoints/synthetic_baseline_vanilla_lstm_alpha0.08_seed2.pt,c32f13f0dc7878c516c87e398f68b6b71759ce2c5162e1052bf6335673d770c1,2032ffc78e2f78941d19decbfa2376a03c359341e3b35f8efeed758520c5704a,VanillaLSTM,"{""class"": ""VanillaLSTM"", ""hidden_size"": 8, ""input_size"": 1, ""num_layers"": 1, ""parameters"": 361}",361,final,2,cuda,driver-42-tau0.05-heat800-artifactnone;driver-123-tau0.05-heat800-artifactnone;driver-456-tau0.05-heat800-artifactnone;driver-7-tau0.05-heat800-artifactnone;driver-99-tau0.05-heat800-artifactnone,driver-999-tau0.05-heat800-artifactnone,driver-777-tau0.05-heat800-artifactnone;driver-888-tau0.05-heat800-artifactnone;driver-555-tau0.05-heat800-artifactnone,cuda
mlp,0.1,1153,0.0017855188247848644,0.004934118389847364,False,checkpoints/synthetic_baseline_mlp_alpha0.1_seed0.pt,2ada7d13a5b996008fa58d21a9cd4c62b00961c530bd1ff917564169e4e6952f,13cf741f4db49c893bace663d7a1077b455c27e0636b7adcc86f1438a8024b1a,StaticMLP,"{""class"": ""StaticMLP"", ""linear_widths"": [1, 32, 32, 1], ""parameters"": 1153}",1153,final,0,cuda,driver-42-tau0.05-heat800-artifactnone;driver-123-tau0.05-heat800-artifactnone;driver-456-tau0.05-heat800-artifactnone;driver-7-tau0.05-heat800-artifactnone;driver-99-tau0.05-heat800-artifactnone,driver-999-tau0.05-heat800-artifactnone,driver-777-tau0.05-heat800-artifactnone;driver-888-tau0.05-heat800-artifactnone;driver-555-tau0.05-heat800-artifactnone,cuda
pikan,0.1,64,0.0017616765675064125,0.004934118389847031,False,checkpoints/synthetic_baseline_pikan_alpha0.1_seed0.pt,30c76d80e8a987f77650278eb15319202bef43ba18dde82ec486e269f64c5fd7,2a5e37868f6eae590f3ca582d19290aaebbd2eb1141ce71f63b4e3c8928850da,PIKAN,"{""chebyshev_degree"": 3, ""chebyshev_widths"": [1, 8, 1], ""class"": ""PIKAN"", ""parameters"": 64}",64,final,0,cuda,driver-42-tau0.05-heat800-artifactnone;driver-123-tau0.05-heat800-artifactnone;driver-456-tau0.05-heat800-artifactnone;driver-7-tau0.05-heat800-artifactnone;driver-99-tau0.05-heat800-artifactnone,driver-999-tau0.05-heat800-artifactnone,driver-777-tau0.05-heat800-artifactnone;driver-888-tau0.05-heat800-artifactnone;driver-555-tau0.05-heat800-artifactnone,cuda
sindy,0.1,4,0.001785517926766832,0.004934118389847179,False,checkpoints/synthetic_baseline_sindy_alpha0.1_seed0.pt,04f5d4b54d8da0a9fa8995d9725f75b4b71686afed514752e9938f5ad91c4e8f,04f5d4b54d8da0a9fa8995d9725f75b4b71686afed514752e9938f5ad91c4e8f,serialized_payload,,,final,0,cuda,driver-42-tau0.05-heat800-artifactnone;driver-123-tau0.05-heat800-artifactnone;driver-456-tau0.05-heat800-artifactnone;driver-7-tau0.05-heat800-artifactnone;driver-99-tau0.05-heat800-artifactnone,driver-999-tau0.05-heat800-artifactnone,driver-777-tau0.05-heat800-artifactnone;driver-888-tau0.05-heat800-artifactnone;driver-555-tau0.05-heat800-artifactnone,cuda
vanilla_lstm,0.1,361,0.1106944463147612,0.9643131560970993,True,checkpoints/synthetic_baseline_vanilla_lstm_alpha0.1_seed0.pt,ad6177229a452d0abd14c6d5ba6eb996be19a65e0df9198fb284f57458e777ac,2f00810698315c946f90da40d7e3edd2c9c4c7e16fbcfa33f9d0e47380f6b2ba,VanillaLSTM,"{""class"": ""VanillaLSTM"", ""hidden_size"": 8, ""input_size"": 1, ""num_layers"": 1, ""parameters"": 361}",361,final,0,cuda,driver-42-tau0.05-heat800-artifactnone;driver-123-tau0.05-heat800-artifactnone;driver-456-tau0.05-heat800-artifactnone;driver-7-tau0.05-heat800-artifactnone;driver-99-tau0.05-heat800-artifactnone,driver-999-tau0.05-heat800-artifactnone,driver-777-tau0.05-heat800-artifactnone;driver-888-tau0.05-heat800-artifactnone;driver-555-tau0.05-heat800-artifactnone,cuda
mlp,0.1,1153,0.0017855153459690656,0.00493411838984729,False,checkpoints/synthetic_baseline_mlp_alpha0.1_seed1.pt,ffc83d71d8da2825ff099cf752e4b790355609ad164883a218aafc52ca59ffa5,1c91abf8017de4d025997e23d558f80d910fbb7886be04bd627fd9454317567b,StaticMLP,"{""class"": ""StaticMLP"", ""linear_widths"": [1, 32, 32, 1], ""parameters"": 1153}",1153,final,1,cuda,driver-42-tau0.05-heat800-artifactnone;driver-123-tau0.05-heat800-artifactnone;driver-456-tau0.05-heat800-artifactnone;driver-7-tau0.05-heat800-artifactnone;driver-99-tau0.05-heat800-artifactnone,driver-999-tau0.05-heat800-artifactnone,driver-777-tau0.05-heat800-artifactnone;driver-888-tau0.05-heat800-artifactnone;driver-555-tau0.05-heat800-artifactnone,cuda
pikan,0.1,64,0.001785519018052382,0.00493411838984729,False,checkpoints/synthetic_baseline_pikan_alpha0.1_seed1.pt,b00a460dfedca3fdc651280182065ef1142d9860cdbb8067d6d64a2f7dc4634a,0f05fee79c53fc43159f19f7b5b6b743e7b7968b846afd904952d16da3607a3d,PIKAN,"{""chebyshev_degree"": 3, ""chebyshev_widths"": [1, 8, 1], ""class"": ""PIKAN"", ""parameters"": 64}",64,final,1,cuda,driver-42-tau0.05-heat800-artifactnone;driver-123-tau0.05-heat800-artifactnone;driver-456-tau0.05-heat800-artifactnone;driver-7-tau0.05-heat800-artifactnone;driver-99-tau0.05-heat800-artifactnone,driver-999-tau0.05-heat800-artifactnone,driver-777-tau0.05-heat800-artifactnone;driver-888-tau0.05-heat800-artifactnone;driver-555-tau0.05-heat800-artifactnone,cuda
sindy,0.1,4,0.001785517926766832,0.004934118389847179,False,checkpoints/synthetic_baseline_sindy_alpha0.1_seed1.pt,a4262905b9780ba0b67e976c5813febc211dbf8651df9f9d364328400ece4976,a4262905b9780ba0b67e976c5813febc211dbf8651df9f9d364328400ece4976,serialized_payload,,,final,1,cuda,driver-42-tau0.05-heat800-artifactnone;driver-123-tau0.05-heat800-artifactnone;driver-456-tau0.05-heat800-artifactnone;driver-7-tau0.05-heat800-artifactnone;driver-99-tau0.05-heat800-artifactnone,driver-999-tau0.05-heat800-artifactnone,driver-777-tau0.05-heat800-artifactnone;driver-888-tau0.05-heat800-artifactnone;driver-555-tau0.05-heat800-artifactnone,cuda
vanilla_lstm,0.1,361,0.10075393232716749,0.881807779341424,True,checkpoints/synthetic_baseline_vanilla_lstm_alpha0.1_seed1.pt,f11f4242ab809c6b4737c105bcc90294e0262d8b9fd7f2a6cfeac483c65e5056,c858af79f2b9c945f604f6fd43282c686e53d28ab3fd8bdce55f7fd0f41a5185,VanillaLSTM,"{""class"": ""VanillaLSTM"", ""hidden_size"": 8, ""input_size"": 1, ""num_layers"": 1, ""parameters"": 361}",361,final,1,cuda,driver-42-tau0.05-heat800-artifactnone;driver-123-tau0.05-heat800-artifactnone;driver-456-tau0.05-heat800-artifactnone;driver-7-tau0.05-heat800-artifactnone;driver-99-tau0.05-heat800-artifactnone,driver-999-tau0.05-heat800-artifactnone,driver-777-tau0.05-heat800-artifactnone;driver-888-tau0.05-heat800-artifactnone;driver-555-tau0.05-heat800-artifactnone,cuda
mlp,0.1,1153,0.0017855186315172955,0.004934118389847327,False,checkpoints/synthetic_baseline_mlp_alpha0.1_seed2.pt,cac54696f5abd9e1dc23e74c42d6a7eec4818ea80e38254e10569081618f87d4,8459e5ee42805c99e5479a18a8243e04b5ac33f02997d1730ac024bee45e5127,StaticMLP,"{""class"": ""StaticMLP"", ""linear_widths"": [1, 32, 32, 1], ""parameters"": 1153}",1153,final,2,cuda,driver-42-tau0.05-heat800-artifactnone;driver-123-tau0.05-heat800-artifactnone;driver-456-tau0.05-heat800-artifactnone;driver-7-tau0.05-heat800-artifactnone;driver-99-tau0.05-heat800-artifactnone,driver-999-tau0.05-heat800-artifactnone,driver-777-tau0.05-heat800-artifactnone;driver-888-tau0.05-heat800-artifactnone;driver-555-tau0.05-heat800-artifactnone,cuda
pikan,0.1,64,0.0017855180517146914,0.004934118389847401,False,checkpoints/synthetic_baseline_pikan_alpha0.1_seed2.pt,f0c59ac6c021370c922aa19f79b6c8ebd43429b327ebcbe70875c07013448548,ec406e9811d0501fe3f5266cb1017ac3226d643f7867244e4a2a7aed20510e3d,PIKAN,"{""chebyshev_degree"": 3, ""chebyshev_widths"": [1, 8, 1], ""class"": ""PIKAN"", ""parameters"": 64}",64,final,2,cuda,driver-42-tau0.05-heat800-artifactnone;driver-123-tau0.05-heat800-artifactnone;driver-456-tau0.05-heat800-artifactnone;driver-7-tau0.05-heat800-artifactnone;driver-99-tau0.05-heat800-artifactnone,driver-999-tau0.05-heat800-artifactnone,driver-777-tau0.05-heat800-artifactnone;driver-888-tau0.05-heat800-artifactnone;driver-555-tau0.05-heat800-artifactnone,cuda
sindy,0.1,4,0.001785517926766832,0.004934118389847179,False,checkpoints/synthetic_baseline_sindy_alpha0.1_seed2.pt,6cbf0add8ee725fe30a30c847abccf9e17ff01e0066b6b2f335ef16e98594a90,6cbf0add8ee725fe30a30c847abccf9e17ff01e0066b6b2f335ef16e98594a90,serialized_payload,,,final,2,cuda,driver-42-tau0.05-heat800-artifactnone;driver-123-tau0.05-heat800-artifactnone;driver-456-tau0.05-heat800-artifactnone;driver-7-tau0.05-heat800-artifactnone;driver-99-tau0.05-heat800-artifactnone,driver-999-tau0.05-heat800-artifactnone,driver-777-tau0.05-heat800-artifactnone;driver-888-tau0.05-heat800-artifactnone;driver-555-tau0.05-heat800-artifactnone,cuda
vanilla_lstm,0.1,361,0.10910949313184821,0.9594316652345855,True,checkpoints/synthetic_baseline_vanilla_lstm_alpha0.1_seed2.pt,75efc270c4c574a78ad98a1fa95ae0901c9e681797461d4d4a263607b30637df,4eb7df6a7cbaf34f1cd0826f60a165aadb9b98f36757f1ad66b5a9afc32c382c,VanillaLSTM,"{""class"": ""VanillaLSTM"", ""hidden_size"": 8, ""input_size"": 1, ""num_layers"": 1, ""parameters"": 361}",361,final,2,cuda,driver-42-tau0.05-heat800-artifactnone;driver-123-tau0.05-heat800-artifactnone;driver-456-tau0.05-heat800-artifactnone;driver-7-tau0.05-heat800-artifactnone;driver-99-tau0.05-heat800-artifactnone,driver-999-tau0.05-heat800-artifactnone,driver-777-tau0.05-heat800-artifactnone;driver-888-tau0.05-heat800-artifactnone;driver-555-tau0.05-heat800-artifactnone,cuda
mlp,0.15,1153,0.002678301042747454,0.00493411838984729,False,checkpoints/synthetic_baseline_mlp_alpha0.15_seed0.pt,0d868e6d784490735d901711b87b480e57250257cbdb01fafde38850f01803f9,2d6c2879bd8e155ed80ea8cec762fef76c110ba9c9e6aa10014811cca0efd6fc,StaticMLP,"{""class"": ""StaticMLP"", ""linear_widths"": [1, 32, 32, 1], ""parameters"": 1153}",1153,final,0,cuda,driver-42-tau0.05-heat800-artifactnone;driver-123-tau0.05-heat800-artifactnone;driver-456-tau0.05-heat800-artifactnone;driver-7-tau0.05-heat800-artifactnone;driver-99-tau0.05-heat800-artifactnone,driver-999-tau0.05-heat800-artifactnone,driver-777-tau0.05-heat800-artifactnone;driver-888-tau0.05-heat800-artifactnone;driver-555-tau0.05-heat800-artifactnone,cuda
pikan,0.15,64,0.002255913666077449,0.004934118389846994,False,checkpoints/synthetic_baseline_pikan_alpha0.15_seed0.pt,d9c2f4090342ab06d7d64a29b86ac0fb5f824c50231355ffcd5d7ee8f5a7159e,36f70257b3b0add23083ed8ac77a0ed22aaca4b7ad8df41ab00d4b923a5fd90a,PIKAN,"{""chebyshev_degree"": 3, ""chebyshev_widths"": [1, 8, 1], ""class"": ""PIKAN"", ""parameters"": 64}",64,final,0,cuda,driver-42-tau0.05-heat800-artifactnone;driver-123-tau0.05-heat800-artifactnone;driver-456-tau0.05-heat800-artifactnone;driver-7-tau0.05-heat800-artifactnone;driver-99-tau0.05-heat800-artifactnone,driver-999-tau0.05-heat800-artifactnone,driver-777-tau0.05-heat800-artifactnone;driver-888-tau0.05-heat800-artifactnone;driver-555-tau0.05-heat800-artifactnone,cuda
sindy,0.15,4,0.002678276882264541,0.004934118389847105,False,checkpoints/synthetic_baseline_sindy_alpha0.15_seed0.pt,35160193bc007337c4e2bd48c36bfe81080363aca00be02e0920326f8ab1d561,35160193bc007337c4e2bd48c36bfe81080363aca00be02e0920326f8ab1d561,serialized_payload,,,final,0,cuda,driver-42-tau0.05-heat800-artifactnone;driver-123-tau0.05-heat800-artifactnone;driver-456-tau0.05-heat800-artifactnone;driver-7-tau0.05-heat800-artifactnone;driver-99-tau0.05-heat800-artifactnone,driver-999-tau0.05-heat800-artifactnone,driver-777-tau0.05-heat800-artifactnone;driver-888-tau0.05-heat800-artifactnone;driver-555-tau0.05-heat800-artifactnone,cuda
vanilla_lstm,0.15,361,0.14719847913481998,0.882501705303209,True,checkpoints/synthetic_baseline_vanilla_lstm_alpha0.15_seed0.pt,1365ec4c92420ae6c37e65ce0ab9a853f3f5e4830d7d7f90398c1dd0205916fc,b370910bf90bc1fb07c33c2de2f74b4889c2adc0b5b1afdd616f0fe00f7c648c,VanillaLSTM,"{""class"": ""VanillaLSTM"", ""hidden_size"": 8, ""input_size"": 1, ""num_layers"": 1, ""parameters"": 361}",361,final,0,cuda,driver-42-tau0.05-heat800-artifactnone;driver-123-tau0.05-heat800-artifactnone;driver-456-tau0.05-heat800-artifactnone;driver-7-tau0.05-heat800-artifactnone;driver-99-tau0.05-heat800-artifactnone,driver-999-tau0.05-heat800-artifactnone,driver-777-tau0.05-heat800-artifactnone;driver-888-tau0.05-heat800-artifactnone;driver-555-tau0.05-heat800-artifactnone,cuda
mlp,0.15,1153,0.0026780082424185305,0.004934118389847068,False,checkpoints/synthetic_baseline_mlp_alpha0.15_seed1.pt,6e0e292cf0841a7f75243c45212db4dc85bf24c781b475b582f215a549b7d075,484f562f23e31b8850e48c507957824a809c8e88ed13dae5408044fa6e1da3f5,StaticMLP,"{""class"": ""StaticMLP"", ""linear_widths"": [1, 32, 32, 1], ""parameters"": 1153}",1153,final,1,cuda,driver-42-tau0.05-heat800-artifactnone;driver-123-tau0.05-heat800-artifactnone;driver-456-tau0.05-heat800-artifactnone;driver-7-tau0.05-heat800-artifactnone;driver-99-tau0.05-heat800-artifactnone,driver-999-tau0.05-heat800-artifactnone,driver-777-tau0.05-heat800-artifactnone;driver-888-tau0.05-heat800-artifactnone;driver-555-tau0.05-heat800-artifactnone,cuda
pikan,0.15,64,0.0026689238947877982,0.004934118389847068,False,checkpoints/synthetic_baseline_pikan_alpha0.15_seed1.pt,cd00272fdbb78f35c3a4cb8afd582302a31a7120e10e0344d9b027f1875d3d25,084f2616bc129ebe0aadf63dd96be217c4fe68a91ff475245f135df99ca87c91,PIKAN,"{""chebyshev_degree"": 3, ""chebyshev_widths"": [1, 8, 1], ""class"": ""PIKAN"", ""parameters"": 64}",64,final,1,cuda,driver-42-tau0.05-heat800-artifactnone;driver-123-tau0.05-heat800-artifactnone;driver-456-tau0.05-heat800-artifactnone;driver-7-tau0.05-heat800-artifactnone;driver-99-tau0.05-heat800-artifactnone,driver-999-tau0.05-heat800-artifactnone,driver-777-tau0.05-heat800-artifactnone;driver-888-tau0.05-heat800-artifactnone;driver-555-tau0.05-heat800-artifactnone,cuda
sindy,0.15,4,0.002678276882264541,0.004934118389847105,False,checkpoints/synthetic_baseline_sindy_alpha0.15_seed1.pt,6a3c1bdaa5274c67bb32fbede34604fd3a630c7adb01c1dec73043ae34b5fd1e,6a3c1bdaa5274c67bb32fbede34604fd3a630c7adb01c1dec73043ae34b5fd1e,serialized_payload,,,final,1,cuda,driver-42-tau0.05-heat800-artifactnone;driver-123-tau0.05-heat800-artifactnone;driver-456-tau0.05-heat800-artifactnone;driver-7-tau0.05-heat800-artifactnone;driver-99-tau0.05-heat800-artifactnone,driver-999-tau0.05-heat800-artifactnone,driver-777-tau0.05-heat800-artifactnone;driver-888-tau0.05-heat800-artifactnone;driver-555-tau0.05-heat800-artifactnone,cuda
vanilla_lstm,0.15,361,0.14348725525904205,0.8761294918421042,True,checkpoints/synthetic_baseline_vanilla_lstm_alpha0.15_seed1.pt,b8c890509b4c0b28d9f8d173ebcfdffc1125f43017afb3f56168a93210c06405,38482b810596c2a65b2ab03b2cfc14a5889eb3c9f4cd265bd36d73b38da58fc0,VanillaLSTM,"{""class"": ""VanillaLSTM"", ""hidden_size"": 8, ""input_size"": 1, ""num_layers"": 1, ""parameters"": 361}",361,final,1,cuda,driver-42-tau0.05-heat800-artifactnone;driver-123-tau0.05-heat800-artifactnone;driver-456-tau0.05-heat800-artifactnone;driver-7-tau0.05-heat800-artifactnone;driver-99-tau0.05-heat800-artifactnone,driver-999-tau0.05-heat800-artifactnone,driver-777-tau0.05-heat800-artifactnone;driver-888-tau0.05-heat800-artifactnone;driver-555-tau0.05-heat800-artifactnone,cuda
mlp,0.15,1153,0.002678291959172877,0.004934118389847105,False,checkpoints/synthetic_baseline_mlp_alpha0.15_seed2.pt,fef74221a3ffa7d9e9ad7a10ed0b589653e76f0d71aaa94c84a95736baaeeb36,82ffeee10d12cb3b21b49c2a9023e322100b299dd7ff4e10880639f52fe55817,StaticMLP,"{""class"": ""StaticMLP"", ""linear_widths"": [1, 32, 32, 1], ""parameters"": 1153}",1153,final,2,cuda,driver-42-tau0.05-heat800-artifactnone;driver-123-tau0.05-heat800-artifactnone;driver-456-tau0.05-heat800-artifactnone;driver-7-tau0.05-heat800-artifactnone;driver-99-tau0.05-heat800-artifactnone,driver-999-tau0.05-heat800-artifactnone,driver-777-tau0.05-heat800-artifactnone;driver-888-tau0.05-heat800-artifactnone;driver-555-tau0.05-heat800-artifactnone,cuda
pikan,0.15,64,0.0026764286667827074,0.004934118389847438,False,checkpoints/synthetic_baseline_pikan_alpha0.15_seed2.pt,db48cee684385a3335e6de4004ca3072cc61d69f41b1360fd1be2797de3dfd96,88e72b1fc8d128bcfa051780346ab722392ebe9e047edc9aa9f33114c37f2359,PIKAN,"{""chebyshev_degree"": 3, ""chebyshev_widths"": [1, 8, 1], ""class"": ""PIKAN"", ""parameters"": 64}",64,final,2,cuda,driver-42-tau0.05-heat800-artifactnone;driver-123-tau0.05-heat800-artifactnone;driver-456-tau0.05-heat800-artifactnone;driver-7-tau0.05-heat800-artifactnone;driver-99-tau0.05-heat800-artifactnone,driver-999-tau0.05-heat800-artifactnone,driver-777-tau0.05-heat800-artifactnone;driver-888-tau0.05-heat800-artifactnone;driver-555-tau0.05-heat800-artifactnone,cuda
sindy,0.15,4,0.002678276882264541,0.004934118389847105,False,checkpoints/synthetic_baseline_sindy_alpha0.15_seed2.pt,dd40340de3f55e31968b9c2f719d619736c150354f0d5ad68e7cd645e7cf7566,dd40340de3f55e31968b9c2f719d619736c150354f0d5ad68e7cd645e7cf7566,serialized_payload,,,final,2,cuda,driver-42-tau0.05-heat800-artifactnone;driver-123-tau0.05-heat800-artifactnone;driver-456-tau0.05-heat800-artifactnone;driver-7-tau0.05-heat800-artifactnone;driver-99-tau0.05-heat800-artifactnone,driver-999-tau0.05-heat800-artifactnone,driver-777-tau0.05-heat800-artifactnone;driver-888-tau0.05-heat800-artifactnone;driver-555-tau0.05-heat800-artifactnone,cuda
vanilla_lstm,0.15,361,0.16300208861346743,0.9437789231617115,True,checkpoints/synthetic_baseline_vanilla_lstm_alpha0.15_seed2.pt,339ac31d2e203ee2c97b72f4734d40f19cbac6151f005c53e40bbe56960d2df4,7cbd92ba3b169e9a2b0e72d37f97f1acb3f3ead43196f68eb52c48d7c8d6c594,VanillaLSTM,"{""class"": ""VanillaLSTM"", ""hidden_size"": 8, ""input_size"": 1, ""num_layers"": 1, ""parameters"": 361}",361,final,2,cuda,driver-42-tau0.05-heat800-artifactnone;driver-123-tau0.05-heat800-artifactnone;driver-456-tau0.05-heat800-artifactnone;driver-7-tau0.05-heat800-artifactnone;driver-99-tau0.05-heat800-artifactnone,driver-999-tau0.05-heat800-artifactnone,driver-777-tau0.05-heat800-artifactnone;driver-888-tau0.05-heat800-artifactnone;driver-555-tau0.05-heat800-artifactnone,cuda
mlp,0.2,1153,0.0035619386136056443,0.004934118389847142,False,checkpoints/synthetic_baseline_mlp_alpha0.2_seed0.pt,6f40482a85db79e6a588459267a6de0726db7eb560d26392f1c27b2a9cdcec87,5a627b5b2fdd1ed991fb3fcce46d966c40e1a77f43dbb6f51e1c2294b38ddf3c,StaticMLP,"{""class"": ""StaticMLP"", ""linear_widths"": [1, 32, 32, 1], ""parameters"": 1153}",1153,final,0,cuda,driver-42-tau0.05-heat800-artifactnone;driver-123-tau0.05-heat800-artifactnone;driver-456-tau0.05-heat800-artifactnone;driver-7-tau0.05-heat800-artifactnone;driver-99-tau0.05-heat800-artifactnone,driver-999-tau0.05-heat800-artifactnone,driver-777-tau0.05-heat800-artifactnone;driver-888-tau0.05-heat800-artifactnone;driver-555-tau0.05-heat800-artifactnone,cuda
pikan,0.2,64,0.0023291858371010904,0.004934118389847327,False,checkpoints/synthetic_baseline_pikan_alpha0.2_seed0.pt,977fa3d7399f13648339fe083b95008dedb24854cd08c929f912bc93ca846653,ecdc108f165b58643e888e9c8151cfeb9701e040edc93d4fb1ae213504005045,PIKAN,"{""chebyshev_degree"": 3, ""chebyshev_widths"": [1, 8, 1], ""class"": ""PIKAN"", ""parameters"": 64}",64,final,0,cuda,driver-42-tau0.05-heat800-artifactnone;driver-123-tau0.05-heat800-artifactnone;driver-456-tau0.05-heat800-artifactnone;driver-7-tau0.05-heat800-artifactnone;driver-99-tau0.05-heat800-artifactnone,driver-999-tau0.05-heat800-artifactnone,driver-777-tau0.05-heat800-artifactnone;driver-888-tau0.05-heat800-artifactnone;driver-555-tau0.05-heat800-artifactnone,cuda
sindy,0.2,4,0.003571035853533664,0.004934118389847179,False,checkpoints/synthetic_baseline_sindy_alpha0.2_seed0.pt,741945f88fbe317fa3a883f9420db48ba357ccbe53711e7f686490e38df7f74d,741945f88fbe317fa3a883f9420db48ba357ccbe53711e7f686490e38df7f74d,serialized_payload,,,final,0,cuda,driver-42-tau0.05-heat800-artifactnone;driver-123-tau0.05-heat800-artifactnone;driver-456-tau0.05-heat800-artifactnone;driver-7-tau0.05-heat800-artifactnone;driver-99-tau0.05-heat800-artifactnone,driver-999-tau0.05-heat800-artifactnone,driver-777-tau0.05-heat800-artifactnone;driver-888-tau0.05-heat800-artifactnone;driver-555-tau0.05-heat800-artifactnone,cuda
vanilla_lstm,0.2,361,0.023623081518182067,0.1442618695047105,False,checkpoints/synthetic_baseline_vanilla_lstm_alpha0.2_seed0.pt,1e63224773b9167f4c33fac64cf01e2b85187706fcf0947ada0fba5d7f53410c,36853034aeef0fe1d9d0c9b6c34185fda2438e6d3978c7e7103ca08c7b03431a,VanillaLSTM,"{""class"": ""VanillaLSTM"", ""hidden_size"": 8, ""input_size"": 1, ""num_layers"": 1, ""parameters"": 361}",361,final,0,cuda,driver-42-tau0.05-heat800-artifactnone;driver-123-tau0.05-heat800-artifactnone;driver-456-tau0.05-heat800-artifactnone;driver-7-tau0.05-heat800-artifactnone;driver-99-tau0.05-heat800-artifactnone,driver-999-tau0.05-heat800-artifactnone,driver-777-tau0.05-heat800-artifactnone;driver-888-tau0.05-heat800-artifactnone;driver-555-tau0.05-heat800-artifactnone,cuda
mlp,0.2,1153,0.0035401925361076953,0.004934118389847031,False,checkpoints/synthetic_baseline_mlp_alpha0.2_seed1.pt,c94cd680409eaa5dc6afdef127afcac7f5c1e4187d3065ea1be7bbd82e065dc1,e5a226917bcbc4a715358284de1c08e153cc97950ddd9c7e0a095ba242b73003,StaticMLP,"{""class"": ""StaticMLP"", ""linear_widths"": [1, 32, 32, 1], ""parameters"": 1153}",1153,final,1,cuda,driver-42-tau0.05-heat800-artifactnone;driver-123-tau0.05-heat800-artifactnone;driver-456-tau0.05-heat800-artifactnone;driver-7-tau0.05-heat800-artifactnone;driver-99-tau0.05-heat800-artifactnone,driver-999-tau0.05-heat800-artifactnone,driver-777-tau0.05-heat800-artifactnone;driver-888-tau0.05-heat800-artifactnone;driver-555-tau0.05-heat800-artifactnone,cuda
pikan,0.2,64,0.003199309174956245,0.004934118389847031,False,checkpoints/synthetic_baseline_pikan_alpha0.2_seed1.pt,054eb93a8b018af3f22d322f498b21a18566010c627ed9434857750638a5c99b,5558f3bc786c8a0b959015e14e9fd0104790d36da2bb1c59994b99f4390eef07,PIKAN,"{""chebyshev_degree"": 3, ""chebyshev_widths"": [1, 8, 1], ""class"": ""PIKAN"", ""parameters"": 64}",64,final,1,cuda,driver-42-tau0.05-heat800-artifactnone;driver-123-tau0.05-heat800-artifactnone;driver-456-tau0.05-heat800-artifactnone;driver-7-tau0.05-heat800-artifactnone;driver-99-tau0.05-heat800-artifactnone,driver-999-tau0.05-heat800-artifactnone,driver-777-tau0.05-heat800-artifactnone;driver-888-tau0.05-heat800-artifactnone;driver-555-tau0.05-heat800-artifactnone,cuda
sindy,0.2,4,0.003571035853533664,0.004934118389847179,False,checkpoints/synthetic_baseline_sindy_alpha0.2_seed1.pt,a7d3e71b6c608a76d7600c45c6b926fea7b020bfe282491fa05acc26f52da122,a7d3e71b6c608a76d7600c45c6b926fea7b020bfe282491fa05acc26f52da122,serialized_payload,,,final,1,cuda,driver-42-tau0.05-heat800-artifactnone;driver-123-tau0.05-heat800-artifactnone;driver-456-tau0.05-heat800-artifactnone;driver-7-tau0.05-heat800-artifactnone;driver-99-tau0.05-heat800-artifactnone,driver-999-tau0.05-heat800-artifactnone,driver-777-tau0.05-heat800-artifactnone;driver-888-tau0.05-heat800-artifactnone;driver-555-tau0.05-heat800-artifactnone,cuda
vanilla_lstm,0.2,361,0.17046659319329738,0.8562379777503377,True,checkpoints/synthetic_baseline_vanilla_lstm_alpha0.2_seed1.pt,1aa8c8f6c8b0dc8d2ca8f4b017788fe46b0eeac575295cf98f596aa9f348e766,3cd8b91aae119d4a7798496c843838099af8234fc5e4b8daf59cb14e579a7248,VanillaLSTM,"{""class"": ""VanillaLSTM"", ""hidden_size"": 8, ""input_size"": 1, ""num_layers"": 1, ""parameters"": 361}",361,final,1,cuda,driver-42-tau0.05-heat800-artifactnone;driver-123-tau0.05-heat800-artifactnone;driver-456-tau0.05-heat800-artifactnone;driver-7-tau0.05-heat800-artifactnone;driver-99-tau0.05-heat800-artifactnone,driver-999-tau0.05-heat800-artifactnone,driver-777-tau0.05-heat800-artifactnone;driver-888-tau0.05-heat800-artifactnone;driver-555-tau0.05-heat800-artifactnone,cuda
mlp,0.2,1153,0.00355802339970251,0.004934118389847216,False,checkpoints/synthetic_baseline_mlp_alpha0.2_seed2.pt,6340bcce91d075f4d9ff3640b0cf3090e9b356a9468d9d9ba88c632b94a0bc36,276949569b3f0f1e2c66347242160f9b6ce71cf2dcd2947853a9c376fca66b5d,StaticMLP,"{""class"": ""StaticMLP"", ""linear_widths"": [1, 32, 32, 1], ""parameters"": 1153}",1153,final,2,cuda,driver-42-tau0.05-heat800-artifactnone;driver-123-tau0.05-heat800-artifactnone;driver-456-tau0.05-heat800-artifactnone;driver-7-tau0.05-heat800-artifactnone;driver-99-tau0.05-heat800-artifactnone,driver-999-tau0.05-heat800-artifactnone,driver-777-tau0.05-heat800-artifactnone;driver-888-tau0.05-heat800-artifactnone;driver-555-tau0.05-heat800-artifactnone,cuda
pikan,0.2,64,0.0034636806212466364,0.004934118389847179,False,checkpoints/synthetic_baseline_pikan_alpha0.2_seed2.pt,2bdd1f93fbad406d5e3db6bdd01fe78ccf9c9600a0d4d1dc7f05fcf0181b6661,a4c550129ed92653e4d099a20c50231ca5ce53d92fcc48ee119bc9bff54484f9,PIKAN,"{""chebyshev_degree"": 3, ""chebyshev_widths"": [1, 8, 1], ""class"": ""PIKAN"", ""parameters"": 64}",64,final,2,cuda,driver-42-tau0.05-heat800-artifactnone;driver-123-tau0.05-heat800-artifactnone;driver-456-tau0.05-heat800-artifactnone;driver-7-tau0.05-heat800-artifactnone;driver-99-tau0.05-heat800-artifactnone,driver-999-tau0.05-heat800-artifactnone,driver-777-tau0.05-heat800-artifactnone;driver-888-tau0.05-heat800-artifactnone;driver-555-tau0.05-heat800-artifactnone,cuda
sindy,0.2,4,0.003571035853533664,0.004934118389847179,False,checkpoints/synthetic_baseline_sindy_alpha0.2_seed2.pt,08c882b390bde09c82a0c2cd550c82fcc0a118b5d7867974ced3586ac3b13ed8,08c882b390bde09c82a0c2cd550c82fcc0a118b5d7867974ced3586ac3b13ed8,serialized_payload,,,final,2,cuda,driver-42-tau0.05-heat800-artifactnone;driver-123-tau0.05-heat800-artifactnone;driver-456-tau0.05-heat800-artifactnone;driver-7-tau0.05-heat800-artifactnone;driver-99-tau0.05-heat800-artifactnone,driver-999-tau0.05-heat800-artifactnone,driver-777-tau0.05-heat800-artifactnone;driver-888-tau0.05-heat800-artifactnone;driver-555-tau0.05-heat800-artifactnone,cuda
vanilla_lstm,0.2,361,0.18997107368563626,0.8779650471715366,True,checkpoints/synthetic_baseline_vanilla_lstm_alpha0.2_seed2.pt,084f0f6cf2cf3a926791fa6f718d5a43e54fb27c9e45ff4a4e543f67913f0dcc,f28f451221eb6c140092318d7b226fbd9a7f0cecb014b05b00045619e5815a1b,VanillaLSTM,"{""class"": ""VanillaLSTM"", ""hidden_size"": 8, ""input_size"": 1, ""num_layers"": 1, ""parameters"": 361}",361,final,2,cuda,driver-42-tau0.05-heat800-artifactnone;driver-123-tau0.05-heat800-artifactnone;driver-456-tau0.05-heat800-artifactnone;driver-7-tau0.05-heat800-artifactnone;driver-99-tau0.05-heat800-artifactnone,driver-999-tau0.05-heat800-artifactnone,driver-777-tau0.05-heat800-artifactnone;driver-888-tau0.05-heat800-artifactnone;driver-555-tau0.05-heat800-artifactnone,cuda
